LIMIT_BAL,AGE,EDUCATION,MARRIAGE,PAY_0,PAY_2,PAY_3,PAY_4,PAY_5,PAY_6,BILL_AMT1,BILL_AMT2,BILL_AMT3,BILL_AMT4,BILL_AMT5,BILL_AMT6,PAY_AMT1,PAY_AMT2,PAY_AMT3,PAY_AMT4,PAY_AMT5,PAY_AMT6,DEFAULT
30321,25,1,1,0,0,0,0,0,-1,2878,10746,3858,26866,21162,11267,1281,0,1140,8765,496,4886,0
30235,62,2,1,1,-1,0,0,1,-1,15025,17409,12942,20897,11007,13390,9152,2079,407,6318,6278,0,0
75142,56,2,1,-1,0,0,0,0,0,15376,31016,49510,52398,23291,21065,3264,6234,28086,20427,3371,625,0
67332,44,1,2,0,0,2,0,0,-1,47806,5442,8702,27498,25908,39174,8585,4275,3140,7980,296,2766,0
46850,44,1,2,-1,-1,0,0,0,0,28622,9118,15249,23228,8474,20180,4040,1247,3594,0,1393,0,0
23802,67,2,1,0,0,-1,-1,-1,-1,15479,7181,8633,6262,8115,10010,0,0,82,3924,2485,532,0
21794,25,2,1,-1,0,0,0,-1,-1,5952,12340,15647,10135,14288,10434,1431,576,1599,1467,1477,6415,0
44116,58,2,2,0,-1,0,0,0,0,8903,16366,14137,519,13605,22340,1257,5467,4188,0,11628,0,0
247867,31,2,1,0,-1,-1,0,0,-1,14751,96090,131026,168040,232198,57127,2602,0,27636,71267,29170,2146,0
77082,26,2,1,0,0,-1,6,3,0,46634,21762,11997,24471,25298,27014,12718,8729,2174,10352,7499,7772,1
23627,49,1,1,-1,0,0,0,0,0,6642,13076,15227,1999,8020,8989,2738,2502,8431,66,2995,3807,0
86316,73,2,1,-1,0,0,0,0,-1,33881,10884,40916,59674,17365,64032,10571,0,1941,0,5615,26160,0
37397,60,1,2,0,-1,0,-1,0,-1,14184,7850,16166,6314,6863,11926,5134,925,2787,513,4334,3135,0
48830,62,2,2,0,0,0,0,0,0,21232,13274,39536,18417,35680,14754,0,6217,0,1601,0,8764,0
42846,59,1,1,0,-1,0,-1,-1,-1,24593,12048,11847,9751,12061,14916,11272,6126,2121,6347,7743,1623,0
346166,63,1,2,-1,-1,-1,0,-1,-1,53989,165410,23684,248655,203877,217713,18531,60147,13987,106504,146327,154731,0
19785,48,2,1,-1,0,0,0,0,1,7256,13058,14994,2030,3615,6625,4089,4918,2078,238,0,1462,0
62999,27,2,2,0,-1,0,-1,0,-1,21045,6937,25917,23206,40168,31471,7295,0,3057,3394,21512,8084,0
28331,66,2,1,-1,0,0,0,-1,-1,11585,14456,6741,7038,20718,17875,5810,4912,2347,1077,2735,4528,0
88526,45,2,1,5,6,-1,-1,0,-1,59649,4730,8337,42704,72611,35112,11165,0,4232,16179,0,22757,0
43394,48,3,2,-1,0,-1,-1,3,0,30087,33380,20454,3297,23643,34186,0,7894,6563,861,762,10481,0
93616,41,3,2,0,4,2,0,1,1,68276,11288,20150,43464,21364,35275,19273,384,7286,23045,0,21254,0
60950,30,3,2,-1,-1,-1,6,4,-1,21971,47544,49742,24212,43331,30813,11927,9067,31708,5516,22652,10408,0
28146,71,2,2,-1,0,-1,0,-1,0,6625,4498,8223,11284,7812,6055,1014,1725,4579,2685,2677,383,0
505327,63,2,2,-1,0,0,0,-1,-1,59490,350977,207105,155529,62229,188622,13443,0,65612,0,36061,87969,0
76446,55,2,2,1,0,-1,0,0,0,34961,36738,32572,32552,28780,45570,0,16910,16336,4521,0,13547,0
31554,42,2,1,0,-1,-1,-1,4,0,8666,17196,21623,17328,11011,13932,691,1826,1766,1814,3485,956,0
80894,65,1,2,0,0,0,0,-1,0,41005,49964,15145,49942,33765,33206,2106,9679,5101,20497,0,3212,0
81199,50,2,2,0,-1,0,0,0,0,31656,44997,23483,57863,29814,62194,14580,2188,0,0,0,22968,0
110272,44,1,2,-1,-1,-1,0,-1,-1,34475,51821,47298,48124,22757,4491,2262,5176,18538,11722,13410,1448,0
102057,45,1,2,0,0,4,-1,-1,-1,67998,20679,55233,63107,51034,75374,0,16391,33310,7260,21234,11621,0
74347,33,3,2,5,2,-1,-1,0,5,8337,28668,49788,46050,21322,37358,1128,3755,15556,7800,8250,10255,1
137449,25,1,1,-1,-1,0,-1,-1,0,33907,54362,75809,43811,14768,29850,2249,5139,8727,0,2664,2992,0
24883,50,2,1,-1,-1,0,0,-1,0,18326,15481,921,10916,1886,4194,1131,11669,226,2711,690,231,0
264724,68,2,2,3,0,0,-1,0,-1,89140,165504,95537,113182,140241,102662,4835,19569,10640,27251,2322,0,0
331566,24,1,1,0,0,-1,-1,-1,-1,142921,104953,143461,139495,119394,159738,46195,40953,48261,5682,49862,44793,0
65127,67,3,2,-1,0,0,-1,-1,2,4532,38949,6437,31462,17495,22624,1084,9352,1835,7869,2477,4754,0
70786,65,1,1,0,0,-1,1,4,4,31387,51398,15862,44473,27068,6548,0,8151,1622,12663,410,0,0
35883,35,3,1,0,0,2,6,-1,0,6614,8537,15402,9755,19545,13324,2348,2312,1779,5062,1119,3972,0
37834,55,2,2,0,-1,0,0,-1,-1,20321,19719,3372,11805,8486,2192,2913,0,0,0,2951,0,0
58745,29,1,1,0,0,0,0,0,0,23406,9780,20162,23145,16212,33128,1438,1086,6262,5460,1947,13558,0
11932,61,1,2,5,-1,0,0,-1,5,3811,6021,8070,6032,10616,4243,536,0,1693,3133,0,1483,1
233440,58,1,1,-1,0,0,0,-1,-1,12355,77572,140368,87129,124642,163672,0,12206,16439,15571,30158,17238,0
125738,40,2,2,2,4,0,-1,-1,-1,9427,61931,19314,16767,48885,80348,901,22293,5837,1439,12361,48755,1
17946,24,1,2,-1,0,-1,0,-1,-1,12805,6077,4495,7839,14836,6999,1710,1791,0,3223,0,3096,0
69934,73,4,2,0,2,1,0,-1,-1,51710,13515,57713,26452,38601,18175,15915,351,2749,4305,18110,4020,0
68206,45,1,1,0,0,-1,-1,-1,-1,6928,37859,33225,40531,21800,20657,1928,3109,1351,8025,585,1064,0
29263,69,3,1,0,5,-1,6,4,1,17859,5066,4664,14900,10629,11226,3872,0,1013,3387,6792,3993,1
101797,57,1,2,0,-1,-1,0,-1,1,36464,91741,43477,76684,47096,7131,2405,16301,13704,18735,20856,0,0
10000,63,4,2,-1,-1,6,-1,0,-1,1618,3342,2867,5280,0,3740,713,352,435,1815,0,645,0
68014,62,1,2,5,3,-1,0,0,0,28758,5834,10544,50783,17773,35823,9062,1528,3704,29437,4453,0,0
52239,31,2,2,-1,0,0,0,0,0,17294,22515,9584,24076,39961,28125,6933,10996,6777,8058,21160,1818,0
52279,40,2,2,-1,0,0,-1,0,-1,5753,19324,12087,15786,14143,7948,0,5714,1927,7101,513,1798,0
22982,46,1,2,-1,-1,0,-1,2,0,9178,19601,6080,8656,14264,11273,697,7261,0,0,1657,777,0
70089,47,2,2,-1,0,0,3,4,5,2019,10113,30032,17195,58009,15786,53,2442,0,4860,14046,2293,0
160223,23,1,2,-1,0,-1,0,0,-1,70915,16781,117396,64677,107849,14056,13998,368,45098,49752,0,0,0
67905,50,2,2,-1,6,-1,-1,-1,-1,35478,48656,14147,32681,23075,16646,22917,3117,5298,0,2356,8617,0
40808,29,2,2,0,0,0,0,0,-1,18042,8066,30875,22058,7333,18329,2802,725,12858,3579,3466,2023,0
421355,61,2,2,-1,0,-1,0,0,-1,90382,143096,82035,102723,48226,280698,35610,38236,22784,24611,13982,80214,0
32755,57,1,1,-1,2,0,-1,5,0,27376,28027,14450,11783,13524,15251,8590,330,10293,3820,3479,3123,1
127418,70,1,1,0,-1,0,0,-1,0,44386,82952,84405,53706,91358,77588,1914,15223,41467,0,23050,16252,0
83373,61,1,2,-1,0,-1,0,0,-1,36729,20027,17736,10945,19988,35143,7253,2673,4079,2335,11184,15380,0
343287,40,1,2,0,0,-1,-1,-1,0,224719,235669,60289,120445,97030,116025,26039,16677,19854,36513,18227,36526,0
93514,73,1,1,0,0,-1,0,0,0,15639,35838,53415,35462,31416,45620,3116,11769,20886,23314,10369,7418,0
55506,43,3,2,3,0,2,3,-1,0,11831,27985,38530,27281,20470,11432,2572,0,8223,622,7779,4942,1
73465,38,2,2,-1,-1,-1,2,-1,-1,10790,62221,16652,31166,35741,48941,2275,54214,2125,6585,2427,28672,0
21022,69,2,2,-1,0,-1,0,-1,-1,10868,6375,3200,7426,20806,4934,7624,1911,1333,6215,0,1264,0
24462,41,2,2,0,0,0,-1,-1,0,6541,15274,6408,19599,5748,6849,850,2369,350,13116,1226,2502,0
55046,25,1,1,0,0,0,0,0,0,1835,33167,19034,19141,31086,17849,252,0,1663,8639,7798,7095,0
105440,46,2,2,0,0,-1,-1,0,0,45897,25028,46687,38767,39332,26453,12842,3670,0,0,7185,0,0
82697,63,1,1,-1,0,-1,-1,0,0,41419,35405,43300,62779,40341,37873,0,4240,22194,7349,18996,15332,0
58167,31,1,2,-1,2,0,-1,-1,-1,32184,14693,28749,37944,41493,22641,8924,11073,0,0,7286,7697,0
146937,45,2,1,0,-1,0,-1,0,2,48160,58691,98963,4152,28705,38545,9665,25779,10175,1165,16476,5279,0
10037,28,2,2,-1,-1,0,-1,0,0,5344,2402,5089,4985,10037,4820,1506,296,1814,493,4823,349,0
12169,58,4,2,1,0,3,5,0,-1,2964,6428,992,2276,291,3818,888,1876,0,660,107,1910,1
10000,46,1,2,0,-1,0,0,0,0,2202,4082,5423,1150,0,1491,217,0,238,198,0,70,0
128881,38,2,2,-1,0,0,0,-1,-1,42407,62019,9030,68525,41653,58280,3879,8818,990,19586,20452,0,0
63518,33,1,2,-1,0,-1,-1,0,-1,37380,34170,36983,11317,16362,11518,10156,15537,1164,4288,1390,6231,0
148673,51,1,2,-1,0,0,-1,0,0,91734,51197,32680,85379,21896,51470,42376,21485,10200,38384,8175,0,0
44917,57,2,1,-1,-1,-1,0,-1,0,22478,2968,15906,4789,24528,15719,13809,573,6060,909,5604,4389,0
155596,71,1,1,-1,-1,-1,0,0,-1,54317,129143,40202,20278,105348,137043,13994,35484,4406,1327,16287,10440,0
44293,44,2,2,0,0,0,-1,-1,-1,13406,7450,26771,14125,4776,29014,610,1832,7224,0,767,7006,0
68045,29,2,1,-1,-1,0,0,0,0,7631,16514,15271,50297,23779,26288,3552,8426,5900,28244,4783,4797,0
84734,65,1,2,-1,0,-1,-1,-1,-1,52558,10742,13857,52294,23368,50881,32400,1588,2743,0,3192,17452,0
44958,55,3,1,-1,6,0,-1,0,-1,20596,15531,32933,17817,22895,25444,6690,0,0,11703,15798,5305,0
188676,58,2,2,-1,0,0,3,0,0,45440,119973,29924,34762,86637,54788,1705,36219,0,5469,25757,4943,1
13365,26,2,1,0,0,0,1,0,-1,5667,4075,8247,8735,5034,2920,1232,1270,0,4805,2497,541,0
46411,37,2,2,0,0,0,-1,-1,0,24332,7818,23119,12417,16011,12234,6713,1895,3251,3623,1076,5305,0
40203,62,3,1,-1,0,0,0,-1,1,24386,0,25447,15228,6928,14527,6585,0,1265,315,5040,5066,0
71332,65,1,2,0,-1,-1,2,3,3,52139,23513,18229,41523,13734,48828,15399,12211,6902,17132,0,2002,0
35656,44,2,1,3,0,-1,0,0,0,18089,18340,10159,21522,11151,4724,6534,680,0,3268,190,726,0
31959,64,2,2,0,6,0,2,4,0,18708,15102,18057,17361,17085,8432,6776,2327,0,822,5834,5111,1
233394,66,1,1,-1,0,-1,-1,0,-1,64590,166728,53517,135010,110780,53551,0,21926,0,5873,25001,28819,0
46324,41,2,2,-1,-1,0,0,-1,0,25557,23829,24341,24317,9552,7420,0,1657,4587,1121,2919,374,0
241272,69,4,2,-1,5,-1,0,-1,0,27222,93936,48644,111967,40445,139575,7916,0,8269,30279,0,54418,0
74803,36,2,2,4,1,-1,3,0,-1,13317,28451,23121,18051,16391,33262,0,4200,3487,5262,1448,7562,1
38881,33,2,2,-1,-1,-1,-1,-1,6,25757,14235,13053,4708,16683,16146,3648,0,4238,2524,0,10721,0
76278,57,2,2,3,6,2,6,1,0,27752,49234,27235,29776,27829,34730,12837,27031,5749,2953,19400,6619,1
37439,55,3,2,0,0,0,0,-1,-1,10134,24939,23046,954,27501,25292,6110,8031,7530,0,10733,2772,0
100400,28,3,1,3,4,-1,-1,-1,-1,33548,15812,12924,46383,46195,16635,9608,0,6922,9952,0,2863,1
19260,65,2,2,-1,0,0,0,-1,1,7113,14365,2928,8244,0,13562,862,4139,367,0,0,0,0
16244,31,1,1,2,-1,0,0,0,-1,6389,5873,3063,12118,7422,4372,392,825,1038,5902,2078,0,1
91606,64,1,2,0,-1,0,0,-1,-1,60204,74799,49822,30376,50053,39802,17969,2356,5141,11901,26688,7154,0
95660,21,2,1,-1,-1,-1,-1,0,-1,50934,31060,61397,3078,49601,41839,16382,8221,13161,160,6259,13308,0
43133,64,3,1,-1,0,-1,0,1,2,1804,9655,13120,17873,11025,14055,0,2616,677,2390,2433,4649,1
83950,63,2,2,-1,0,-1,0,0,0,35815,19700,78280,22928,32783,43517,15523,0,1442,0,6307,13035,0
104487,63,1,2,0,-1,0,0,0,-1,35082,56329,61219,66190,27441,41736,17792,26080,20128,19119,1745,0,0
20997,56,1,1,0,-1,0,5,0,-1,7706,3583,9550,8037,3992,7831,1386,2434,619,1848,875,526,0
61389,46,2,2,0,0,0,1,-1,0,47093,30826,6861,14573,14758,37701,6573,15412,2134,2902,821,12773,0
98395,59,3,2,0,2,1,0,0,2,57536,43058,59968,30423,53009,25967,0,16221,24703,0,1981,3852,0
78738,35,1,1,0,-1,0,0,0,3,45687,39762,40118,13357,7865,23472,2938,4678,8107,0,3218,9378,1
17189,63,2,1,-1,0,0,-1,-1,-1,4903,2739,6568,4019,5683,5058,2606,1237,0,1913,504,1409,0
37530,51,2,3,0,0,0,-1,-1,0,32496,22536,19445,6997,9246,21220,0,3689,3066,315,2724,4067,0
53569,45,3,2,-1,5,4,2,0,-1,16189,21328,23406,26556,25285,1567,7013,5451,13705,1110,3663,648,0
288651,48,1,1,0,6,-1,0,-1,0,5116,168278,120661,187203,18064,26473,2055,59484,26890,0,4140,10492,0
10000,51,3,2,-1,-1,0,1,-1,5,3767,2594,4747,5086,6811,4820,81,651,0,2614,3205,0,0
65446,23,2,1,0,-1,-1,0,-1,-1,34269,24153,51033,24970,37372,37303,20906,7600,6355,4044,20208,18168,0
23254,28,2,2,0,0,-1,-1,-1,6,12684,2831,3306,9660,1923,8723,792,0,613,1145,745,5739,0
103017,34,1,1,0,-1,0,5,-1,-1,76268,13330,14675,71939,10732,67282,3630,4543,1265,14896,2066,8605,1
78453,27,2,1,0,-1,0,5,0,-1,20892,25785,37364,21885,14407,43707,13440,579,6659,10353,449,14920,0
40679,44,2,1,0,-1,-1,-1,-1,-1,14747,19898,12246,11704,1130,36251,4784,14971,4941,3530,187,1032,0
113749,57,1,2,4,0,-1,0,0,-1,18729,9043,39118,60708,54513,73384,3212,2668,12726,3220,13208,0,0
122017,56,2,1,-1,-1,0,-1,4,4,56824,30925,16484,80399,39646,26469,10248,1772,8202,17313,1035,4754,0
42973,46,2,2,0,-1,-1,-1,0,-1,33709,16974,13116,22007,17933,21722,24854,4372,1767,1943,7006,0,0
16819,67,2,2,5,-1,3,6,-1,-1,7401,3677,3819,0,3860,5521,605,1382,0,0,0,972,0
214685,51,1,2,-1,-1,-1,0,0,-1,61020,102987,56485,58201,48498,94471,15280,2699,1767,0,5930,56027,0
95125,25,2,2,-1,0,-1,0,0,3,43535,6564,40947,16422,30651,59896,18691,971,8447,10614,0,6957,0
107740,62,1,1,0,0,-1,-1,0,0,32346,41014,68525,18168,19266,61339,3963,22111,0,11807,2520,8069,0
19742,52,3,1,0,0,-1,0,0,4,5517,3042,19742,5825,5157,16340,2028,0,14174,2580,1326,8566,0
75483,55,3,1,-1,0,-1,0,-1,5,29001,13918,28579,41679,59827,18119,18548,5415,14246,7426,25831,3713,0
351657,51,1,2,0,-1,0,-1,0,0,186682,238574,167385,66191,127537,44739,115004,55532,25349,48742,0,0,0
62281,50,1,1,0,-1,-1,-1,1,1,49496,10092,48445,11575,47559,22119,8120,1630,6517,5691,19970,4916,1
74018,25,1,2,0,0,-1,0,0,0,28758,13476,38900,29990,60939,36708,4203,3753,8467,0,4953,0,0
20907,51,2,2,-1,-1,0,-1,0,0,8452,16073,12866,3000,2967,12316,2991,0,1401,0,614,5177,0
19296,63,3,2,6,3,1,0,0,0,3189,9075,10961,9590,3350,4388,307,4627,995,3707,579,0,1
20750,37,2,2,-1,5,-1,-1,0,-1,20750,8057,6535,5767,10490,1420,1104,911,1402,476,1453,359,1
76201,53,1,1,4,-1,-1,0,0,-1,16511,13520,36224,14010,40308,46435,1448,778,17144,6195,18244,22499,1
52252,22,1,1,0,4,2,-1,-1,-1,27575,26385,40397,13303,13977,14132,25381,0,5988,316,0,7025,0
92476,39,1,2,5,1,-1,-1,0,0,40485,38230,32784,47695,64491,24091,12345,7506,0,762,3562,1965,1
16811,44,3,1,3,-1,5,-1,6,4,4121,16024,6258,2895,10907,6920,260,6805,2376,95,3464,2347,1
42871,74,2,2,-1,0,0,0,0,0,5840,12279,25475,17082,20854,15590,2459,4417,8413,3688,0,0,0
22860,32,2,2,-1,-1,-1,-1,-1,0,7360,15241,13720,21240,7879,7069,1084,0,1576,763,1538,3640,0
79740,35,1,1,-1,-1,0,-1,-1,-1,41093,4112,17026,55511,23610,14174,7312,511,4896,8111,3156,7315,0
10000,43,3,1,3,3,5,-1,-1,6,7893,5804,10000,2327,4597,5483,2652,0,2579,405,1557,3385,1
77476,74,1,1,-1,-1,-1,0,0,-1,57073,45285,43868,53892,52085,1736,24323,4246,225,8300,14348,453,0
27456,67,3,1,5,4,5,3,3,1,12952,16088,7244,11469,7042,12860,903,4834,2705,5033,2013,296,1
39659,22,3,2,1,6,-1,6,6,6,4184,17545,34792,17560,23639,10310,328,6099,7811,0,1711,3800,1
13071,33,2,2,0,0,0,0,0,-1,4303,2500,5866,12683,8679,7081,540,0,940,2510,1195,1373,0
57936,65,3,1,-1,-1,3,-1,0,-1,24931,22452,48313,23914,26071,42397,0,7104,11817,6675,0,12135,0
54039,24,1,2,0,-1,0,-1,3,1,8024,32368,8494,26980,26424,26794,3051,0,2733,3685,12017,3515,0
58319,67,2,1,0,0,0,0,-1,-1,22981,45316,4825,34849,24243,37983,10344,0,0,12958,5666,14730,0
15373,36,1,3,-1,-1,0,-1,-1,-1,9482,15373,1595,7120,9442,8554,3153,6885,79,1364,1818,1220,0
18138,70,2,2,-1,-1,-1,0,0,-1,4505,0,5777,10629,7197,8224,1383,0,780,684,0,3439,0
50229,36,1,1,0,0,-1,0,-1,-1,26385,36296,6082,27781,7529,14139,1379,16533,249,0,2179,8811,0
206255,44,1,2,-1,-1,-1,6,-1,-1,61082,71005,86808,107904,63404,118390,0,16605,0,50286,20694,21056,0
104640,56,1,2,-1,0,-1,-1,0,0,37865,62262,33007,42647,38581,75295,12042,6624,7448,8495,653,40139,0
76143,27,1,1,5,0,0,0,1,3,45714,9849,11392,26876,36717,36839,25222,0,9243,6344,6732,6860,1
23401,51,2,1,0,6,0,0,0,-1,4620,17433,16254,0,4671,11031,823,5376,7400,0,1009,0,0
20231,48,2,2,0,-1,0,-1,0,0,5628,4549,3732,17373,14751,13672,1453,3429,1799,4655,0,0,0
85630,63,1,1,0,0,-1,0,-1,-1,38832,21978,8881,48064,52927,39483,2224,7227,1252,7233,22712,14934,0
60106,74,4,1,2,0,-1,1,1,-1,48727,33909,14808,20064,26419,34343,3738,16582,1580,12998,14261,0,1
40558,56,3,1,0,3,1,6,4,0,11271,15046,16131,6917,25565,17762,1044,2653,2142,1652,10937,5447,0
269444,43,1,2,-1,1,0,3,5,-1,46563,110879,40287,165931,83540,99626,0,0,0,5298,27124,48598,0
28396,42,2,1,0,0,-1,-1,0,0,11386,8622,20379,10781,2271,6333,0,426,0,4004,357,0,0
56584,43,2,2,0,-1,0,-1,-1,-1,42866,12835,10027,16659,34764,28597,8735,1407,0,4087,11206,3359,0
12650,64,2,1,0,-1,0,0,-1,-1,4086,3610,2953,3261,4885,3501,788,0,1651,479,3354,314,0
58037,38,2,1,0,-1,-1,-1,0,0,37189,22860,16567,18647,26981,726,13262,2250,4103,1555,11501,56,0
158815,30,2,2,0,-1,0,3,5,-1,96108,83161,25852,22436,18228,16257,37113,10041,5326,10236,1544,7032,0
29829,39,1,1,-1,-1,3,3,0,0,6262,18681,16890,2239,14638,1664,0,1269,1706,519,0,586,0
134615,22,1,2,-1,-1,-1,0,-1,0,59294,62673,21355,30425,53780,50394,0,4630,7534,8299,22011,10180,0
155256,26,2,1,0,-1,-1,6,-1,-1,51798,107108,7898,111652,27380,28013,25694,7858,0,11807,2334,17079,0
28232,25,2,2,-1,-1,0,-1,0,2,6803,7993,6897,954,7982,2138,536,2233,877,64,2274,1263,0
49855,62,3,1,4,0,1,2,1,0,27769,13484,41306,2538,30870,4861,9305,1985,14192,0,13592,337,1
242844,60,1,2,-1,-1,0,0,-1,-1,68962,156044,61533,93179,46369,113439,15812,35009,15753,14526,0,43131,0
82524,58,1,1,0,0,0,0,-1,-1,28496,44776,3117,39322,21331,26047,4026,11583,63,30508,4482,1049,0
128777,45,1,2,0,0,-1,-1,0,0,75546,7455,35268,42682,53553,30069,1792,1060,16198,12921,11631,0,0
16602,59,1,1,-1,0,0,2,0,0,11506,12546,11266,8144,10046,11565,883,0,3722,540,5212,4874,0
110655,29,1,1,0,-1,0,0,0,0,15298,85901,67480,14890,60628,64595,0,42987,32768,1874,20471,37294,0
74145,69,2,2,-1,-1,-1,-1,0,0,32570,41401,24500,26223,10080,31078,10116,1886,1409,3698,4399,10728,0
16967,48,2,1,4,0,-1,-1,-1,0,8746,14119,4696,7798,3103,0,1193,0,0,2715,1549,0,1
22664,71,2,2,-1,0,0,0,0,0,10908,0,14685,2679,1666,6372,1112,0,2206,18,481,3192,0
79475,29,2,2,0,-1,0,0,-1,-1,19849,48593,41482,36187,36993,22595,4320,24406,15000,14246,11289,0,0
53868,47,1,2,0,0,1,-1,-1,0,26424,24410,4976,23401,22285,34616,0,9976,2562,8510,6926,0,0
119318,58,2,2,0,0,0,-1,0,0,9842,39334,63851,63478,20184,70053,4773,9381,3014,6926,5173,15288,0
87996,47,1,2,0,0,-1,0,2,6,19504,36900,57847,63741,48215,18519,7084,0,26385,10117,21319,632,0
35899,45,3,2,5,0,-1,0,-1,-1,22098,11167,15051,8368,9773,9360,6475,4688,6828,835,5370,0,1
59880,29,1,1,4,5,-1,0,0,-1,24738,10204,12813,26090,5189,17296,0,4993,2927,3979,59,5629,1
61953,41,2,2,1,-1,-1,4,5,-1,25310,29493,17717,21757,46623,52933,10078,3688,2975,5935,1864,27720,1
65229,33,3,1,0,-1,-1,-1,2,3,8683,22645,41633,25180,8770,31912,2228,11474,1494,7266,1411,3693,0
75137,37,2,1,0,-1,-1,-1,-1,0,6042,54713,24474,39036,10294,38653,550,7165,0,6719,0,4049,0
34947,57,2,1,-1,-1,0,0,0,0,20566,6786,22689,12117,12373,11551,10019,2857,2678,1915,1267,0,0
132131,55,2,1,-1,0,0,0,-1,-1,3057,43252,29443,59191,76612,848,292,19109,9306,25093,6484,196,0
116148,53,1,1,0,-1,-1,0,-1,-1,42877,6908,77340,4379,17281,47521,0,3908,28091,692,9182,20104,0
66715,40,2,1,-1,4,0,-1,0,0,34451,27212,24598,31017,2549,47785,16097,0,6720,9986,1074,10398,0
36926,72,3,2,0,1,0,0,0,6,5234,28122,15003,9724,16846,8644,1799,8244,248,0,3035,1326,0
51193,25,3,2,6,-1,-1,6,3,4,6827,10384,14050,10115,21141,9003,1743,3630,4350,252,613,2343,1
11323,39,2,2,0,-1,5,0,-1,0,4759,10505,460,6467,1937,5033,1616,2884,189,0,321,1738,0
83243,27,1,1,4,0,1,-1,0,-1,59956,34405,10723,29644,27233,67959,19452,0,2592,0,6030,24974,0
182069,39,2,1,0,0,-1,0,-1,-1,91333,90234,101015,34619,14754,61763,0,12401,0,3718,1151,10731,0
58453,72,2,2,0,0,0,4,5,0,13718,27339,18925,16338,46193,52643,0,0,655,2190,8197,14693,0
73368,40,1,1,-1,0,0,0,0,-1,22219,49180,18410,28564,21677,53499,7406,15846,3829,5501,3360,26224,0
42606,70,1,1,0,-1,2,2,1,4,9203,18179,4674,5424,11196,22866,0,3515,2559,1763,2862,11182,0
101788,47,1,2,-1,0,0,6,-1,0,71569,33523,42882,71667,70159,31759,7787,13333,1864,15222,12978,7759,0
41937,58,2,2,0,-1,-1,-1,0,-1,20446,13011,9432,17543,15328,10531,3734,952,1642,1414,1416,2509,0
195616,45,1,1,0,0,-1,-1,0,0,55867,130769,33804,49165,53595,111970,11126,0,5408,6028,39764,27394,0
34391,35,1,2,-1,-1,-1,0,0,-1,10633,22262,10999,5652,4216,8299,3297,1853,2077,156,2138,0,0
47792,62,1,2,0,2,-1,0,1,0,31170,23395,35612,14001,31831,31270,11691,6830,12622,837,6791,0,1
21218,73,3,2,2,4,1,-1,-1,4,11919,14098,12848,4928,3674,13309,0,4397,5056,2151,361,7761,1
297787,35,1,1,-1,-1,0,0,-1,0,87569,167708,148187,80587,107919,46394,16213,38710,18922,0,29074,7289,0
58962,63,1,2,-1,-1,-1,0,-1,0,19276,16944,16398,32684,32644,12268,6580,3790,10478,18455,17257,4842,0
31619,35,2,2,1,1,-1,0,-1,0,16391,20827,11755,18941,10713,3248,6862,17102,7880,9947,1286,1097,0
12887,59,1,1,0,-1,3,4,6,-1,1979,2911,3544,7453,1593,11233,0,575,1589,2827,647,7344,0
16551,63,3,2,3,5,2,3,2,3,10814,6846,7411,13238,10766,9995,951,1470,408,6794,1163,3519,1
52346,45,3,2,-1,-1,-1,4,4,2,21496,18825,14522,27424,10162,32647,783,5660,3094,3527,2873,2681,0
74540,60,2,1,-1,-1,0,-1,-1,0,53864,2699,24049,31473,13837,22481,9898,1096,0,13580,3185,5926,0
29115,35,2,2,-1,-1,-1,0,-1,2,21331,15195,9435,3718,13060,16902,1637,1314,1062,679,2854,1311,0
30438,25,2,1,0,-1,3,-1,0,0,9931,11555,16816,11701,12650,17077,3296,4463,0,0,4772,537,0
303874,26,1,2,0,0,-1,-1,0,-1,50224,158503,35264,50843,100817,166210,0,75478,3616,10641,13768,2837,0
593371,45,1,1,0,-1,-1,-1,-1,0,218165,141617,100773,185658,450999,204681,0,47941,26616,30741,157151,0,0
172179,69,1,2,-1,-1,2,0,-1,-1,28161,32692,26006,101206,157268,128695,3365,2444,20052,9237,9162,69276,0
238922,27,1,1,-1,-1,0,-1,0,-1,30097,120419,128240,87694,113517,180997,15732,46593,105071,46249,0,48847,0
202225,45,2,2,2,-1,0,0,0,-1,136125,99973,153229,61067,79824,43734,22282,26590,68828,11876,37192,8338,0
403579,59,1,2,0,0,-1,-1,0,2,31649,255577,40141,267339,97985,326168,1863,9979,10992,73673,57937,76880,0
53902,31,1,2,0,0,4,-1,0,0,23995,33324,7479,24030,31582,32631,8447,6862,2537,3254,2022,17139,0
24279,59,2,2,0,-1,-1,0,0,-1,14108,4457,5324,10061,3217,1743,5882,1116,0,0,0,0,0
212520,37,2,1,0,0,-1,0,0,-1,22143,77714,50693,19903,126229,108103,4290,25472,5570,4343,0,63561,0
31730,64,1,1,-1,-1,-1,3,0,-1,25981,13328,11143,6971,2516,16469,7921,746,951,0,1295,3671,0
30139,52,1,2,-1,0,-1,-1,0,0,14335,9827,12497,8909,5819,7863,1070,4251,190,864,667,3017,0
30698,50,1,1,0,-1,-1,1,2,-1,28382,9420,20956,13745,17589,18750,6136,4248,0,6753,5546,4948,0
61781,30,1,2,-1,0,0,0,-1,3,27433,45793,47097,16693,6629,50154,16941,11317,0,6500,3787,12543,0
10021,46,2,2,-1,-1,0,0,-1,0,0,1539,3467,6871,4099,10021,0,661,0,2932,1233,0,0
10903,67,3,2,-1,-1,0,4,3,4,1171,7970,4719,0,9891,3796,0,2353,2142,0,14,1317,1
29795,22,2,1,2,-1,-1,0,0,-1,17136,10001,26238,10669,11622,7367,2619,5098,0,3978,3382,1359,1
18831,61,2,2,-1,5,-1,0,-1,0,0,3769,1936,7574,9510,4855,0,2670,731,606,4862,1901,0
114683,47,2,1,0,0,-1,0,-1,0,24132,58669,22198,16639,10645,27445,5396,11569,3267,1536,4019,3288,0
49282,59,2,2,0,0,0,-1,-1,0,20489,16573,20842,39781,34063,16180,3230,0,13729,6925,0,0,0
108889,56,1,2,0,0,0,-1,-1,0,74150,16981,18112,69390,45991,32995,18432,4222,3479,45098,16364,5823,0
99757,44,1,2,-1,-1,0,-1,0,-1,25567,66863,31002,15126,46392,50927,477,5067,12546,0,34917,12388,0
41547,37,2,2,-1,5,0,6,0,6,18464,2305,14550,17094,25999,10508,2038,889,1980,663,14124,2543,0
108066,54,2,1,0,-1,6,3,-1,-1,24121,9927,65783,30673,62300,24842,8824,0,1892,5207,16163,15028,0
98537,28,1,2,-1,0,0,-1,-1,-1,47820,75360,29869,21007,8177,24185,21536,0,8872,4556,0,984,0
53196,52,1,2,3,-1,2,2,0,0,23937,11412,29239,29310,30551,13506,16405,2887,3389,13884,8679,5280,0
17842,26,1,1,-1,0,0,0,0,-1,11195,11102,10358,6284,6544,2677,3422,5155,1566,0,792,1552,0
104088,56,1,2,0,0,0,0,0,-1,21234,34936,34078,64005,47792,56232,6993,335,5028,6757,14095,20170,0
17871,54,2,2,0,-1,-1,-1,0,0,10402,8029,12004,5771,9753,7137,5817,1244,2797,1864,2723,135,0
66451,25,2,2,4,0,0,-1,-1,-1,23079,22443,36241,16279,44632,18108,1074,0,0,1384,23962,5786,1
52214,61,2,2,0,0,0,-1,-1,0,7117,20669,21920,16305,13843,24296,876,780,5158,2475,0,5033,0
23113,43,1,1,-1,-1,0,0,-1,-1,7943,3155,9595,7476,7932,10422,1177,262,3426,482,1536,1893,0
84388,63,1,2,-1,0,0,0,0,-1,45060,35216,25160,19845,46206,21543,20288,18970,18090,2857,25954,9874,0
39989,23,3,1,-1,-1,1,2,-1,0,14916,9735,6778,11145,11202,33924,314,0,1969,928,4842,3519,0
57294,30,2,2,0,-1,0,0,-1,6,35471,30432,32721,31705,37996,45026,17329,24896,9854,10222,23244,0,0
77193,47,1,1,-1,1,2,-1,-1,0,35249,1527,32028,15544,22564,25845,6022,103,0,1733,12345,0,0
40723,31,1,2,0,0,0,2,6,3,26606,11582,23367,26053,22178,18808,13218,864,0,4896,3585,0,0
78691,38,2,1,-1,-1,-1,0,0,0,27729,53810,31590,47075,2378,29530,13571,23490,0,1588,80,939,0
28279,56,2,1,-1,0,0,-1,0,-1,19763,17901,12155,13378,5125,10843,2109,6283,730,0,1718,3532,1
14525,28,3,1,0,0,0,0,0,0,13031,0,1164,3053,12458,9120,8058,0,326,191,0,0,0
84095,57,2,2,4,0,4,0,-1,0,39611,41307,47123,40076,60202,58082,9013,1317,3699,0,9305,3523,1
103688,26,2,1,-1,4,5,0,0,-1,57542,46585,26017,34014,46277,42566,15307,15330,0,13821,11625,656,0
79615,30,2,1,-1,0,-1,0,-1,0,33815,42361,21019,13095,20453,57385,6931,13986,2433,0,3724,3234,0
58146,52,1,1,-1,-1,-1,-1,0,0,22613,32767,21514,36295,21557,36587,4932,0,943,11138,15621,2722,0
10388,63,2,1,-1,2,-1,0,0,-1,5259,635,2050,6501,8231,8898,0,152,71,0,3048,668,0
160388,30,2,2,-1,-1,0,0,-1,0,13579,60219,45996,57419,21888,6106,1909,13664,7603,957,9150,319,0
14362,37,1,2,-1,1,-1,0,-1,0,4850,0,0,1746,2032,8787,1561,0,0,689,753,3498,0
54839,70,3,1,0,4,0,1,3,-1,22851,28038,20908,23400,25585,33617,9308,10293,1855,0,12488,16439,0
265186,74,2,1,0,0,0,0,0,-1,201412,224852,82767,230583,147247,72543,0,66831,11719,52639,20895,18604,0
77346,52,1,1,-1,0,0,-1,0,0,24043,59720,205,8615,51108,35727,2211,12385,0,1753,27786,0,0
86634,45,1,1,0,0,0,-1,-1,0,10255,34388,57809,39633,35248,32706,2482,1189,19023,3394,7510,9557,0
46480,39,3,1,-1,-1,4,-1,0,0,37816,17791,16920,8339,28473,26083,24533,3729,0,4216,7968,765,0
40209,54,3,1,0,-1,1,6,1,0,25623,15276,13576,29494,27480,19329,0,9501,1934,8740,11435,2694,0
321415,52,2,1,0,0,0,0,-1,0,41833,55752,181145,51953,74389,90346,2474,2661,66101,15629,13118,13517,0
17479,36,3,1,0,-1,2,2,0,1,4365,9089,12146,2564,4586,1810,799,1164,3773,10,600,98,0
15809,22,3,2,-1,0,-1,-1,0,6,5139,5524,7333,7884,1993,10936,333,2402,784,416,1144,0,0
26405,29,3,1,0,0,-1,0,-1,2,9305,2631,5765,18314,12564,10512,1627,1403,2275,5179,4386,4881,0
138135,72,3,2,-1,-1,-1,-1,6,4,37894,23334,75072,13582,12411,97153,15265,3728,43176,1809,6522,39614,0
30899,43,2,2,-1,-1,-1,0,5,-1,6238,8969,7685,10698,15529,13294,1148,5540,2550,851,5249,2223,0
69164,47,2,2,0,-1,-1,0,0,-1,34918,29285,31690,23523,22720,37615,2497,0,13677,1831,12292,11268,0
115474,46,2,1,-1,0,0,-1,-1,0,26304,57156,30839,22280,15791,18967,907,22180,9591,8939,629,0,0
91417,63,2,2,-1,0,-1,-1,-1,-1,23954,9439,32903,9861,31585,69175,4174,980,2384,3545,385,0,0
154961,24,1,2,0,0,-1,-1,0,-1,118706,74376,106151,16335,80121,32342,17242,33571,33600,2672,0,2051,0
152419,25,2,2,0,0,0,0,0,0,22327,16761,38443,54291,55902,20091,239,0,3874,4064,2616,553,0
43910,35,3,2,0,4,6,5,0,0,4703,29128,19515,11400,27363,8159,895,0,932,2262,5184,2527,1
47611,47,1,1,0,-1,2,-1,0,0,24042,23821,32315,11012,19912,20990,7584,825,9429,2732,0,7579,0
38603,57,4,2,-1,-1,3,2,-1,-1,5440,14904,7432,27319,28691,13766,485,1880,867,3398,2163,0,0
37374,47,2,2,6,-1,0,0,-1,0,16626,29340,14915,17508,15271,31778,4786,10804,7388,6956,6376,4034,1
515923,44,1,1,6,4,-1,0,-1,0,440476,22953,410715,352944,181526,331099,26209,7307,24922,155263,15142,169226,0
44817,71,1,1,-1,-1,0,2,-1,-1,20917,18496,27269,26571,12220,26120,4663,5889,790,1783,0,4302,1
72150,29,2,2,-1,4,-1,-1,-1,0,13594,51410,35869,18428,32905,33293,3561,15270,8785,5382,0,9623,0
14754,51,2,1,-1,-1,-1,-1,-1,0,7683,12468,8767,2968,8485,2066,403,0,125,1096,1475,104,0
76322,50,1,2,-1,6,-1,0,0,-1,16126,13505,39343,43324,14362,33117,4365,7102,0,0,2360,6462,0
38961,46,2,1,0,1,0,0,5,-1,3193,31277,15518,28676,17806,14742,347,8076,2307,6968,7262,7091,0
117832,64,1,2,2,0,0,-1,0,-1,85367,39555,78401,12880,47889,62942,3503,20760,28029,2307,0,35663,1
85939,35,2,1,0,0,-1,0,-1,-1,6977,74229,46443,32059,47086,12191,351,21304,11172,7734,6775,3089,0
106609,72,3,2,0,-1,-1,0,3,0,16874,40383,62789,8077,55823,77533,0,0,939,1465,24971,8752,0
142922,38,2,2,0,0,0,-1,0,-1,60260,58552,74385,76103,39315,53954,11008,17962,16351,10624,22092,13855,0
46488,50,2,2,0,0,0,-1,0,-1,22457,13424,4200,15955,34652,13662,3783,7279,1790,4426,5812,4077,0
23028,49,2,1,0,-1,4,0,0,-1,7806,4107,6985,5801,8862,9555,2155,2691,1632,811,0,1575,0
17705,66,4,1,6,5,0,-1,0,-1,2191,7375,9310,2541,10581,13144,541,3063,1032,710,1101,6878,1
87436,44,1,1,0,-1,0,0,-1,-1,4166,3841,10398,37657,35400,74594,1420,576,1536,10511,11529,10230,0
77862,36,1,1,-1,0,0,0,0,-1,20689,48345,17730,4559,12707,39157,1658,15822,1054,1247,3852,13577,0
84357,22,1,3,0,-1,0,-1,-1,0,17497,36715,19147,26744,48255,50361,0,0,8498,2917,22101,0,0
31949,40,2,1,0,0,-1,0,0,-1,8052,5447,21759,6659,17719,22887,1968,0,6932,4338,4841,6603,0
154784,65,2,1,0,0,0,0,1,-1,97503,36513,43501,42025,128190,34167,42878,8280,10121,8592,632,7881,0
15090,21,2,2,-1,-1,0,1,6,0,2932,4232,8851,7902,11611,3950,387,1184,5256,3050,2739,570,0
42791,69,1,1,0,-1,5,0,-1,0,17077,30177,23330,23680,0,15089,0,9665,2004,7295,0,1950,0
28992,50,1,1,4,-1,0,2,0,-1,15253,13443,20758,2014,1130,6899,849,0,7155,707,228,2760,1
41473,28,2,2,0,-1,-1,4,-1,-1,22412,6173,8967,30373,20922,29652,1575,516,1790,1109,602,3289,0
93020,37,4,1,6,-1,-1,2,5,0,1391,51580,13574,48382,65484,23058,0,17636,6680,19542,16317,6095,1
54517,50,1,2,-1,0,-1,0,0,-1,24816,24099,25221,2915,26590,45085,2355,947,12698,172,8921,0,0
74432,38,1,2,-1,0,0,-1,-1,5,29938,25329,30063,28525,59010,16531,11406,0,13350,13743,16225,4145,0
116758,26,1,1,0,-1,-1,0,0,5,51627,26222,89877,61771,18381,65288,16331,7323,52761,11758,5279,19068,0
37486,56,2,2,-1,1,0,-1,3,-1,21125,8494,7906,14315,4399,18149,1984,142,2100,7727,0,2634,0
93206,57,1,2,0,0,-1,-1,6,0,36756,31460,44650,35041,46134,70888,10145,14622,29715,1291,23659,15372,0
83874,27,1,1,0,-1,-1,-1,0,0,15934,26045,43303,47415,16539,35543,2133,6637,0,2838,3540,14565,0
19837,36,2,2,-1,0,0,0,0,-1,13625,6918,14002,17398,15289,8202,5158,651,7277,4445,1749,1761,0
47335,34,1,1,-1,-1,4,0,0,0,14160,13910,25919,25736,1407,12337,0,2319,12928,7341,1048,0,0
65099,56,2,2,0,0,0,0,-1,0,21063,18491,54283,33156,40205,22691,1387,4250,15338,15798,5855,5520,0
191420,60,1,2,5,0,6,4,2,0,134496,78799,65596,90403,103443,127221,73464,0,41824,23310,12070,18338,1
95638,60,3,1,4,2,0,0,0,-1,59760,35458,22894,8577,39743,58382,31424,6117,2987,350,12307,25255,1
262075,71,2,2,0,-1,-1,0,-1,-1,80390,122135,186474,116796,165199,167356,0,24196,0,19944,61376,44975,0
101198,62,1,1,0,-1,0,0,0,0,18595,42676,26756,63942,40236,60346,3833,5607,8123,21002,7665,12335,0
49306,38,1,2,-1,0,-1,0,-1,-1,21615,25997,19363,32957,27474,26230,12273,5792,6041,3335,7360,9513,0
46575,26,2,2,3,-1,-1,-1,-1,-1,3366,31353,20214,8238,14694,8845,1612,0,2145,2349,3275,3640,1
31329,54,3,1,-1,-1,-1,-1,-1,-1,0,21943,1792,21250,17843,24835,0,0,112,5487,9090,21650,0
49521,70,1,1,-1,0,-1,-1,-1,1,2121,20489,24626,16512,26603,2120,583,8075,6490,2129,16274,698,0
93231,73,1,2,0,4,2,3,0,-1,65280,26897,37997,65823,20315,20440,0,9192,4190,13373,1258,0,0
96767,33,1,1,5,4,-1,-1,-1,-1,28366,78562,58594,39862,65101,36558,5661,10839,21239,11704,0,4440,1
19167,33,2,1,0,-1,0,-1,0,0,1986,13086,11608,2752,3005,0,676,1613,1044,54,482,0,0
81949,23,3,1,2,2,-1,6,5,0,14764,38249,4245,47919,38480,18471,3313,23768,1665,14502,11756,8359,1
11277,28,2,2,-1,-1,-1,0,-1,2,4193,0,4901,3664,826,3215,360,0,1484,1653,204,721,0
57439,50,1,1,-1,-1,0,-1,0,0,26447,14707,22237,51127,31303,26128,7497,0,410,11475,10865,0,0
122940,50,2,2,-1,-1,0,0,0,0,6331,31048,13546,11176,88434,96191,1135,1188,5708,4497,48184,71149,0
79691,41,2,2,-1,-1,0,0,0,0,43473,13099,24418,18527,65353,44494,0,3067,5816,3649,5083,7179,0
51580,37,1,1,0,0,5,4,0,0,0,14937,11865,27658,28563,25682,0,356,1572,0,6466,14189,0
331549,65,1,2,2,1,-1,0,-1,0,167399,47740,253491,140155,140111,281356,55684,12858,90659,30679,43349,121933,0
34473,45,2,1,-1,-1,0,-1,0,0,895,5925,3929,12628,11536,21223,242,240,2307,0,2537,0,0
10000,64,2,1,0,-1,0,-1,0,-1,5380,4748,5286,3668,7014,5193,1636,1056,860,39,0,1064,0
70417,73,2,2,-1,-1,0,-1,3,5,44954,17381,42912,4697,6807,27949,5481,8906,3222,770,666,3752,0
11815,38,2,1,0,-1,-1,-1,-1,0,8217,10036,5690,6986,4605,3701,1950,1290,0,1771,354,1309,1
17644,31,3,2,0,0,-1,3,1,4,2718,6538,8520,5571,550,14468,744,1857,1501,2034,181,5032,1
112946,72,1,2,-1,0,0,0,3,-1,29067,28388,24587,75987,40092,41485,16574,4740,1153,25727,12232,4663,0
47466,55,1,1,-1,-1,-1,-1,0,-1,15921,973,36272,22594,7943,12769,1499,120,13565,5057,625,0,0
109202,36,1,2,0,0,-1,-1,0,0,68563,43603,35452,3735,49848,29675,9772,17514,12989,978,8319,12764,0
13586,54,3,2,-1,-1,0,1,4,0,2553,2738,0,2168,1895,4769,408,411,0,596,194,715,0
97419,48,2,1,-1,-1,0,-1,0,0,59655,54631,11470,21218,9482,59531,7614,3650,3213,3921,2199,20836,0
17742,69,1,2,-1,-1,0,0,-1,0,14040,8531,5388,10068,8233,11055,0,4837,363,2115,2443,4057,0
197082,34,1,2,-1,0,-1,0,-1,2,70709,109755,14542,114414,146321,43071,8029,39420,1912,0,15099,9471,0
33513,74,2,1,0,-1,-1,-1,-1,0,0,10965,6809,12010,13108,13041,0,5482,611,5566,6091,3500,0
166862,71,2,1,0,-1,0,-1,0,-1,80800,42239,86988,71158,73160,87119,11889,0,36831,23771,15077,0,0
25023,30,2,2,0,0,-1,-1,-1,-1,13893,12670,18285,4024,5856,4239,2542,9144,0,2931,0,369,0
320066,29,1,1,-1,-1,0,0,-1,-1,224836,89311,202801,146359,74437,21042,0,20870,141352,0,11253,7940,0
15949,49,3,1,2,0,-1,-1,1,-1,7887,6643,3337,10714,4601,6228,390,955,0,4377,3075,1494,1
11670,23,2,2,0,-1,0,-1,1,-1,6894,7064,3842,3643,3184,8338,963,3718,2636,1474,225,5494,1
50740,37,2,2,0,-1,-1,-1,0,0,3203,14941,28850,19598,8072,20590,0,7396,944,2835,4305,0,0
131556,44,2,2,0,0,-1,-1,-1,0,49222,65118,55457,29732,46498,41890,13017,23264,7925,7423,11124,2549,0
64599,73,3,1,1,6,3,0,0,2,23588,21445,9036,30563,8155,15574,5709,10074,1115,3557,5703,11985,1
87003,74,3,1,5,0,-1,0,-1,-1,19714,6339,56026,66116,22521,12263,7731,0,9424,6959,4058,0,1
93752,29,2,1,0,-1,-1,0,0,-1,82447,13424,60989,41994,25864,45450,0,0,23468,10630,7303,7644,0
25432,69,2,1,3,4,-1,-1,0,-1,13522,16081,4915,13528,1566,11433,5959,0,1634,8351,227,2857,0
90502,25,2,2,-1,0,-1,-1,0,-1,52408,47525,32152,41487,19120,30740,13023,31677,0,13492,6300,7377,0
52800,61,2,1,4,-1,0,0,0,-1,17853,15341,22002,25568,22749,10695,5054,1068,6146,14919,2413,849,1
27783,66,2,2,1,2,2,1,0,-1,2771,4392,7667,9035,4045,5740,773,134,0,1169,558,1431,1
79217,69,1,2,0,-1,0,-1,0,0,12376,55194,53742,45495,46065,9211,1307,40967,8278,4058,7494,0,0
65605,33,1,2,1,0,0,6,2,-1,9380,27047,6240,30424,51993,11239,1687,5627,4592,14675,0,0,0
106523,69,3,2,0,2,-1,3,1,6,53157,22344,68183,20871,68982,48592,29672,0,0,7061,0,11545,0
22729,27,3,2,0,5,6,0,-1,4,12795,3969,9353,12047,16345,12282,2311,0,2669,3244,3820,6024,0
21895,49,3,2,5,3,2,-1,-1,-1,12757,3349,9927,7336,11908,9662,446,999,6532,0,1725,155,1
28031,46,2,2,0,0,0,0,0,0,15121,15087,2234,6007,10338,5498,6911,3015,0,410,6384,1617,0
223569,38,2,2,-1,0,0,4,6,4,57018,51884,155477,174152,96884,169979,2981,118,35926,49338,0,0,0
20520,22,3,1,0,-1,0,0,0,0,10669,12236,11284,17434,15351,0,2984,5301,2449,26,3963,0,0
193676,62,1,1,-1,-1,-1,-1,0,0,68617,55210,27400,84761,78117,32844,18300,8293,7216,50992,14264,3333,0
30072,39,1,2,0,0,0,-1,0,0,2551,3126,13522,19000,9480,3853,448,315,1914,6592,3866,1908,0
51463,56,4,1,4,0,-1,0,0,-1,42799,29350,28987,28241,23342,16729,10242,11940,1582,12235,8947,2688,1
84666,43,1,2,0,0,0,-1,1,0,21779,11806,35528,17172,11670,16644,4009,5054,19656,8577,1812,0,0
131491,41,2,1,-1,0,-1,1,3,-1,46969,4175,50067,103157,49204,78256,2749,0,16703,18255,10792,24535,0
117090,68,2,2,-1,0,-1,-1,0,0,39844,26683,30057,43331,18094,81779,132,9977,13350,22845,6051,26015,0
52339,26,2,1,4,0,-1,0,-1,-1,18643,36662,16600,8940,31996,22607,7272,11818,8334,986,0,6531,1
44659,60,1,2,-1,-1,0,0,0,-1,9222,9666,11841,10092,10006,19871,1519,1708,6713,3480,4153,4381,0
179866,61,2,1,-1,3,0,4,5,2,73510,16676,81926,86899,34172,42485,7743,0,4042,6094,5429,6466,0
41229,41,1,1,-1,0,-1,3,0,3,9645,6555,12401,7223,20469,28460,3129,1336,0,2647,6818,13554,0
10000,35,3,2,-1,0,3,1,6,5,2124,9719,6780,3773,778,8523,239,5060,2422,0,177,3039,0
15515,21,1,1,-1,-1,-1,-1,-1,-1,6117,11074,7467,15374,2922,1865,0,2763,2958,0,454,272,0
13466,71,2,1,-1,0,0,0,-1,-1,1187,4277,3462,11356,7506,4413,89,0,176,4969,2171,708,0
78948,72,2,2,2,6,2,-1,0,0,22502,2701,45791,45839,17709,16635,3467,180,10893,18079,5396,0,0
403546,34,1,2,-1,-1,-1,-1,-1,0,242182,138492,61754,165621,244102,181755,108347,12264,4610,0,35166,70681,0
13420,22,1,1,2,2,-1,0,4,-1,234,0,2130,13168,2757,6218,90,0,0,5015,328,175,1
26211,27,2,2,0,6,-1,0,0,-1,5262,21021,5723,16825,1868,23785,839,0,1280,3388,0,4081,0
73695,24,1,1,-1,-1,3,-1,0,-1,17968,48796,21348,19969,44239,61572,5423,19597,1971,3111,10320,7976,0
236304,65,1,1,-1,-1,0,-1,0,0,77143,42889,170870,141565,71131,24838,15764,0,103212,67600,0,6863,0
26098,69,2,2,3,0,2,0,0,-1,5163,6930,15245,13913,17335,22526,0,355,2815,5647,2554,6431,1
55048,29,3,1,-1,-1,-1,2,0,0,31598,28984,40243,22216,11887,38520,16888,0,0,4616,3011,14196,0
40131,61,2,2,-1,0,-1,0,-1,-1,18990,2682,30829,5862,12478,1716,5889,397,7175,800,3871,230,0
394640,30,2,1,4,-1,-1,-1,-1,-1,207735,288504,55796,122604,167138,209078,19506,68586,20088,63334,36916,17284,0
38520,40,3,2,6,-1,0,-1,5,-1,3869,21744,14439,13455,13715,26221,1167,5464,5284,3587,1205,6273,1
65156,53,2,2,-1,-1,-1,-1,-1,-1,10457,24298,28981,4468,47921,60685,4974,0,475,1100,11428,9545,0
52438,59,2,1,-1,0,2,-1,0,-1,32127,30828,14052,11332,3517,26488,5320,10994,39,6704,1462,6509,1
35180,68,2,2,-1,6,6,0,0,0,10221,1294,26303,15908,10737,17562,2267,801,7548,4181,1809,1246,1
146732,23,1,2,-1,0,4,-1,-1,-1,55014,100943,62204,93301,26550,72486,0,33669,2100,18142,3744,0,1
27153,31,1,1,0,-1,0,0,-1,1,15906,583,4086,18511,9123,18242,1175,406,1343,3825,0,3688,0
10000,36,2,2,0,-1,-1,-1,0,-1,4285,8741,6087,1712,5238,2641,1035,1185,0,94,803,666,0
60859,37,1,1,-1,-1,0,0,0,-1,26155,33053,12045,27222,21195,42167,3296,2129,3589,0,0,3953,0
94131,74,2,1,1,-1,-1,-1,0,-1,28637,52357,72359,11322,77724,32961,0,0,13284,0,0,1262,0
43124,62,1,1,0,-1,-1,-1,0,-1,16847,20190,7936,22724,19699,11582,11173,3983,794,6892,5911,347,0
56908,38,2,1,0,0,0,0,0,-1,39648,8487,31109,11520,2348,29379,0,3225,8970,1343,0,11494,0
25846,73,1,2,-1,-1,0,-1,0,-1,6160,12534,5405,5045,10804,6167,2627,4216,316,990,3471,1770,0
114706,47,2,2,0,-1,-1,0,0,-1,80677,53808,63174,27153,15525,63100,20891,25660,16863,4743,2580,27546,0
82580,48,2,2,-1,-1,-1,-1,0,0,13682,28432,35535,39776,19733,20652,2869,10644,0,20515,0,9496,0
49800,44,2,1,-1,0,-1,-1,0,0,12485,21379,11513,40284,23824,18574,4415,825,0,11357,0,1106,0
78547,28,1,1,-1,0,1,2,6,-1,15697,20084,43352,24159,26819,40954,0,5044,9525,712,0,3878,0
22507,71,1,1,4,-1,-1,0,0,0,14452,2213,9735,12043,7487,4429,0,314,0,3093,3639,934,1
16661,21,2,1,-1,5,0,-1,-1,0,13798,12683,9885,847,7790,7499,6291,3912,5376,2,2561,1374,0
62247,30,1,2,-1,5,1,0,-1,0,25841,29369,13085,13322,14643,36956,2403,1646,2073,8902,0,1797,0
73938,33,2,2,0,0,0,0,-1,-1,6999,60993,61988,62459,35583,5028,1667,13427,0,12981,13737,2578,0
107793,36,1,2,0,3,1,1,-1,-1,39944,51399,55324,61002,72032,61180,2801,9771,23782,4949,17652,27246,0
51334,28,1,2,0,0,0,0,-1,0,12887,13922,20686,36751,11636,29033,7962,3948,1965,5640,0,4509,0
88992,21,2,1,0,0,2,-1,0,0,13666,47273,41527,33652,52593,14705,3910,21879,6850,13815,5148,0,0
152761,57,2,1,-1,-1,-1,0,2,2,23958,85641,17657,43263,111337,92380,7017,19417,878,0,25506,5602,0
63929,73,1,1,0,-1,0,-1,0,-1,13902,10751,44072,16039,19348,23341,3909,5514,0,5939,0,5877,0
43960,27,3,2,4,6,3,0,4,5,30455,19198,9891,21426,15157,3856,3421,8007,2072,3207,0,2412,1
58115,37,1,1,-1,-1,-1,0,-1,-1,37951,33277,2247,41171,36547,26768,7658,0,0,18320,20686,0,0
44309,48,2,1,0,0,0,0,0,0,17017,14611,26930,25605,28229,20867,2292,4231,11332,12475,10904,6507,0
56142,71,2,2,0,0,0,-1,-1,0,41073,21883,3673,5529,30127,28022,7285,7286,2133,1212,3950,8995,0
191493,58,2,1,0,0,-1,-1,0,-1,49344,17327,108074,70737,15985,95636,12334,1844,0,18820,6204,25227,0
101948,62,2,2,0,0,-1,0,0,0,24080,39339,75733,13153,13516,32386,4400,6535,14242,1569,1005,15927,0
132802,52,1,1,0,0,-1,-1,-1,-1,19109,76072,62942,42439,49197,104752,1517,10503,10807,6224,4445,3882,0
23868,43,3,2,3,-1,-1,0,2,-1,14721,7497,6973,5156,15620,17651,7095,0,2380,891,0,11354,1
23895,31,2,1,0,-1,-1,0,-1,0,10413,5509,6521,4982,9578,9256,6321,3091,2905,0,2662,0,1
46861,67,3,2,6,1,6,-1,0,1,19656,22235,16249,24912,21199,27237,2049,5823,998,3248,4283,6013,1
132587,64,2,2,-1,-1,-1,0,-1,0,21380,52018,9085,31378,13612,67724,7366,468,3904,1403,0,0,0
136223,22,3,1,5,4,2,4,0,4,71601,84760,20064,28509,100822,47502,18277,26162,5094,3166,0,1812,1
10000,59,2,2,0,-1,-1,0,0,0,4288,5705,2869,2108,6089,703,339,0,410,387,3359,259,0
347010,25,2,2,-1,0,-1,0,0,0,19376,287202,157315,114636,104097,273705,3511,33470,52608,40137,0,17287,0
68431,60,2,2,-1,0,0,-1,-1,-1,41855,22600,4653,38158,49417,47348,2178,3764,0,19660,11593,13537,0
101432,65,2,2,-1,-1,0,-1,0,0,30431,61276,48382,51335,45760,26455,11226,7142,2945,17484,13564,3330,0
12186,28,2,2,1,2,-1,0,-1,-1,4897,2634,6110,7964,2838,5727,1765,541,447,1784,1468,1516,1
40557,44,2,1,3,0,-1,2,0,-1,19425,21658,17325,17589,19829,15594,5443,2380,0,5764,4300,1167,1
132554,27,1,1,0,0,-1,0,-1,6,99769,16205,107691,90800,57256,52618,3231,3484,21863,0,13481,9345,0
13406,51,3,1,1,2,4,5,-1,0,1677,3149,4984,11127,4859,7332,175,1672,2234,1000,1469,259,0
10000,71,1,2,4,3,-1,-1,-1,0,8474,7396,0,4526,5354,5383,0,0,0,1489,2634,1012,1
44879,25,3,2,0,-1,-1,-1,4,0,10805,17184,36536,12152,20674,17218,4329,801,5220,3071,11398,2489,0
65949,42,1,2,0,0,-1,-1,-1,0,33014,55507,35291,13563,11471,53631,13642,1276,7031,4964,0,12231,0
217410,73,1,1,0,-1,0,-1,0,0,89536,74205,119898,43659,163848,139871,22308,9597,16403,10304,62066,4212,0
43133,37,2,2,0,0,-1,0,4,-1,26947,26353,16628,14022,8405,26460,13702,7316,2789,2467,2576,10256,0
45735,28,2,2,0,0,-1,0,0,-1,25443,21290,2645,28069,19301,9158,0,3136,879,1173,2750,1564,0
85660,47,2,1,3,0,0,0,6,0,28623,38540,16365,21032,8908,26910,19321,10144,2846,6692,3588,11391,1
78444,48,3,2,6,5,-1,3,1,-1,7030,31416,4212,10677,56516,44549,258,9692,727,0,21170,8780,1
38928,56,1,1,6,5,-1,0,0,-1,26209,12712,6389,19423,15442,8021,11021,7417,1329,0,4350,0,0
73051,37,3,2,-1,0,5,0,2,1,17890,34906,16999,46848,33008,25460,0,1859,3689,20623,23325,9244,0
32293,72,2,2,-1,0,-1,-1,0,0,17880,15979,4257,8748,11198,10126,8007,0,1972,994,0,0,0
49673,49,2,2,-1,-1,0,-1,0,0,6461,11473,32919,36476,9951,4106,1613,0,11925,13416,0,1132,0
83835,36,2,1,0,0,-1,0,-1,0,40416,11513,35899,9821,27463,37016,3611,4146,7838,1877,2074,16933,0
134939,72,1,1,0,0,-1,0,-1,0,102677,54263,78851,64085,65718,28246,4851,11577,44289,11777,0,9737,0
63237,70,2,2,1,3,-1,6,0,0,33693,15894,9476,12692,39325,19414,0,2397,1613,430,4651,8018,1
20651,47,2,2,-1,-1,0,-1,2,-1,15276,11945,1911,6537,3679,3245,0,1890,256,1720,2286,115,1
15371,22,1,1,0,-1,0,0,0,0,5617,3505,11364,6844,1867,9325,3303,1307,2727,0,78,908,0
29524,53,3,1,-1,5,0,-1,0,0,7345,9986,12104,11240,21914,14150,411,0,3477,873,5198,2255,0
106620,50,2,2,-1,-1,1,-1,0,-1,51901,33216,31703,6159,28207,15275,18773,0,0,1052,0,2178,0
98344,29,1,2,0,0,0,0,-1,0,59988,26267,14959,50413,68750,10772,1611,16828,2960,21165,23708,5876,0
59493,55,2,1,-1,-1,-1,-1,-1,0,20294,24722,27134,12016,14531,21753,5618,3402,3176,6163,3994,7747,0
68244,66,1,1,0,0,0,0,-1,-1,21387,10123,28244,29199,35293,48418,0,1724,13204,7899,22528,14869,0
87882,26,1,2,0,0,-1,0,-1,-1,43692,6407,59415,27445,46086,16655,12745,1460,7967,1569,7359,0,0
22130,60,2,2,0,0,0,-1,0,-1,18627,11240,7563,7446,3638,8100,6342,3906,1928,4167,0,400,0
128108,28,1,2,-1,0,0,0,-1,0,44807,101019,13531,62800,47235,54048,0,31589,8644,13026,5924,16053,0
135065,61,1,2,-1,3,-1,-1,-1,-1,84746,38121,34776,30200,38267,52274,9793,0,2933,3140,1518,14927,0
36893,43,2,1,-1,0,6,5,0,0,8330,13726,5396,12027,22926,27380,0,2827,1375,3982,0,3103,1
97351,21,1,2,-1,-1,-1,-1,0,-1,80377,16219,39352,70425,48721,45611,15967,6200,3077,26970,0,16123,0
12416,73,2,1,-1,-1,0,0,-1,0,203,126,5491,6675,4446,218,104,19,111,1816,452,0,0
56615,29,2,2,0,0,-1,0,-1,-1,18009,24554,5121,12989,50776,19940,7344,4292,2786,4775,3548,1100,0
61695,53,1,1,0,-1,-1,0,0,-1,13327,43498,31133,22664,17675,14095,4210,16751,12612,0,1800,2532,0
134240,30,2,1,0,0,0,0,-1,0,95376,18842,75967,71204,43380,100585,0,1479,36197,32774,0,57266,0
58545,71,1,1,0,-1,-1,-1,0,0,35253,28278,18454,30913,11421,31938,7299,5915,3761,8336,0,10215,0
98216,60,2,1,-1,-1,0,0,-1,-1,13555,56734,48551,64058,16438,7624,5242,12434,12445,13139,935,3673,0
50188,64,1,1,-1,3,-1,-1,0,1,18701,14409,14063,26174,22092,29140,1460,5709,182,667,5276,5292,0
10000,44,3,2,-1,2,0,0,0,0,5881,6329,2337,0,3946,2582,2905,1155,39,0,0,623,0
57299,46,1,2,0,0,0,-1,-1,0,32789,34192,22656,20393,25600,24918,20546,22040,1186,4328,9406,4292,0
57377,55,2,2,-1,-1,0,-1,-1,0,31091,15367,26883,33205,23641,28194,0,10261,15456,6827,1986,8468,0
77430,63,1,2,-1,0,3,-1,0,0,17122,23831,52183,27786,38936,13660,8914,19743,18022,12177,8236,0,0
78372,66,1,1,0,-1,-1,0,0,-1,31542,15074,23205,45298,48169,2177,14985,3464,2601,18693,0,0,0
32690,21,2,2,-1,6,1,-1,0,0,22168,13317,24252,2883,16615,15294,5744,222,0,453,4630,7175,0
37836,56,2,1,-1,0,0,-1,0,0,9969,1889,13803,25839,6319,16485,3269,0,2720,12019,2645,11722,0
13936,26,4,1,-1,-1,0,4,3,-1,8178,6951,5220,7231,3844,668,329,291,72,965,757,384,0
13893,36,1,1,-1,-1,-1,0,-1,-1,6000,3743,5528,12264,3612,11664,235,869,2562,3052,0,2975,0
63026,65,1,1,0,-1,6,0,4,1,10944,33063,24268,13922,22399,36111,2284,2809,0,5780,1192,9406,0
27006,34,2,2,0,-1,2,3,1,0,10430,11566,10527,7904,5584,12247,1710,3638,1717,1809,874,0,0
116293,64,2,1,0,0,0,0,-1,0,48435,31641,70090,65525,63521,92410,8666,3410,18695,10259,19878,0,1
10000,46,3,1,0,5,-1,0,0,-1,0,2137,2049,5687,0,8997,0,560,141,3617,0,1764,0
43310,33,3,2,-1,-1,-1,1,4,-1,31822,14231,7738,4599,9397,21911,6586,0,1787,514,6054,1920,1
187308,39,3,1,-1,-1,0,6,0,4,36151,50268,72814,37200,41167,85032,10304,5681,13598,0,1962,22565,0
59289,49,1,2,0,0,0,-1,0,0,16968,25046,27446,22883,40238,1023,0,7329,0,5460,4271,298,0
48913,62,2,1,-1,-1,0,0,0,-1,22778,20078,15912,16006,21773,10929,5827,6436,5484,8295,13313,2684,1
68945,53,2,2,0,0,0,-1,0,0,19321,29701,17164,27891,12873,33078,13555,0,9472,10674,8571,3264,0
102753,71,1,2,0,0,0,-1,-1,-1,692,29816,38850,83595,50259,48832,551,2608,11550,22810,8197,14010,0
35354,67,2,1,-1,0,3,4,-1,-1,7728,14999,10784,15426,24091,25283,4584,2008,6317,9571,12068,2504,0
30633,61,1,2,6,-1,0,-1,0,0,24901,23880,23447,12356,13688,8624,11518,0,3849,5879,2920,3508,1
115687,53,1,1,0,-1,-1,4,4,6,38804,32786,55793,16453,16029,38909,0,6155,0,7149,93,0,0
10000,36,3,1,-1,-1,-1,0,4,1,1067,3035,9393,3088,10000,1403,719,0,4454,1230,0,281,0
133553,43,1,2,0,-1,0,0,0,0,44227,49419,79657,36213,65515,33697,15350,7261,13549,8934,2178,7928,0
25081,27,3,2,-1,3,2,0,4,3,15069,11678,6078,3630,3549,14611,2115,0,1141,0,1246,902,1
68798,41,1,1,-1,-1,-1,0,-1,-1,16770,17231,14796,33044,43073,16294,5744,3324,8861,6388,4426,4512,0
45070,71,1,1,2,0,-1,0,-1,-1,10111,9879,16393,35716,21168,7945,1017,1606,7338,11509,0,1868,0
215599,43,1,1,-1,0,0,0,-1,0,163712,151031,102116,6578,40510,70451,79366,92145,13684,0,6354,13411,0
83757,27,1,2,-1,-1,-1,-1,0,4,34452,42427,39146,35063,53565,69411,7322,2732,782,6942,3876,5763,0
37896,56,2,2,-1,1,0,1,6,0,35674,15794,7104,14966,17061,16607,13698,4856,0,1861,3956,0,0
51872,72,1,1,-1,5,0,-1,-1,0,19424,17039,20267,33451,21765,35697,4045,6651,3835,2562,0,0,0
43541,67,2,3,0,0,0,0,0,0,30468,8829,12802,9102,23276,10426,16108,335,3804,0,7950,973,0
233485,35,3,1,5,3,0,0,-1,0,40295,74523,20105,12892,48985,15941,6639,12796,1802,0,14311,0,1
17091,45,2,2,-1,-1,0,0,0,0,4725,7435,8624,6760,8120,6442,1852,0,1336,480,106,1090,0
163207,49,1,2,0,0,-1,-1,0,-1,15297,59568,49363,90305,7730,95882,12420,0,12034,13322,4425,55895,0
77225,34,2,2,4,-1,-1,-1,-1,0,36804,13511,47751,20843,28005,26614,10981,7539,10872,3147,0,3474,1
168021,35,2,1,0,0,0,-1,-1,0,92516,101145,71307,92370,78513,94112,32572,17757,0,62064,11778,32744,0
81085,33,2,1,0,-1,-1,0,-1,-1,62468,38196,40487,35836,23046,16931,23201,3739,5070,6253,5882,4241,0
68814,74,1,1,0,-1,-1,0,-1,0,7299,23586,17567,22379,5497,49837,2400,5496,1549,0,0,6993,0
110859,61,2,2,0,0,-1,0,4,5,32323,34957,30519,101495,67355,66872,15939,148,3719,14874,24751,16702,0
58912,66,2,3,0,0,-1,-1,3,-1,26145,20527,9043,44746,29933,18166,4895,4394,1285,23427,3349,12326,0
125547,65,1,1,0,0,-1,0,-1,-1,43497,105880,37384,33940,35574,76699,0,17085,17884,0,0,48944,0
215140,72,1,1,0,3,0,-1,-1,-1,57947,139818,30610,14778,31591,55246,16723,15384,1976,3020,8806,21516,1
36950,26,4,1,0,0,2,1,-1,0,20632,13703,20278,19494,7851,10866,4946,2764,10247,11272,656,0,0
48872,68,1,2,-1,-1,-1,6,-1,0,758,26194,36291,20099,30925,2897,78,968,25249,7083,10143,0,0
41003,24,1,2,0,-1,-1,0,5,-1,17746,26607,17429,37288,4077,31791,3063,2245,6097,4622,1227,9829,1
98410,46,1,1,0,0,-1,-1,-1,-1,17890,61085,16040,68256,43263,72679,9434,19626,7527,20535,0,14411,0
24281,53,2,2,3,2,1,1,-1,0,12638,4539,14654,9940,12476,18863,1804,305,0,0,5713,2458,1
37054,40,2,1,0,6,0,0,0,-1,12125,16738,12528,3644,16184,8736,3949,7172,4386,802,4715,955,0
31647,28,1,2,-1,0,0,0,0,0,15058,7996,4391,4856,22815,5001,2140,463,445,3577,6034,441,0
73619,31,2,1,-1,0,0,-1,-1,-1,46841,32484,15269,34851,31459,41593,6203,4579,5476,8493,17598,32352,0
26856,65,2,1,-1,0,0,4,0,6,11215,5262,13702,11762,1359,10705,463,2115,0,3106,481,320,0
24516,38,1,2,-1,0,0,-1,0,0,15018,10330,6398,4200,7574,8911,3035,764,476,1854,1353,1885,0
14110,37,3,2,0,0,-1,6,6,2,1243,11141,7813,8258,4031,0,440,1080,65,1466,473,0,0
43460,70,1,1,5,3,0,0,0,-1,22271,22042,21483,32071,30642,23813,468,4699,2993,7054,5148,739,1
46734,28,1,2,-1,-1,-1,0,1,0,16738,7622,5348,11265,21142,17547,8492,2522,544,0,2820,5160,0
41960,70,3,2,-1,-1,0,0,-1,2,17498,5120,19787,4932,24773,21072,11904,3182,0,1606,1673,1371,0
43075,70,2,1,0,-1,0,0,-1,0,10173,19673,4765,27232,22507,14635,3024,3633,837,14109,8121,4483,0
92292,53,1,2,-1,3,1,-1,0,-1,53823,38459,5555,24031,38979,47950,23605,5456,0,7460,0,0,0
49208,29,3,2,6,-1,-1,0,4,0,23138,11522,11812,9525,37096,6698,8822,6255,1115,279,6369,956,1
88645,29,2,1,0,-1,0,-1,-1,-1,49968,50641,17881,48534,27606,65135,14040,11884,5704,7434,0,21082,0
14916,36,1,2,-1,-1,0,0,4,-1,2666,7962,0,7943,7638,8725,235,2750,0,558,507,3139,1
13926,52,3,2,5,0,-1,0,4,2,5712,4926,6416,171,5732,7900,1325,1991,3079,13,1882,1837,1
76413,29,2,1,0,-1,0,-1,0,-1,31346,34619,55867,18990,36321,21575,9696,824,6199,0,1163,3015,0
81275,45,1,2,-1,0,-1,0,-1,-1,58941,30837,42964,25683,20052,8827,2622,10779,13367,3382,0,3931,0
107103,27,2,1,0,0,0,0,0,0,58870,25634,37406,45257,18196,25175,12818,11489,18749,11892,795,1244,0
14253,50,2,2,0,-1,0,6,0,-1,6190,10171,2447,9707,8976,0,3737,784,440,0,3771,0,1
46927,22,1,2,-1,-1,0,0,-1,0,11273,26015,18337,11423,5915,45161,0,11022,2472,2146,2948,25805,0
27071,59,3,1,-1,1,5,-1,0,0,1177,6837,17026,13202,13157,6595,363,2360,2931,1045,3117,719,0
56008,23,2,2,-1,3,4,5,-1,-1,30198,25066,8141,12805,20708,21368,7911,4932,420,4915,4995,5777,0
50448,31,2,1,-1,-1,-1,-1,0,0,29275,19410,25214,9461,23591,20014,3269,427,3013,2498,1221,0,0
71343,30,2,2,-1,-1,-1,0,0,2,47858,11217,18719,16662,16559,29884,5730,10443,3507,0,6346,12220,0
44724,65,2,2,0,0,0,-1,0,0,7364,19058,20609,24335,6503,3710,0,2609,3357,0,364,1077,0
205734,23,1,1,-1,0,-1,0,0,-1,85534,67323,50305,43396,62770,86819,873,10114,28867,16270,8138,39812,0
132759,44,3,2,0,0,-1,0,2,4,76834,14884,69651,27954,42685,70868,0,1478,23913,0,6965,33506,0
20043,52,2,1,0,0,0,0,0,-1,755,6908,0,5573,3023,13064,391,3664,0,1120,760,2077,0
50822,48,2,2,0,-1,5,-1,0,-1,10033,5396,185,27546,28203,19776,7531,1222,67,0,13476,0,0
92817,57,2,2,0,0,0,-1,0,-1,6837,17441,32779,10217,41667,58050,1038,2901,1238,1549,903,17752,0
109615,64,1,2,0,0,0,-1,0,0,49109,45479,20572,36340,67748,23585,8395,0,9873,18172,11097,9114,0
49523,42,1,1,0,-1,-1,0,0,0,16785,24371,30318,12790,11294,24490,2186,13309,3942,8340,0,694,0
60107,65,2,2,-1,-1,-1,-1,0,-1,15347,13908,10867,31227,36455,53462,7384,2593,0,4345,3536,19729,0
19335,38,1,2,-1,-1,6,-1,0,0,14448,10894,12894,6436,8336,5880,2144,1807,4347,1538,3664,480,0
48275,74,2,2,-1,0,-1,0,-1,0,11354,19266,15208,19759,12254,10743,2653,0,2596,2768,799,628,0
10668,48,3,2,6,1,0,-1,-1,-1,5140,3409,216,1741,2161,4347,1113,375,52,957,1433,2731,0
103038,60,1,2,2,0,4,0,0,-1,49454,41167,30596,54410,29248,82289,16527,21959,13010,12410,13979,17573,0
28105,68,1,1,0,0,0,-1,0,-1,14094,10222,7776,15049,1325,20957,0,1725,1376,0,847,5726,0
55850,63,2,1,-1,-1,-1,-1,-1,1,31617,38114,38040,18475,34022,15854,13997,7211,160,3560,2694,5123,0
88594,66,1,2,1,3,0,-1,-1,-1,57030,31970,24372,54421,21051,7993,22438,822,6147,9570,1829,1549,1
36461,49,3,1,0,0,-1,2,3,1,9243,8050,11696,7850,27223,29316,0,2049,4269,3702,0,0,0
29567,23,2,2,-1,-1,-1,-1,-1,-1,3009,9432,23443,14638,9695,8452,1197,3852,9439,9457,6680,3075,0
57998,47,1,2,-1,-1,2,0,0,-1,18571,24882,19271,7268,1025,13115,11982,6390,930,1499,102,1415,0
176544,30,1,2,0,1,3,2,0,0,19391,33027,70892,29635,94723,83304,9651,9528,31349,7093,0,21098,0
24431,69,3,2,6,2,6,0,6,5,15155,4853,4619,15662,434,4091,3425,1127,1879,2706,58,2158,1
69815,33,1,2,-1,0,0,-1,0,0,26666,27383,11167,48501,44985,51789,2199,11312,3974,14908,0,6050,0
31400,33,2,2,-1,-1,0,-1,0,-1,6879,13386,15299,11279,12184,29218,1087,3895,5387,5884,7389,19609,0
155253,34,1,2,-1,-1,0,0,0,4,133408,69146,67158,121640,13860,60567,13846,19347,12063,3411,5407,22027,0
73038,55,1,1,0,3,6,0,0,-1,26589,48948,43959,23892,49818,29037,8357,2627,6087,14405,17476,3281,0
18622,51,3,1,-1,-1,-1,3,-1,-1,8581,6469,9405,7969,6555,6259,1716,0,2393,2863,663,0,0
69021,72,1,1,-1,0,-1,0,0,-1,30560,25346,55879,10271,43422,46513,16555,9660,16596,3942,3802,7311,0
56593,43,1,2,0,0,-1,3,0,-1,19526,8542,13887,18624,43603,26730,7851,4255,2422,1117,10960,17336,0
149352,36,2,1,0,-1,0,0,0,0,76283,36183,65970,11092,113668,18523,31850,0,10101,0,16877,11423,0
33109,23,3,2,-1,0,-1,3,5,-1,8261,21345,0,17254,5848,3980,1120,0,0,5160,0,1823,1
22703,21,1,2,-1,0,-1,0,0,-1,10675,13936,13380,1893,5963,7429,2573,7740,0,10,0,0,0
102270,41,1,1,-1,2,0,0,-1,-1,68047,42378,75561,59996,12653,11675,18297,4191,17438,0,737,4271,0
143228,70,4,3,6,0,0,-1,-1,-1,59527,18847,34753,47629,40481,83488,36475,7393,1022,13573,13452,6820,0
127713,49,2,1,-1,-1,0,0,0,0,88057,9508,97472,34217,42492,87967,0,1417,0,6323,1291,21150,0
14199,69,3,2,0,-1,0,0,-1,0,7462,5220,14199,7275,11103,4531,602,2135,2341,408,0,2211,0
39537,26,2,2,-1,0,-1,0,0,-1,12571,16528,8167,20299,13614,16878,5944,9081,2368,2010,1744,988,0
47832,26,2,1,0,-1,0,-1,1,1,30336,21928,23307,25299,18955,6938,6172,0,2241,7195,4515,3121,0
48298,66,2,1,-1,0,0,-1,0,6,13576,14103,34027,5626,15374,18928,4988,6928,24615,126,707,3023,0
93082,26,1,2,-1,0,-1,-1,0,0,34776,17753,14726,16970,33245,11233,0,4991,3638,278,4066,3840,0
37224,23,2,1,0,0,-1,-1,0,0,16925,23327,12243,11276,10725,19226,13234,6341,0,1076,2861,3666,0
23564,42,2,2,0,0,0,0,0,-1,8482,7193,21098,8490,6713,2281,3705,2862,4004,2188,710,261,0
73479,70,3,2,2,5,3,0,-1,0,19844,17235,37212,22317,10450,37393,16024,10009,0,12780,1279,0,1
19953,58,2,1,-1,-1,-1,-1,0,-1,14249,5239,5228,0,6207,3873,1760,886,816,0,0,975,0
36126,26,1,1,2,-1,0,1,-1,0,15775,4105,21123,12381,5063,27221,9431,1027,4022,3090,869,2592,1
19854,66,2,1,2,-1,-1,-1,0,-1,5061,11262,13922,9022,15499,4808,2243,4205,10987,1014,5951,1509,1
79999,66,2,2,-1,-1,0,-1,-1,0,43589,46325,65621,16666,53937,44748,28930,18145,9171,1419,3526,20712,0
53379,64,2,2,5,0,-1,0,0,0,5834,3393,24129,34948,33957,7921,1166,1241,11923,10915,1804,2198,0
99389,69,2,1,-1,0,-1,0,-1,0,34898,36417,24241,21138,48183,13362,9897,10039,10779,2523,34044,7848,0
26156,33,2,2,0,0,-1,-1,5,0,8905,11041,11729,3585,11933,5851,1530,3951,1997,1046,908,1288,0
25186,73,1,2,0,-1,0,-1,-1,2,6209,7681,13389,2406,13725,11440,0,2665,4519,1243,1312,5579,0
34367,38,2,2,-1,-1,-1,0,-1,0,17015,4263,8466,9081,26251,13204,2351,305,503,0,11221,7327,0
42361,64,2,1,0,-1,-1,-1,-1,-1,9039,20977,25167,9062,5012,11842,1615,9981,0,967,716,3773,0
40562,52,3,1,0,-1,0,0,-1,-1,20869,19164,19538,0,20327,23825,8277,4775,0,0,6173,8197,0
12760,63,2,1,0,1,3,0,-1,-1,3818,5819,5144,3996,5401,7959,336,2432,873,0,0,1699,0
71896,54,2,2,-1,0,1,0,0,0,43499,27171,35320,31861,60286,46471,0,7060,3190,1914,3031,13944,0
23971,55,2,2,-1,-1,6,-1,0,-1,15934,14015,11807,8918,15933,9290,1266,2211,3714,846,5980,1783,0
29204,54,2,1,5,0,-1,-1,-1,0,107,6504,18426,22164,8135,14175,0,2961,10549,6498,3790,5050,0
175507,63,1,1,0,0,0,-1,0,-1,66107,123411,12955,67952,33665,133809,32944,38771,0,7986,980,41912,0
10000,60,3,2,1,3,3,6,1,2,429,1283,0,869,2875,2009,200,516,0,450,926,655,1
44414,28,3,1,-1,-1,2,3,0,2,29356,19665,35399,15454,429,3120,7363,11592,0,3822,0,704,0
63258,65,2,2,0,-1,1,3,4,3,5780,9144,16955,44295,26237,28566,463,3417,290,0,7699,11046,0
25462,49,2,1,6,-1,-1,0,-1,0,14880,9225,8357,19361,9464,1491,7060,3760,0,141,1093,511,1
47995,38,1,1,0,0,-1,3,-1,-1,23463,14449,26647,11366,13932,17466,10226,10320,12707,2983,3477,9872,0
130201,48,2,2,0,-1,-1,0,-1,0,58423,36874,5942,17585,37356,56958,16526,13073,3618,5655,18961,21226,0
235705,73,2,1,2,-1,0,-1,0,0,78437,104285,104571,70108,133312,108362,14297,26038,72746,6977,14479,6586,0
114895,67,2,2,-1,0,-1,-1,4,0,47364,37293,52769,43975,16347,55743,2948,15049,7373,10307,3234,0,0
310261,66,1,1,-1,-1,-1,-1,-1,-1,76498,97404,118284,165721,124227,157997,6664,17677,14249,0,0,29608,0
28195,45,2,1,0,-1,-1,-1,2,-1,3996,10047,2789,7447,23932,18176,1550,1797,1181,390,11170,2663,0
19387,63,1,2,0,-1,-1,0,0,-1,5768,11070,5434,4118,14160,6682,3003,2374,2061,1237,338,272,0
46999,41,2,1,-1,0,-1,-1,-1,-1,20450,0,20012,11284,19838,5520,0,0,4704,4767,0,2301,0
93329,58,2,2,0,0,0,-1,-1,0,51604,30945,30852,14997,30817,20761,3074,561,17497,4158,3764,1253,0
15563,55,1,2,-1,-1,-1,-1,0,-1,8913,6717,889,8501,6776,0,0,921,250,0,3304,0,0
23361,34,2,2,0,-1,-1,0,0,0,10233,11148,13150,16376,2356,6508,2907,4478,0,3261,392,0,0
17872,35,3,1,-1,-1,-1,-1,-1,0,10461,5759,6791,9319,5349,7538,1932,1263,0,5680,114,0,0
65202,24,2,1,-1,0,0,0,-1,-1,23247,29527,3891,14540,14261,28989,0,3444,90,526,3780,8943,0
82336,28,1,1,-1,0,-1,0,-1,-1,33136,37499,40216,50572,60443,8850,6820,13144,4068,19725,0,554,0
26367,44,2,2,2,-1,4,-1,0,0,16460,6270,4741,7422,15954,1053,0,989,1266,0,4568,281,1
79246,46,1,1,-1,0,0,0,0,0,60069,58118,12219,18735,43364,16681,0,0,0,8778,0,3391,0
19617,29,2,1,0,-1,0,-1,0,-1,4371,3554,12108,13460,7483,7311,78,0,9320,4381,544,2318,0
34851,43,2,2,0,0,-1,0,-1,-1,6857,14782,28927,8269,9496,10608,1628,2228,1364,1410,1443,2927,0
24950,53,1,1,0,-1,6,0,0,-1,4762,10494,14316,14150,4168,19570,1157,3068,3251,1647,943,0,1
43469,33,2,2,0,0,-1,-1,-1,0,13735,38062,9103,25677,11207,7051,0,7128,1625,6882,1387,4337,0
25838,39,2,2,-1,0,0,0,0,0,4690,9931,10444,8325,19820,14494,1003,4613,0,3689,8063,0,0
85161,40,2,2,0,0,-1,-1,0,-1,68172,43026,36914,19323,43931,45417,0,0,27738,0,17910,5702,1
67206,48,1,2,-1,-1,-1,-1,0,0,44154,31279,31004,6221,24005,26658,17293,782,8638,1882,7622,10598,0
57243,40,1,1,3,-1,-1,-1,-1,-1,32543,36865,15019,17253,10394,16007,13629,2121,228,637,3065,0,1
201692,60,2,2,-1,0,-1,-1,0,0,124272,152831,12091,56245,70370,103443,0,48456,3285,614,19911,22369,0
93255,38,1,2,0,5,-1,0,-1,0,39495,45700,63014,23631,65039,64225,15618,8648,17702,6355,22534,18348,0
36514,44,2,1,0,4,-1,-1,0,0,12707,24484,24224,15872,17420,7796,0,1771,5051,2936,5957,5164,0
43022,41,1,2,3,-1,0,0,0,-1,12052,14680,23740,24630,4525,9009,4653,3055,1570,13921,2179,4206,0
26676,30,1,2,0,0,0,0,0,-1,20320,13490,10938,26593,5862,13588,1430,9610,2064,1934,1753,3475,0
46503,58,2,2,-1,0,0,-1,-1,-1,10910,2143,9210,13079,17471,20344,1280,954,3250,8927,10046,6602,0
87777,33,1,2,-1,-1,0,-1,0,0,43560,30496,34282,31419,63428,53227,0,18443,7934,7613,14129,8182,0
10598,37,2,1,5,-1,-1,0,6,0,1585,2819,3389,1023,3368,2141,745,132,0,57,741,894,0
23046,63,1,1,0,-1,-1,-1,0,-1,9141,8510,7632,3957,12652,15060,0,0,3776,442,7390,8916,0
32439,72,2,1,-1,-1,-1,0,-1,-1,9415,11951,27185,18332,12784,5925,0,4540,0,10127,4123,1459,0
20362,57,2,1,-1,-1,0,0,-1,-1,3775,12715,17603,10032,9713,2559,0,2839,4973,819,1737,700,0
50746,70,2,1,4,-1,0,1,0,0,19275,12205,14936,16806,26497,13398,3201,0,9489,1270,13020,3691,0
56710,67,2,1,0,0,-1,0,-1,0,24312,14122,7778,7553,30157,46500,0,1582,4834,1794,12224,9111,0
44451,46,2,1,0,0,-1,3,0,0,7929,28459,15139,32985,3958,14424,276,14471,1552,3550,935,3547,0
76125,62,2,2,0,0,0,0,0,0,46682,23777,39676,56729,31996,32405,24968,2326,15094,0,8200,19934,0
42982,38,1,1,-1,-1,-1,-1,-1,0,39226,31142,8742,3349,13448,19392,12653,893,5453,739,4189,6136,0
47253,45,2,2,0,-1,-1,0,-1,0,11284,31157,19213,28459,10219,5116,4540,0,1514,5114,1768,548,0
30755,49,1,2,-1,0,-1,0,-1,0,1906,7451,13924,10786,23522,13384,260,1197,1631,6682,6236,1876,0
61555,72,2,2,0,0,0,-1,3,0,31709,22401,11691,37997,19723,7308,849,0,1000,1506,5347,1846,0
72925,66,1,1,0,0,0,-1,-1,0,51337,6796,53315,41091,26720,51780,6839,3475,14092,11813,5505,3659,0
13154,47,3,2,-1,0,5,4,-1,5,5976,4294,4261,3032,11260,5868,1003,1589,0,1504,4177,2575,1
43301,56,2,2,0,0,0,0,-1,-1,19960,27983,23052,14452,37716,23874,4957,2916,5880,2338,0,13611,0
47559,31,2,2,4,3,4,1,-1,-1,12406,15723,37401,3054,16576,36058,0,1741,19830,203,3702,9331,0
61378,64,2,1,-1,0,-1,0,0,-1,27796,29500,25055,3994,37767,18543,3861,0,3120,613,16626,3057,0
88518,50,1,1,-1,-1,0,0,-1,0,9344,65414,37743,30366,72426,6372,2471,13144,15312,5372,6394,1080,0
38542,49,1,2,-1,-1,0,2,0,0,20375,4936,21390,25826,19904,15273,3558,1343,2792,3799,1854,2563,0
63211,62,3,1,4,1,0,-1,4,5,17913,50133,38348,30226,45738,17378,7178,10809,20662,12754,0,0,0
74491,55,2,2,-1,0,2,3,1,0,6348,43345,53703,30869,39518,9417,654,12290,6448,989,1926,4784,0
38438,24,1,2,0,-1,0,0,-1,-1,5961,7389,6132,7853,30329,14340,1647,277,0,1122,6711,73,0
19650,36,2,2,0,-1,0,-1,0,-1,2685,11021,1653,11984,12215,7479,765,1035,241,1821,0,341,0
29187,30,2,2,0,-1,-1,1,5,-1,11920,8882,8684,21707,14948,2973,0,1640,1357,15494,7483,150,1
21144,60,1,2,-1,0,-1,-1,-1,0,19393,2898,12131,8458,11923,7149,0,0,2269,1470,4244,1912,0
57896,22,2,2,0,0,0,-1,-1,-1,26900,19753,42900,27296,29614,18018,10201,2322,11874,4498,9697,1357,0
176896,31,1,2,0,2,0,-1,-1,6,23715,77629,20943,37127,77383,22112,10884,19298,4406,0,26669,2985,0
213995,53,1,1,-1,-1,0,1,4,0,187807,25007,176798,54384,14885,40653,0,10952,90928,0,0,0,1
20507,58,2,2,0,0,4,0,0,-1,5714,5488,3009,7854,11687,8973,2220,2732,1159,3071,2778,278,0
128787,48,1,2,5,0,0,0,-1,0,104979,42239,18654,97315,23051,51003,0,7741,3858,0,7539,1648,0
36714,67,3,2,0,-1,0,-1,3,2,13772,25043,12563,3033,22039,5529,8542,2305,2108,2496,3084,0,0
10000,70,2,1,-1,2,-1,0,-1,4,4281,3953,3432,4382,1433,4034,106,1310,180,1967,77,1130,0
26302,28,3,1,-1,1,1,3,2,4,5551,1942,11982,6953,6516,15454,4016,469,3493,1764,871,7186,0
34373,72,2,2,5,0,0,0,-1,0,8665,11849,18898,7987,12474,14315,1257,3155,8570,2178,6444,4129,0
90398,54,3,1,0,-1,3,3,-1,-1,63794,4507,47704,32213,17909,51885,0,330,34877,8443,2901,34609,0
24421,55,2,2,0,-1,0,-1,0,-1,10770,13567,7689,10562,18880,15348,764,3420,1763,0,0,777,0
76914,26,2,2,4,0,0,-1,-1,0,37623,8979,66121,57002,19540,23185,0,1782,15949,13232,3546,4677,1
44996,54,2,1,-1,0,-1,-1,0,0,24633,14703,11277,40815,4480,14360,0,2209,1474,7900,0,2733,0
10793,60,3,1,-1,-1,3,0,4,-1,10793,5043,2575,3818,3306,5679,0,614,588,1310,427,1239,1
44122,52,1,2,0,0,0,-1,-1,-1,7037,29565,33844,29051,5825,8500,0,3266,5949,1364,0,3689,0
166925,25,2,1,-1,0,0,0,-1,0,103322,32822,81412,54139,69427,55846,0,8708,0,18064,16519,15895,0
42672,49,2,2,-1,0,-1,0,-1,-1,9366,16951,17162,13252,30691,25764,2887,1496,4319,1728,6693,11135,0
101183,71,2,2,0,0,0,1,0,0,28550,76774,35616,16013,40411,7724,0,32143,0,0,17083,547,0
67789,60,3,2,-1,3,0,-1,4,4,22304,29591,44745,22210,10729,29176,14147,4522,29884,3658,1169,952,0
34248,28,2,1,3,0,-1,0,0,-1,1111,13500,16614,24408,8226,21449,307,0,9121,0,3409,6928,1
24581,72,1,1,-1,2,0,-1,-1,0,13517,11310,4714,19677,1869,4373,2123,5869,1762,2547,279,850,0
19507,72,2,2,0,-1,0,-1,-1,-1,13400,14848,1704,16567,6859,11565,2924,1033,1135,2273,1024,459,0
156581,30,2,1,0,-1,0,4,3,0,21347,113595,69884,92682,39002,55595,3237,30131,9001,17894,0,12400,0
77486,64,1,1,-1,0,0,0,0,-1,10153,47519,29368,11548,58953,41655,6091,15971,9424,1782,27047,19426,0
17144,42,1,2,1,4,1,0,0,-1,13191,7994,8110,7466,3398,16707,2500,5094,1226,0,1016,0,1
133738,53,1,1,0,-1,0,-1,0,0,54830,95006,40959,50376,81687,84227,14730,15921,17630,13850,0,9010,0
11737,45,2,1,0,0,-1,-1,-1,-1,0,1212,4596,1906,0,4484,0,319,2683,945,0,186,0
17719,63,3,2,5,0,6,-1,0,-1,2512,1575,3504,6156,4668,2786,186,994,365,2907,458,1957,1
52314,74,2,1,0,-1,-1,-1,0,-1,35897,7543,14478,27820,21358,12744,15471,0,2951,13496,9787,0,0
515456,63,1,1,-1,-1,-1,0,-1,-1,113624,38528,250421,261029,201978,195981,78964,9892,37062,137224,17797,91841,0
94164,71,2,1,0,0,-1,0,-1,3,35568,63771,21765,28750,30909,55561,1351,17342,3453,645,1132,9211,0
23328,72,3,2,2,2,6,-1,4,0,5500,7671,9448,9895,14066,9128,1766,0,3192,980,6249,1641,0
50143,25,2,2,-1,0,0,0,0,-1,39821,39547,18340,12020,25141,9167,13649,0,0,2850,0,1514,0
143234,34,1,2,0,0,-1,-1,-1,-1,97913,43917,25491,90379,7556,69777,53663,10713,15072,18026,2705,53895,0
214049,59,1,2,-1,0,0,6,0,0,56311,130265,53832,135098,28242,94107,0,71119,2999,3581,11722,19265,0
28147,52,3,1,2,-1,3,6,0,0,7655,4211,5498,15960,14652,8572,2926,746,1213,0,5320,859,1
28808,23,3,2,-1,-1,0,-1,-1,6,8184,13022,7601,20613,15009,4755,4052,3981,3113,5857,2045,3295,0
35328,26,1,1,0,0,-1,-1,0,0,17038,16716,20424,9408,8242,9928,5329,11263,0,2154,2603,2258,0
58422,49,3,2,2,5,-1,0,3,6,26266,22817,21501,25201,31104,6953,5572,7542,0,10593,0,946,1
155943,54,1,2,0,0,3,0,0,0,107133,88328,57533,40583,68667,114782,35027,3943,19766,10875,0,17564,0
14552,30,1,1,-1,-1,0,0,0,0,9406,1092,3085,482,5699,2978,2066,116,558,38,863,81,0
35687,30,2,2,-1,0,-1,-1,-1,0,24547,14465,11841,9008,15349,29179,0,4879,2223,2041,2959,8446,0
18568,27,2,2,0,-1,-1,0,0,0,10782,13359,5842,7667,5687,2362,1502,4979,2724,1080,2117,0,0
55310,51,2,1,-1,-1,0,-1,0,0,40127,4466,44133,26950,2966,14140,4598,1590,9254,5506,889,0,0
12745,21,3,2,0,3,2,0,-1,0,2293,1720,2613,0,2625,6624,943,0,659,0,799,2696,0
11934,51,3,2,1,-1,6,-1,-1,0,3558,4716,3133,2122,1235,8164,1231,1290,598,400,0,645,1
168600,46,1,1,0,0,-1,0,1,-1,56121,19719,61563,139103,31304,52172,15082,7181,10422,0,0,7590,0
42938,46,2,1,-1,-1,0,0,0,0,1686,16554,39390,19278,11858,8739,477,0,7060,4643,2889,1387,0
46726,57,2,2,-1,-1,-1,-1,5,1,23863,8623,30689,17409,23116,14524,617,2801,3549,6818,2959,8419,1
69240,49,2,1,4,0,-1,-1,-1,-1,2019,16495,15779,17424,44008,20445,29,0,9523,4198,4601,4011,0
74606,60,4,1,0,6,2,3,1,6,42326,26149,16921,56493,43771,55630,24897,1406,7263,23960,0,13489,1
35070,62,2,2,-1,0,0,0,-1,0,25173,9117,13500,10657,20077,7571,3942,1428,0,3800,1700,2288,1
49982,70,1,2,1,-1,0,0,0,-1,3305,5091,34000,36620,15870,32719,403,2164,1293,17676,5619,4664,0
50152,64,1,1,0,-1,0,0,-1,6,16390,3822,14751,28070,26895,14396,9061,669,2573,7884,13711,3324,0
81514,48,3,1,0,3,4,1,6,4,31989,28537,34532,24639,22926,51331,0,5680,7387,7515,0,13123,0
32494,47,4,2,0,0,-1,0,6,4,6521,10948,9738,14539,14474,9854,806,3000,3344,2240,5029,3332,0
54371,33,1,2,0,0,0,-1,0,0,22933,23740,6383,38822,17362,22726,8711,3965,1528,23412,7178,3421,0
93825,53,1,2,-1,0,4,0,-1,-1,42648,25595,11530,28285,73003,55156,9788,0,6246,0,15834,27219,0
212140,28,2,2,0,0,0,0,-1,0,16797,110402,47411,86795,130903,67541,5526,13985,0,20916,16908,15498,0
72831,71,1,1,0,-1,5,4,-1,-1,42863,40410,8523,24037,15529,29007,16633,10525,2510,0,477,3645,1
55321,66,1,2,0,-1,0,0,-1,0,6813,20377,32997,17982,16224,33922,665,7829,829,1823,0,2992,0
162384,27,3,2,6,5,3,1,6,5,40942,91392,30948,30513,79944,32790,26167,11832,2318,0,11524,11606,0
142036,63,2,2,0,-1,-1,-1,6,4,31219,34673,65401,41293,80421,23731,9580,15486,7348,12439,8020,4603,0
88537,27,3,1,-1,-1,-1,0,-1,3,31239,69686,40172,27873,34028,35975,0,20861,0,6279,2688,9554,1
32841,59,2,1,2,0,0,-1,-1,-1,13978,2233,20030,13867,23731,13967,6110,984,9041,5097,0,3477,1
42472,25,1,2,-1,0,0,-1,-1,0,9327,14170,8005,26932,23153,17999,42,1335,748,7781,0,1679,1
10000,47,3,2,0,-1,0,2,0,0,5183,4042,7791,2538,6948,7286,381,681,0,855,0,2690,1
148509,56,1,3,-1,-1,3,-1,0,-1,24418,36444,42502,40991,51564,117096,40,4936,13826,0,18024,29276,0
72989,60,1,1,-1,0,-1,0,-1,-1,17006,23492,63243,24832,33233,45432,7965,2461,7273,4032,11069,0,0
10000,43,3,2,0,-1,0,0,0,0,1492,0,7496,1953,7005,5457,369,0,1014,763,614,1259,0
128216,70,2,1,5,6,0,-1,0,0,87442,83510,16704,74999,38640,35906,30950,26541,7036,10057,12609,0,1
26198,62,3,2,-1,0,5,3,2,0,9107,10293,14908,4720,1698,3418,953,986,3590,1230,924,659,0
57826,32,1,2,0,0,-1,1,0,0,10448,0,36018,15447,22735,38449,1038,0,1683,7143,2545,1900,0
10228,57,3,2,3,-1,0,0,1,4,6351,757,1952,4606,4275,1151,1286,65,710,379,0,0,1
72675,60,2,1,0,0,-1,0,-1,0,23345,25263,25721,38674,57460,47166,5924,0,9649,0,18370,25566,0
73234,39,2,2,-1,-1,-1,0,0,0,4452,25843,8722,35839,16611,13680,1022,11113,1270,12267,660,2310,0
33022,60,3,1,3,0,0,-1,-1,-1,25675,15158,10430,2360,18897,3144,1773,9532,0,983,4017,1320,1
35080,69,2,2,-1,0,-1,-1,0,0,11642,10620,21531,18105,4786,0,5352,1547,6970,9771,2458,0,0
400782,65,2,2,0,0,-1,-1,1,2,20481,283597,109696,51659,74197,143198,3347,97786,23697,17380,16475,73171,0
18719,62,2,2,-1,0,-1,4,5,-1,13957,9726,10693,12922,5297,12949,4208,2460,0,0,2107,0,0
27525,55,2,2,0,0,0,-1,-1,-1,14131,9037,16683,10852,8795,4699,896,4838,1649,7413,702,132,0
60471,35,3,2,-1,2,0,-1,0,1,13444,12614,32890,16289,33735,0,0,1509,13201,2972,6481,0,0
21773,63,2,1,-1,0,-1,-1,0,-1,13962,8995,1533,6005,4512,4991,6765,4922,128,683,1954,0,0
28736,40,1,1,0,0,5,-1,-1,0,21439,16467,11242,1060,19607,14335,6065,3105,588,75,7402,2284,0
169682,49,1,2,0,0,-1,0,0,-1,31891,84632,74073,79653,51125,125368,5545,0,25554,45996,1159,27893,0
55685,37,3,2,3,0,2,0,-1,0,9922,14869,26359,32475,27773,22853,2130,3567,0,2490,7019,13309,0
50545,37,3,2,0,5,-1,0,3,6,24715,32999,22501,15900,22682,7412,1053,14047,8557,4220,4956,2280,0
39687,29,3,1,-1,6,-1,1,4,6,13925,34921,24747,13623,12327,9789,994,0,4270,997,0,5616,0
39448,72,1,1,0,0,0,0,-1,-1,5016,6258,8858,14326,9184,16043,2861,613,842,7145,4472,3216,0
40049,28,2,2,-1,0,0,-1,-1,0,15111,15415,27748,8902,21961,12710,9753,0,0,2106,2955,848,0
46015,25,2,2,-1,0,-1,-1,0,3,31804,16247,40345,0,24822,18985,720,5342,3867,0,6938,5286,0
96468,71,2,2,-1,0,-1,-1,-1,-1,32018,35531,32533,26131,36587,31514,870,0,4384,135,5602,3378,0
96486,50,1,2,-1,-1,6,-1,0,2,75987,76325,20582,49762,55123,36565,8653,20929,9710,9149,26885,16813,0
23335,44,2,1,1,1,-1,-1,0,-1,3714,13245,14101,7685,10951,8459,1137,1268,5079,4227,1162,0,0
129069,60,1,1,-1,-1,0,1,0,1,40480,52859,35704,22550,22287,68111,0,7071,24774,9383,4748,1734,0
12799,41,2,1,0,0,0,0,-1,0,5398,4440,560,2083,6358,12273,0,446,219,58,2301,144,0
53110,27,1,2,4,0,0,0,0,0,16564,16322,20429,30429,17149,37479,0,588,4106,5026,6032,5798,1
27524,60,1,1,-1,-1,0,-1,-1,-1,16905,7285,15489,20039,20196,6581,0,905,7317,4802,6706,2103,0
34571,30,1,1,-1,0,0,0,-1,-1,27932,8373,4540,7868,12841,20008,20094,3771,1029,3587,813,4596,0
160266,50,3,3,-1,0,0,0,0,0,35680,105320,72720,9941,31733,20095,7155,22121,25264,5714,13323,13267,0
15115,72,2,1,0,0,-1,0,0,-1,8332,5688,8674,4574,5436,2511,2382,1077,274,338,1674,0,0
17818,71,3,2,-1,2,4,5,5,4,7481,10878,5231,5301,11524,5055,0,296,1160,510,0,0,0
73741,40,2,1,0,0,0,-1,-1,0,16301,39733,32885,14858,38364,24679,2811,9803,18911,2847,3377,9151,0
33657,63,2,1,-1,0,1,0,-1,0,12066,16691,19650,8053,32861,2740,7227,1991,0,0,5099,1913,0
55517,54,2,1,0,-1,-1,0,-1,0,30113,28566,21624,13654,29651,19165,1540,15004,1916,8284,6243,6023,0
153835,46,2,2,0,0,0,0,-1,-1,13467,32053,52218,129171,142138,23086,9051,18422,16369,37000,56003,12292,0
82760,28,2,2,-1,-1,1,-1,-1,0,38829,11425,58378,48806,42881,16285,31312,5035,15229,0,6737,7128,0
33693,41,2,2,0,0,0,-1,0,0,15772,8528,2408,19574,16881,3079,2995,544,1600,4876,8823,441,0
44047,56,2,2,0,0,0,0,0,0,31732,11270,17255,36393,36730,19361,12388,4991,0,20885,9288,1345,0
52460,74,3,1,-1,0,2,6,6,-1,6111,12844,36359,11339,42539,22787,3338,3681,3799,1354,20421,11130,0
114058,21,1,2,0,-1,0,0,-1,0,9648,40862,41607,24909,78458,38690,1690,0,3454,10415,11775,6486,0
49841,59,2,1,3,3,-1,-1,0,-1,22892,10304,35138,9030,8891,36950,3946,1357,14763,2774,2568,0,1
91579,66,1,2,0,0,0,0,-1,-1,37311,21477,20346,7721,21730,65956,2911,9005,0,413,9669,20883,0
91650,72,1,2,-1,5,-1,-1,0,0,34416,44846,19408,27816,71905,45735,4870,13264,2311,1871,12836,14562,0
45534,43,2,1,0,4,2,5,-1,-1,9077,11761,7053,25309,17663,2718,6102,886,4267,0,3367,637,0
30206,27,2,3,0,-1,0,-1,0,-1,13116,18621,11213,15514,7537,12357,6924,0,5217,8929,468,2058,0
88794,35,2,2,0,0,-1,5,-1,0,35444,10710,29466,23919,37131,72908,8778,2289,11292,4247,8467,0,0
86673,66,1,1,1,4,-1,0,-1,0,10250,46571,18792,55388,6110,17275,4965,15991,3248,26364,531,2976,0
10000,68,4,1,-1,3,3,1,5,4,1650,1585,1552,0,838,5613,0,219,1023,0,305,0,0
17723,55,4,2,0,0,5,0,0,-1,11014,10744,2720,11593,10381,14263,2469,3284,144,2693,49,1886,0
33371,27,2,2,0,-1,-1,0,4,-1,5091,19125,15715,29303,5500,4704,1840,0,861,9104,3195,322,0
29214,27,3,1,0,0,0,4,-1,0,15165,15199,15404,22329,7926,17572,2895,1109,0,0,0,4672,1
179804,46,1,2,0,6,1,-1,-1,2,27014,53425,74434,53738,80344,74306,2957,30292,17004,0,18853,14340,1
635305,52,2,1,0,0,-1,0,-1,0,42366,139414,134391,348587,149382,81222,7759,23544,70049,0,68477,0,0
10000,22,3,3,0,4,1,3,1,4,6880,7336,2952,1675,3043,4168,1791,1046,101,662,834,1378,1
62537,58,2,1,6,-1,0,-1,-1,-1,18676,22824,20356,15720,39920,33850,1433,11759,3279,3026,5496,6755,1
51827,50,2,2,-1,4,0,0,0,-1,40677,27616,18285,6206,11727,25269,3014,5827,3158,1019,1707,7818,0
42429,21,2,2,0,-1,0,0,0,0,4732,12017,30058,37090,17437,26107,0,5138,8859,1032,2417,5707,0
75686,26,2,2,-1,5,5,0,-1,4,27185,51395,20140,12764,33992,34837,12320,13117,11345,7443,2134,16520,1
55261,45,2,2,0,-1,0,0,0,0,25293,39912,29488,16646,30786,14185,805,21576,15666,7857,0,3515,0
51396,60,1,2,-1,-1,-1,2,-1,-1,5542,24751,25675,31354,1826,14215,3133,9203,5238,0,124,2976,0
70253,65,1,1,0,-1,0,0,-1,-1,59166,54991,18510,13094,11792,57734,29746,0,0,4403,2137,16378,0
76515,44,2,1,0,0,0,-1,-1,-1,5361,42776,29095,37030,16886,16616,1119,790,1697,12494,0,657,0
70910,36,2,2,0,-1,2,3,0,0,15839,16993,9021,30615,25737,25052,8199,0,0,2253,8171,4737,0
57005,73,2,1,-1,0,-1,-1,5,6,15834,6581,24987,30192,31888,19197,3698,2248,9337,0,6378,9579,0
21516,45,3,2,0,0,0,0,2,0,15124,2936,11210,0,6843,3576,3024,157,0,0,0,462,0
467574,38,2,1,-1,0,0,-1,0,0,234999,199441,243772,238388,204353,49146,0,0,50660,0,11065,0,1
65356,44,2,2,-1,0,-1,-1,-1,0,27406,26742,42548,39072,12795,38415,4433,7374,27594,6629,5736,15178,0
90216,21,2,2,0,0,-1,0,-1,-1,39236,36063,11902,37449,24154,23529,6632,12297,7050,11274,9112,4167,0
32655,37,2,2,6,0,-1,-1,0,0,11749,8642,17330,15404,6795,20587,5066,4953,3116,2776,2708,7124,0
57048,48,2,1,-1,4,1,3,-1,6,26483,42376,30413,31812,6146,27374,1278,15334,11475,5335,1191,6811,0
56686,70,2,3,0,-1,4,-1,-1,0,10839,19728,1280,26756,16672,27035,4261,1855,265,3961,5522,10828,0
10619,60,2,2,0,2,-1,-1,-1,-1,8389,1925,7558,5420,2324,7137,1354,935,423,1986,151,2430,1
27630,63,2,2,-1,0,0,-1,-1,0,6849,6772,12170,4745,11534,13208,190,886,1151,539,4405,3570,0
27224,50,2,2,0,0,0,-1,-1,0,5139,13106,6947,1354,12311,17879,499,4544,0,110,4175,8910,0
21225,26,3,1,0,4,0,2,-1,-1,5901,1679,1636,9460,854,10451,0,621,854,133,346,0,0
29161,42,1,1,-1,0,-1,3,0,0,14598,21839,11808,8693,12319,8529,3639,0,440,464,2101,0,0
50771,74,2,1,0,0,-1,-1,-1,-1,27411,19471,12336,33542,17393,18547,906,477,3960,7040,4087,619,0
149924,23,2,2,0,0,-1,-1,0,-1,40971,19594,82893,71116,18673,69675,9521,3315,54779,23891,0,6913,0
76180,68,1,2,-1,0,-1,-1,2,-1,17693,45086,9653,16181,2358,55067,0,15619,1097,2569,894,16059,0
19053,57,2,1,-1,0,-1,0,0,-1,10192,4480,13395,5959,13025,9273,1659,2966,1645,0,4139,6580,0
21488,36,2,2,-1,-1,-1,-1,0,-1,11573,6454,15052,6685,5307,9559,2837,766,1838,625,3644,0,0
36255,63,2,1,0,2,-1,6,6,3,15103,24884,17666,18316,25236,12682,2178,4643,4382,2360,10936,1700,1
15796,66,2,2,0,0,-1,-1,-1,0,7787,7025,10154,5822,9926,3667,238,2302,2764,282,0,414,0
87556,23,1,2,-1,-1,0,-1,5,-1,12019,61201,58838,18725,14424,9599,6360,3348,2437,3452,4756,1031,0
202592,26,1,1,-1,-1,0,0,-1,0,92252,38398,65334,150886,84674,100056,23329,11213,1996,65338,28567,7374,0
30923,56,2,1,0,0,-1,0,0,0,5931,2468,12005,12237,12377,24270,0,215,4777,306,2704,6937,0
52099,74,2,2,-1,-1,0,-1,0,0,43801,15940,25320,41860,28957,12409,29614,1831,3592,4669,0,1490,0
34781,22,2,2,-1,0,0,0,0,0,12705,11124,6128,8877,14154,12278,1322,1987,2684,1332,2875,235,0
20735,56,3,1,0,3,-1,-1,4,3,3542,14187,16928,5557,6449,1749,763,2311,5922,2441,2235,57,0
57048,28,2,2,-1,1,0,0,0,0,33314,36918,37356,14892,13965,18450,9092,0,23259,10864,8324,687,0
40369,56,1,2,0,4,0,3,-1,-1,10869,27875,21367,30769,12136,26678,1823,4240,3907,4782,321,5775,0
25675,54,2,1,-1,-1,2,0,-1,0,7373,10851,16178,13133,2154,2694,2436,1434,11064,2062,258,224,0
18789,25,1,2,-1,0,-1,0,-1,0,9203,8995,16182,7203,13630,1397,4694,4583,0,2394,0,147,0
51620,57,2,1,-1,4,0,2,0,-1,15192,17340,27203,38193,34322,9526,4425,5736,2403,11850,2355,783,0
161148,69,1,2,0,-1,-1,0,0,0,28034,31477,10441,22670,132120,125097,11839,2402,4334,0,65223,90216,0
86322,67,2,2,0,-1,-1,-1,4,-1,34394,33317,13039,18096,77836,7225,2590,8139,6277,4106,10150,0,0
161715,22,2,1,-1,-1,0,0,0,-1,48422,15515,105543,98125,30731,79835,0,1746,15436,0,0,25051,0
28577,34,2,2,0,0,-1,-1,-1,1,15583,17231,16798,18675,17802,0,3735,6565,3294,9408,6460,0,0
135553,34,1,1,0,-1,-1,3,0,-1,40572,42402,94828,76806,66475,36850,3570,3649,0,23184,5414,0,0
28406,45,1,2,0,-1,-1,-1,0,0,14624,8034,12954,13153,12033,22046,2337,0,8485,0,3736,3813,0
86457,28,2,2,0,0,6,-1,0,0,45059,25183,40855,32570,37299,50642,2626,3567,5453,13746,1148,35462,1
182654,67,2,1,0,-1,-1,-1,3,-1,6222,15643,46323,65012,108443,117903,0,1954,7298,15309,0,36340,0
102250,62,1,2,-1,-1,0,0,-1,0,72457,75023,44007,75058,66095,14465,22544,4302,16792,20995,0,7003,0
129673,64,3,1,4,-1,0,0,-1,0,20747,77334,19107,40309,41486,31472,4210,9475,1858,11581,5303,8687,1
30364,31,2,2,0,0,0,0,-1,0,5617,13448,8542,12805,15162,9863,0,648,1156,4883,3834,0,0
44029,21,2,2,0,-1,-1,-1,-1,0,11885,11391,0,2089,14240,6751,2301,2300,0,0,7375,849,0
32988,70,1,2,0,0,3,2,-1,0,20295,14697,4758,9128,17372,17048,0,5565,0,3293,4182,3929,0
50404,36,2,2,1,1,0,0,-1,2,4793,0,14509,18713,20831,5208,382,0,5187,4918,1742,1277,1
85153,56,1,2,0,-1,0,-1,0,0,22307,29929,52870,7231,18018,47822,9345,9072,37309,2390,480,15180,0
70073,70,1,1,0,0,0,-1,-1,0,17920,29182,7280,22249,37303,32652,4325,0,2588,658,7631,0,0
33546,22,2,1,0,-1,-1,-1,-1,-1,17788,20481,5629,28390,16070,22779,964,1036,1553,0,2168,4949,0
33104,21,2,2,0,-1,0,0,-1,0,15048,6039,19071,12946,11515,21750,12788,4284,8795,0,4786,974,0
45227,21,3,1,1,2,5,4,4,2,15253,18701,16841,12522,34103,13544,3620,413,1724,2524,10279,1860,1
30209,29,3,1,-1,-1,0,-1,6,5,17197,24088,13935,12771,6824,9280,1634,11166,0,1744,382,2393,0
27310,23,1,1,0,0,0,-1,0,3,3407,14131,10034,7217,10541,20453,2038,2688,0,4576,2306,2083,0
15042,65,1,3,3,0,-1,0,0,0,14948,5769,0,7606,2994,9678,1966,0,0,5495,1378,1769,1
30442,53,2,2,-1,-1,3,0,0,0,13973,10564,10869,11011,22349,9792,1793,4006,4515,0,0,218,0
11356,73,4,1,4,-1,-1,0,-1,0,0,11356,5844,4902,9168,2904,0,7365,677,3286,3140,370,1
17586,64,3,1,-1,0,-1,3,-1,-1,2809,95,6270,3849,426,5387,0,14,2281,2039,140,0,0
48914,73,1,2,-1,0,-1,0,0,-1,4914,33886,8813,14193,20110,15714,0,16289,2206,5738,1111,924,1
61058,33,1,1,-1,-1,0,0,0,0,2008,11421,27336,30805,24223,18046,740,633,9842,5922,5698,3720,0
40282,36,1,2,-1,-1,0,-1,-1,-1,25525,16433,17915,20249,4932,25578,5739,0,5783,3147,1963,3901,0
198052,66,3,2,0,0,5,4,6,-1,112282,88769,103628,90341,44361,44957,20660,24044,44108,7741,19520,6914,1
17874,34,2,2,0,0,0,-1,-1,0,13811,6414,3109,4835,11407,12835,3214,653,564,1886,1739,6107,0
128974,24,2,1,-1,0,0,-1,-1,6,82020,46846,105150,52073,70344,33174,1880,29451,38604,14078,45396,3040,0
43042,57,2,2,-1,5,-1,0,0,-1,11337,31043,27017,17923,25144,17560,1362,4991,2539,7135,11180,6346,0
40556,64,1,3,-1,-1,-1,0,1,0,16038,22402,24359,9098,8121,7469,3832,2200,4242,5258,1144,2256,0
78437,73,2,1,0,-1,0,-1,0,0,12582,47568,47896,18862,5519,12601,4291,15522,13012,1266,505,5208,0
47770,71,1,2,0,0,0,-1,-1,0,3021,19243,17780,2824,28279,13087,1861,4730,5809,0,1897,5013,0
25704,27,2,1,0,-1,0,0,0,0,13779,11936,2101,13191,12524,5878,667,2509,332,0,271,0,0
205222,62,2,2,-1,-1,0,-1,-1,0,84916,33896,33138,89145,90018,58351,7144,6302,16315,49680,29122,26181,0
10000,66,2,2,2,4,-1,0,-1,0,5783,1993,3857,5331,0,320,2983,101,514,3878,0,39,1
56419,58,1,1,5,-1,-1,-1,0,1,13365,20936,26953,22331,11262,9718,1417,2314,5662,0,2339,3813,1
39949,65,3,2,0,6,1,-1,0,2,15239,8893,18367,14276,7676,26006,2454,1711,412,3414,4290,3979,0
151208,66,2,1,0,0,5,-1,0,-1,119174,94536,34458,40045,58079,30298,77884,0,3828,457,14556,0,0
49897,45,1,1,-1,0,1,6,5,-1,16048,22718,15412,12335,29891,21864,6178,1388,5502,4087,3996,0,0
576819,23,1,2,-1,0,-1,0,0,0,105756,212406,227191,320732,217253,294477,64226,44728,93364,28052,929,0,0
89975,45,2,1,-1,-1,-1,-1,0,0,23805,52352,15982,8061,28182,76035,13138,1346,9142,2107,8251,10851,0
10328,31,1,2,4,0,-1,0,-1,0,2856,4136,0,634,2314,7646,448,1397,0,58,159,297,1
21450,27,1,1,0,-1,0,5,4,-1,5035,8064,21450,10413,5578,13346,0,0,2383,4208,657,3796,1
82952,27,1,2,-1,-1,-1,4,-1,-1,48615,17187,43276,9582,54766,28325,10635,9394,19251,2304,16254,666,0
27484,58,1,2,0,-1,-1,0,-1,-1,3102,14191,22951,14374,15097,2930,0,4665,7543,0,836,1160,0
75983,48,2,2,0,0,0,-1,0,0,35632,35893,58009,13014,51438,42076,11093,14886,8109,0,6809,18244,0
34098,50,2,2,0,-1,0,-1,6,-1,18113,17521,6634,17943,6323,19771,0,3614,386,0,895,199,0
26361,61,1,3,0,-1,-1,0,0,0,10418,9839,12471,22394,16541,12100,2136,530,5483,3054,6576,2014,0
22659,50,2,2,-1,0,-1,0,-1,-1,2642,11965,4279,8040,5401,16798,1596,908,739,0,0,1373,0
135673,55,1,2,0,0,-1,-1,0,0,71658,12331,8871,33197,8130,93541,9099,3851,2291,8182,3302,3796,0
13603,25,1,1,0,0,-1,-1,0,0,7300,8607,1524,9485,0,5556,1841,668,408,333,0,0,0
158370,66,1,1,-1,0,-1,3,0,0,97537,96422,96306,47629,28291,46394,16200,0,4039,3574,0,14074,0
115801,45,2,1,-1,1,-1,-1,-1,-1,4132,14909,7230,36523,58355,47518,0,1379,0,4185,959,8051,0
26323,29,3,2,2,3,-1,0,4,3,7422,3103,5034,18864,14999,11855,2257,0,734,945,2251,593,1
15937,64,2,2,-1,-1,0,0,0,0,1660,4316,4320,6500,5217,1636,439,966,1423,694,0,60,0
107062,60,1,2,0,-1,0,0,-1,0,27204,85748,22636,74218,47811,18052,15198,31392,13159,0,7877,4014,0
46508,23,1,2,-1,-1,0,5,-1,-1,11697,9825,7562,39870,23506,28252,5391,1994,0,13606,6077,6050,0
20422,31,1,1,-1,0,0,-1,0,0,5025,10539,12461,5702,7472,14456,3369,1257,3078,1678,2442,5530,0
158045,21,3,2,0,-1,3,4,-1,-1,66299,75510,49644,30402,45988,19949,16751,42801,24424,21519,0,4039,1
33824,35,1,1,0,-1,-1,0,-1,2,0,23611,18983,3761,11848,12033,0,8514,0,0,0,1626,0
10568,26,3,1,-1,-1,0,4,-1,0,4357,3426,5605,3916,797,2489,998,1400,1115,316,0,0,0
61576,59,2,2,0,-1,0,0,0,0,33499,43844,22545,22384,15693,11637,9736,0,3691,8829,2510,3362,0
46430,49,2,1,0,-1,0,-1,0,0,16229,14612,18125,23302,19428,30192,8334,7156,2571,716,3483,3274,0
112676,73,3,2,-1,0,0,1,4,4,10083,71803,22846,87097,47053,5749,1090,13671,6999,10420,16086,0,0
50617,61,1,2,0,0,0,-1,-1,-1,13870,2663,7112,15114,26142,36288,7747,0,1316,0,12023,5736,0
36462,54,2,2,-1,-1,0,-1,-1,0,28216,13416,22232,15017,13163,10883,13659,2133,0,7026,2949,2601,0
89738,48,1,1,3,6,4,0,-1,-1,20642,9411,61612,40411,29934,63474,0,2839,8337,15011,14479,0,1
40252,23,3,1,0,2,3,1,3,1,4806,16340,17062,11104,27073,9592,0,1589,8500,3731,5801,4674,1
58925,24,2,1,-1,-1,-1,-1,-1,0,38086,34605,36062,21987,14801,26002,15252,8802,13879,4017,0,7763,0
85308,54,1,2,0,0,0,0,-1,0,28722,28924,46297,22859,19652,28045,3060,7845,0,994,666,6536,0
39144,21,3,1,-1,0,0,0,4,6,26116,9258,16752,6463,8453,13033,11723,2123,3775,2898,1554,2483,0
49182,23,1,1,0,-1,4,0,0,0,26800,27232,29762,27357,27975,45912,15297,4631,1386,2537,4138,8866,0
133601,32,1,2,0,0,0,-1,0,2,24640,66535,36982,24011,35313,88193,9866,968,9787,6936,0,9971,0
36756,68,2,2,-1,0,0,-1,0,0,26842,9598,17445,6152,22221,23940,8633,0,4250,0,9092,3365,0
93291,45,2,2,0,0,-1,-1,0,0,51599,9107,26581,44049,61071,6869,12519,2681,6113,3659,0,873,0
104144,59,3,1,0,-1,2,3,5,1,47954,86348,7352,35721,13843,28679,23715,0,0,9077,345,8004,0
28508,43,2,2,-1,2,-1,-1,1,-1,6293,11761,0,19825,11378,11359,1655,1629,0,2256,5458,1826,0
335570,30,2,1,0,0,0,0,0,-1,21618,109424,167721,110273,158292,224852,2963,12038,47977,40627,73103,44001,0
38808,41,1,1,-1,-1,0,-1,-1,0,18093,5741,19428,10285,2771,8970,2765,508,4348,0,1641,0,0
39032,25,1,1,0,0,5,1,3,0,11360,3217,25301,20389,7177,16583,2672,1464,0,8839,1754,0,0
52855,62,3,2,-1,-1,-1,-1,0,0,30802,4139,16119,16170,13440,12867,2253,1961,6549,4789,7627,5176,0
97706,30,1,2,-1,6,0,0,-1,-1,26820,33943,41950,31636,54056,17577,5877,7806,13538,0,17555,0,0
51919,41,2,1,0,-1,4,-1,0,4,36091,32888,16955,21781,18432,14847,476,2005,5222,1877,6010,8656,0
132068,73,1,2,0,0,6,-1,0,0,94879,65782,44871,21026,32609,86391,0,0,12752,3548,2904,4843,0
84000,52,1,2,5,-1,0,-1,-1,0,6411,16919,31398,27876,21873,14008,3190,9980,3603,0,3366,7130,1
255913,45,2,1,-1,-1,0,0,0,0,80922,234053,178298,70317,117182,133882,0,0,0,37720,17882,3258,0
46977,50,2,2,0,-1,0,0,0,0,25040,5497,7129,13930,25753,9891,8332,277,6091,7547,3617,468,0
24745,63,2,1,-1,0,2,0,0,-1,16501,8023,8609,13508,0,5571,1046,2676,3625,4964,0,1384,0
22069,34,3,1,6,-1,5,-1,2,-1,3354,10807,12875,15277,14207,5422,0,998,7792,1643,0,2049,1
100060,55,1,2,-1,-1,-1,-1,5,4,10400,13070,22227,37690,45001,26237,721,2537,3941,0,16696,7058,0
72313,68,2,1,0,0,0,-1,0,1,45237,24882,37446,53769,38243,35290,17863,3058,1210,34355,15434,6160,1
80955,51,1,2,0,6,0,6,-1,-1,54185,59285,51826,6582,28333,36856,11735,4408,10654,0,7449,10958,0
24844,45,2,1,1,-1,-1,0,-1,3,15210,17831,2231,18002,21602,5963,933,3195,391,3766,2918,962,1
166606,28,1,2,-1,0,6,-1,0,-1,35996,36442,50250,121230,88340,108020,6724,9237,0,56690,25726,5247,0
230865,34,2,2,0,-1,-1,0,-1,-1,78989,34480,62063,30854,42454,130947,7455,16763,34199,6373,18667,42071,0
70252,72,1,2,0,0,2,1,0,-1,12469,40256,56672,23717,38278,47628,1079,5225,15816,2075,5129,5777,0
208664,50,2,2,0,-1,-1,0,-1,-1,71571,9974,160098,23167,93336,133550,31378,4444,0,9907,9985,7021,0
98027,37,2,2,-1,0,0,-1,-1,-1,35372,21898,41804,68687,43833,19359,5863,5863,8511,4584,2498,893,0
202455,43,3,1,0,-1,0,0,-1,-1,42535,144916,90339,98021,108753,42519,29322,9072,0,28735,3544,3827,0
100166,52,1,1,0,-1,0,-1,-1,0,47794,19332,29104,78626,52041,16219,5859,4075,4279,16322,9754,4268,0
38277,50,4,2,0,0,-1,-1,-1,0,18747,15401,9081,2843,30987,16104,5901,2548,0,492,7168,12604,0
134644,58,1,2,-1,0,0,0,0,1,46940,17173,79342,67338,36368,63638,10278,1234,13691,16337,6104,1001,0
48513,34,1,1,-1,-1,-1,-1,0,-1,15247,7759,30180,25227,25522,28994,698,2030,5072,5345,10604,3533,0
95050,56,1,2,0,-1,0,-1,-1,0,49121,63095,41452,34164,25054,56982,14527,2751,8028,0,2979,4909,0
198997,44,1,1,-1,0,-1,-1,-1,-1,141321,91178,73703,77611,119187,126189,44927,13678,1869,3671,42269,20387,0
94429,71,2,1,0,0,0,-1,-1,-1,31530,12521,44039,26861,39187,40664,5728,0,15494,5776,0,4104,0
66950,29,1,2,-1,2,-1,0,0,-1,29104,25132,29293,11482,6443,27281,12282,2550,0,0,1039,0,0
57545,29,2,2,0,0,-1,-1,-1,0,8731,32572,42112,39637,11217,11406,0,1053,11018,2430,2178,276,0
89871,45,2,2,0,-1,0,0,0,0,31022,42092,18343,40552,13986,36862,9887,19711,754,2178,4075,0,0
61259,48,3,1,-1,0,-1,0,-1,-1,34059,33402,19381,7537,35899,31817,26171,6576,0,759,5266,0,0
89326,58,2,1,0,0,-1,-1,1,0,52407,25572,25798,59951,67675,8984,17553,16858,7287,1114,17406,3401,0
64315,42,2,2,-1,0,-1,-1,-1,-1,9505,47844,7141,25702,39278,39598,1340,1393,875,12964,0,4722,0
35483,70,1,1,-1,0,-1,0,0,0,17720,10501,17220,9479,9372,10200,8297,2364,5737,2022,4738,4229,0
28792,46,2,2,0,-1,-1,0,-1,-1,1076,16997,3400,17989,18987,13042,0,3849,658,5452,0,679,0
99250,27,1,1,-1,-1,0,-1,0,0,51722,26929,14443,26498,13732,13867,2360,6127,1499,0,1105,6601,0
133471,27,1,1,-1,3,3,0,-1,0,19506,117722,35860,63303,74407,4350,9127,56380,7199,29442,62719,171,0
120333,73,1,1,0,0,0,-1,-1,0,54802,61641,3351,97244,77762,18947,13654,35545,1808,45569,14763,11825,0
28561,28,2,1,-1,-1,0,0,0,0,10220,5502,16252,16212,454,11944,2813,873,9692,5302,0,2987,0
43436,72,2,1,0,3,4,0,0,0,13764,15972,23047,2796,24042,8795,6430,6416,0,1274,3400,3321,0
19159,36,2,2,0,-1,-1,1,0,-1,7503,3335,8783,11412,14827,5345,1111,0,2979,1958,4942,0,0
22546,26,1,2,0,0,-1,4,0,0,15391,8544,10141,8160,5485,10422,1412,5811,1430,3398,2214,4858,0
52322,37,2,1,0,0,-1,-1,-1,-1,23129,38534,47840,28698,10111,5816,0,13549,19427,8029,351,2221,1
145295,54,2,2,0,-1,-1,0,0,-1,92384,33444,70518,115985,33058,85971,28079,24759,27498,24616,8595,42163,0
74333,44,1,1,-1,-1,0,0,-1,0,14936,18614,35248,19170,13728,19971,2742,4722,0,8192,0,9385,0
225597,63,2,1,0,-1,-1,0,0,0,99624,96919,172691,162852,37720,86840,10476,30245,52340,0,4672,31525,0
42989,53,2,2,0,3,-1,0,0,0,38084,14371,31092,21702,5727,24248,16803,2415,6911,2482,1254,857,0
50260,42,2,2,0,0,-1,-1,0,1,33240,10795,13788,27589,31913,35423,21010,871,8503,1149,11651,13689,0
31059,55,1,2,0,0,-1,-1,-1,0,16561,11162,22323,1015,12606,12101,7869,3757,7297,250,0,171,0
37130,73,2,1,0,0,-1,0,-1,0,19471,13181,6933,24107,6613,2032,3313,8220,607,10158,0,248,0
26489,43,1,1,-1,-1,-1,-1,-1,0,13212,11342,3529,8504,19320,2671,3122,7405,1466,2368,467,817,0
19934,29,1,2,6,0,-1,0,-1,-1,13810,111,7657,1951,7541,6083,1527,0,456,755,1961,1466,0
26852,43,1,2,-1,-1,0,-1,-1,0,16804,12017,16035,446,3833,6944,4839,4126,377,53,470,1585,1
52481,66,2,2,0,0,-1,-1,0,0,8958,4520,32082,23535,20117,43821,366,2981,2365,0,377,0,0
38067,32,1,2,0,0,-1,0,-1,0,7625,7524,19188,24710,12954,23334,0,421,8646,2056,1368,12536,0
32862,72,2,1,3,2,6,0,-1,0,21263,3757,24116,29158,7322,20529,7987,192,0,13517,0,5358,1
95260,52,1,2,-1,1,0,0,-1,0,42622,6901,20194,15823,71905,60897,15648,3825,4121,5544,8207,6922,0
14199,53,2,2,-1,-1,0,-1,1,4,9894,2323,13435,4531,2711,563,2176,593,7476,568,848,295,0
73225,38,1,1,4,1,-1,-1,-1,-1,22251,17636,47501,7817,21423,16667,0,0,6944,3645,0,4066,1
96612,70,2,1,0,-1,0,0,-1,-1,60891,21170,15135,49726,24027,23841,17595,13979,4271,0,535,3011,0
103533,22,2,2,0,-1,0,-1,0,-1,79455,31302,31665,41716,39086,3252,0,0,4398,9563,28972,1601,0
74106,37,2,1,-1,0,0,0,0,0,44596,25555,27971,38558,30168,55347,5742,2467,4666,20165,6396,21368,0
65823,43,1,2,0,6,2,-1,-1,0,42664,14945,40546,14707,23890,15830,1777,1241,13488,192,12505,0,0
29762,46,2,2,0,0,0,0,6,6,8013,23374,3117,12875,15978,8002,465,5271,2035,477,1666,1208,0
32126,46,4,2,0,0,0,-1,1,-1,4649,25472,14418,4301,12580,4428,208,15875,0,1528,7226,2947,0
128810,28,3,2,1,-1,-1,-1,-1,0,29564,27487,76246,33138,32125,34642,10824,10781,7649,7975,0,3874,0
85384,33,1,2,-1,-1,0,-1,-1,-1,74233,18242,18944,35254,42762,61351,16423,7701,2868,3819,4897,4751,0
45003,26,2,2,-1,0,0,-1,0,0,12547,26954,20716,32916,13751,28538,1505,1647,1847,6462,4040,6046,0
107734,51,1,2,-1,6,0,0,-1,0,92511,80237,19395,76241,17683,24901,0,20630,1458,0,4726,7011,1
71414,39,1,1,-1,-1,-1,0,-1,3,16907,44300,9792,26293,35685,37284,4890,2658,2580,6498,11539,21503,0
58725,51,2,2,0,-1,1,-1,0,0,12445,42680,6748,17321,33898,27582,3333,15510,0,4230,11507,0,0
40240,52,2,1,0,0,-1,-1,-1,0,10434,13086,32549,9830,15632,6853,3164,1399,0,2601,4515,3493,1
35173,58,2,1,-1,-1,2,-1,5,0,20747,22792,15853,12681,9153,4272,2644,5443,0,3212,5630,450,0
76124,50,3,2,0,0,0,0,0,-1,17133,26265,26626,16098,41026,51190,5575,2727,5021,4245,14908,11069,0
14417,55,1,1,0,-1,0,0,2,0,3673,1992,6781,7360,1119,5348,0,110,3815,925,0,0,1
71889,52,2,1,3,3,0,0,0,-1,37222,56799,33697,57826,26258,18656,13394,13038,4212,0,0,0,1
33476,56,2,1,-1,-1,0,-1,-1,1,13513,1308,4255,9310,6204,16201,4862,293,203,0,2903,368,0
14947,54,1,2,-1,-1,-1,0,-1,0,2887,8775,8959,3000,12975,2668,444,0,2220,384,6952,467,0
22478,38,2,2,-1,-1,-1,5,0,-1,9540,22478,9478,2611,3317,10494,712,0,2833,792,1716,3203,0
33339,34,3,1,3,0,0,4,-1,-1,15051,9957,19432,7561,7276,12748,3862,5140,4359,1811,1129,1059,1
53166,63,2,2,6,0,0,0,0,0,14073,12176,34241,8009,29104,25649,2775,0,3837,2587,12510,4427,1
124054,39,1,1,-1,-1,-1,-1,0,0,68660,60756,85627,13926,38289,45115,13130,33323,0,2539,0,16976,0
93565,50,2,2,-1,0,-1,0,-1,0,33584,46420,23405,30367,8243,62604,9578,13376,13960,12173,2927,21504,0
10000,31,3,1,-1,-1,4,0,1,2,4520,6266,10000,0,10000,9154,1033,0,1732,0,4989,1052,0
46412,44,3,2,0,0,5,0,-1,-1,32995,18701,15816,10908,28639,27804,7406,3768,0,4619,0,4829,1
87801,49,2,2,0,0,-1,0,0,-1,18859,57886,36521,55418,22355,14551,1888,15384,9076,9610,6251,3286,0
58403,54,2,2,0,-1,0,-1,5,-1,24622,26082,19835,28609,29852,7165,2609,3088,0,9162,8028,4700,0
73273,49,2,2,0,3,-1,-1,-1,-1,6562,46841,22394,41115,34258,42529,2269,26209,13710,11362,1594,6209,0
10446,40,2,1,-1,-1,4,4,1,0,2407,1578,1171,5819,2983,4124,452,732,367,0,121,957,0
15539,72,3,2,-1,5,1,-1,-1,0,9108,9370,13291,7752,3011,4554,545,309,5926,1196,785,444,1
146215,48,2,1,1,-1,-1,3,0,-1,18910,13218,55015,92268,71660,59394,8384,2308,16186,33794,6120,7426,0
39192,64,2,2,4,0,-1,3,-1,-1,10996,10532,8232,27566,22623,14862,1658,2146,2332,8097,1054,6218,1
406343,60,1,1,0,0,0,0,1,-1,298057,95345,184312,204982,115835,99561,83236,35472,84935,79305,50919,20935,0
17628,51,2,1,0,0,-1,-1,-1,-1,839,5641,10937,1638,2656,3991,66,2105,2784,552,0,503,0
239783,68,1,1,4,-1,-1,0,-1,0,155856,133552,12403,117420,182258,59482,53578,80139,4156,41474,0,34069,1
42104,27,1,1,0,0,3,-1,0,6,8520,38410,5348,20405,21778,21618,1792,5814,1485,0,6065,1119,0
97728,70,2,2,0,-1,-1,0,-1,-1,80938,35666,6177,31871,49064,11155,0,0,193,11619,16152,2147,0
38703,66,2,2,0,-1,-1,-1,-1,-1,15201,8196,20285,14630,18838,15143,1271,1411,6391,3434,0,3082,0
37641,48,3,1,6,-1,0,4,-1,-1,11312,19230,9309,15603,15518,15656,3135,6291,2448,3573,3611,2421,1
78939,60,2,2,-1,-1,1,0,0,-1,10618,12666,28788,38407,47151,61203,1585,2099,6674,0,25750,12182,0
21007,49,3,2,6,4,0,6,6,-1,12982,4798,13360,12716,8716,8071,1648,1382,922,1904,0,481,1
93049,35,2,1,-1,-1,0,-1,3,-1,31528,37072,13225,33773,59090,33102,19618,4488,0,2676,32094,11399,0
39628,64,2,1,-1,0,0,0,0,5,10535,2069,11859,33651,17152,22739,0,0,4560,8773,0,946,0
79135,34,1,2,0,0,0,-1,0,0,15546,53403,43129,26302,22260,19280,8338,9259,8864,5043,5742,6847,1
10000,37,2,1,0,-1,0,5,-1,0,3980,4557,8665,2861,5037,7428,1063,0,1525,425,0,2023,0
52396,49,1,2,3,5,0,0,2,-1,47536,34182,21005,20755,35683,17025,9518,0,1736,89,0,0,1
188585,66,1,1,-1,-1,-1,-1,0,-1,47393,74573,168645,84138,41202,85426,0,0,27813,34003,15763,29617,0
119636,41,1,1,-1,0,0,0,0,0,96548,35686,64421,22217,77655,35415,31153,12310,0,2395,48162,12193,0
69742,47,3,2,2,4,6,0,0,-1,10208,16206,32065,39669,17883,36954,3683,7268,0,9660,8037,3157,1
51156,23,2,2,-1,-1,1,0,0,0,20068,15419,21000,16360,21235,13296,8779,3788,4846,4737,944,2811,0
131182,27,3,3,-1,0,0,0,2,-1,44238,12735,65772,48755,37683,48145,15908,4842,257,37235,20692,0,0
43220,24,3,1,0,-1,0,-1,0,0,29286,29063,5376,8234,18246,20053,3627,11184,1167,3570,3381,3746,0
20236,24,3,2,0,1,4,5,1,3,6276,9457,2432,6362,8882,4434,0,2706,73,1375,2218,657,0
136023,67,1,2,-1,-1,-1,-1,-1,-1,88317,92475,94764,64361,45079,91828,0,6220,0,4901,17178,17458,0
71783,66,3,2,-1,0,5,0,1,5,33970,6991,36869,15901,55481,6687,4769,2114,7931,8601,0,4030,0
56783,65,3,2,-1,4,0,-1,-1,-1,35776,38339,12529,9324,10768,37582,0,3945,3616,1386,1394,4182,0
24859,24,3,3,-1,-1,-1,0,-1,0,16758,7377,2292,11300,8382,7568,3022,1992,296,0,1562,2805,0
85961,25,1,2,3,-1,-1,0,0,0,34265,20991,46267,24360,16278,16979,5496,0,3860,0,9520,2114,1
209218,36,1,3,-1,-1,-1,0,-1,-1,137982,12700,85454,135159,77285,115479,52570,0,6638,86491,21896,33140,0
50280,51,3,2,-1,6,5,-1,-1,-1,6198,20910,29259,16083,35181,28039,875,4063,4412,5253,14667,7815,0
21041,39,1,2,0,-1,6,3,4,0,0,7203,10859,2346,15922,5644,0,1080,3122,372,0,2009,0
29643,47,2,2,-1,0,-1,2,-1,0,21683,9811,5408,11729,11563,12497,1540,4690,841,1322,1719,5931,0
28560,30,2,2,0,0,3,3,0,-1,15144,13379,15544,12507,9313,7993,969,0,9394,775,3947,651,0
37534,60,1,1,0,0,-1,-1,-1,0,10126,3679,11834,21225,22751,4307,2565,1066,988,1873,0,0,0
12675,37,1,1,0,-1,-1,-1,-1,-1,4231,5379,9468,11258,4855,3168,1329,0,1599,3498,30,1162,0
155715,24,4,1,2,5,4,1,1,3,52754,58864,59363,95285,57005,70435,0,0,13219,0,10370,0,1
17022,61,3,2,2,-1,1,5,3,3,15425,3353,11275,10155,12195,5162,0,839,0,3763,622,1015,1
18036,69,3,1,0,-1,0,0,6,6,9811,566,5527,8807,1660,7997,4938,86,1879,0,404,1113,0
14517,21,1,1,0,-1,-1,0,-1,0,7758,9398,9497,2844,174,3309,993,3020,1426,256,0,1551,0
137257,44,1,2,-1,-1,-1,-1,3,-1,106013,110748,9027,73446,30716,47371,22425,36819,3038,35019,4726,25852,0
45583,65,2,1,0,-1,-1,0,-1,0,33645,12721,17437,14934,41325,22956,15948,2493,3250,4028,15483,1365,0
37022,59,2,2,-1,0,0,0,0,0,7293,1918,15666,19446,18028,1829,4015,167,3271,0,1485,743,0
54071,67,1,2,-1,0,0,-1,6,-1,25680,16397,11680,18888,38800,18653,5128,1466,4182,3830,0,0,0
78452,43,2,1,0,0,0,-1,0,-1,32987,65317,36997,24374,22398,38641,0,4404,3040,1510,10110,14664,0
23372,41,4,1,-1,0,2,0,-1,0,5304,3914,8438,17068,12893,10884,1378,983,5601,2686,2106,3272,0
10000,59,2,2,-1,0,0,0,-1,-1,9183,3268,6731,2574,7713,4929,1217,0,758,587,3252,384,0
17444,29,2,2,0,-1,0,-1,0,-1,3190,5878,6741,4724,6503,3725,0,0,3220,1874,5345,1449,1
16734,33,2,2,0,0,-1,-1,0,-1,2213,6599,11004,13273,2775,2821,152,3604,0,4864,261,1991,0
85538,53,1,1,0,-1,-1,0,0,0,32667,33795,30626,16948,32518,3560,3909,4381,12388,3652,11860,0,0
144420,57,1,2,0,0,-1,0,0,-1,47735,29727,63536,24647,82762,57294,5209,9139,29427,0,56434,36774,0
158362,27,2,2,4,-1,-1,0,0,0,78591,54180,107031,42739,64311,109714,22186,2848,10475,0,11412,2986,1
13254,48,2,2,0,5,-1,0,0,1,981,7033,3060,5446,6953,5424,304,1081,732,1264,2439,2536,0
80516,40,2,1,0,0,0,-1,-1,-1,26490,40914,54170,52433,20827,49968,7225,19544,0,3589,2567,11,0
20978,48,3,3,6,2,-1,6,5,0,11601,4746,9976,8220,6084,8804,10133,125,6158,1919,2204,150,1
711576,72,1,2,5,-1,0,0,0,0,315137,463387,148994,358749,398095,45840,80383,61181,0,201286,118993,20627,0
207589,25,1,1,0,0,0,-1,0,0,137707,105198,123031,27858,45117,80258,104083,41172,18502,5220,0,10566,0
267798,74,1,2,-1,-1,-1,-1,-1,4,102708,83527,111765,177360,152304,41966,13189,3548,31061,52433,0,17777,0
130408,45,1,2,-1,-1,0,-1,-1,-1,36323,52271,45200,69042,31668,54884,3879,0,7968,30703,15978,22258,0
66536,62,2,2,0,-1,0,0,0,0,20407,21820,28145,22082,16282,36958,814,5919,1749,918,0,0,0
35522,43,2,2,0,-1,5,2,-1,0,7722,13238,14769,9015,14231,26100,2175,1220,6040,3139,6725,0,1
21244,37,3,1,-1,0,4,-1,-1,-1,2849,10324,9908,7705,15821,7853,905,303,2763,401,2273,5164,0
25846,62,2,2,6,4,0,0,0,-1,8139,12814,9000,7413,12780,9888,4623,2505,3661,0,1531,884,1
80343,58,2,1,0,0,-1,-1,-1,-1,40738,37763,51302,29985,61051,53718,0,18282,4325,0,0,4486,0
239137,28,1,2,0,0,0,0,-1,-1,169605,101805,114631,120320,36068,137462,110572,3543,15636,30451,15883,57223,0
36847,59,2,1,-1,0,0,5,0,-1,3697,25734,11636,29291,2676,26478,0,0,0,7718,1098,1039,0
38506,61,1,1,-1,0,0,-1,-1,-1,19529,8945,7761,9706,19976,604,7532,3110,3616,3382,8297,39,0
10472,41,3,2,-1,-1,0,0,0,-1,1967,6446,2911,8086,5302,2589,1006,1562,733,1689,1331,270,0
59620,70,2,1,-1,2,-1,0,-1,-1,36520,16488,38050,42014,26533,29534,11875,0,1704,31280,5017,6773,0
183484,55,1,2,-1,-1,0,-1,0,3,115656,55757,54159,71997,45295,76692,41707,0,12594,2075,4881,14794,0
190981,39,1,1,0,-1,-1,-1,-1,0,161892,81119,110990,107035,65729,119216,25894,25155,25275,38999,1412,34312,0
206741,21,1,1,-1,4,0,-1,-1,0,46332,132736,18562,50635,124928,114288,3773,0,9245,5536,29587,50583,0
47841,57,3,1,-1,0,0,3,2,1,39320,17280,5005,21754,24668,22412,5357,2303,2143,6193,0,0,1
73763,32,1,1,0,0,0,0,1,0,31045,22682,23615,16849,43972,21894,11765,9920,13079,973,11846,0,0
191429,61,1,2,6,0,1,2,-1,5,16438,38080,60083,112715,54823,27525,3578,11908,12575,6888,14538,4827,1
28237,49,1,1,0,0,0,-1,-1,-1,6072,3272,13330,14469,6959,4970,1163,305,1877,2318,2572,0,0
34452,46,2,2,-1,0,-1,0,5,6,7462,19689,17343,15657,5002,11640,1319,8205,5584,1920,179,5418,0
192659,29,2,2,2,3,2,5,5,5,47863,150873,120540,50133,149072,89313,12725,53345,5748,14539,0,40908,0
20750,59,2,1,-1,-1,-1,1,5,3,6984,13504,5788,10946,10379,6864,270,731,0,0,0,2820,0
47687,29,2,1,0,0,0,-1,-1,-1,0,10190,10746,39859,15079,24891,0,3077,0,0,9292,8845,0
113724,43,1,1,2,-1,-1,-1,-1,0,65884,89631,65787,23818,46154,45772,17060,0,12239,4985,0,11352,1
36661,66,3,1,0,1,-1,0,4,0,18103,23082,12759,25181,15551,13043,8408,3636,11351,11422,2179,3163,1
172130,70,1,1,-1,0,-1,0,0,-1,68922,56486,72570,4233,67737,19619,11340,11723,19854,599,22929,5643,0
232585,74,1,2,0,0,0,0,-1,-1,125926,61155,31248,173721,53148,52491,82674,16686,9337,66943,1721,15613,0
71950,72,2,2,-1,-1,0,-1,0,-1,64465,15336,44733,37404,63027,32424,17797,5193,7355,9054,17632,9128,0
208672,51,1,2,-1,0,-1,-1,0,-1,44577,50221,33618,26290,47908,65164,9598,22776,4489,6979,0,0,0
32647,31,1,2,-1,4,1,6,-1,0,15042,18895,13751,3337,22451,9110,81,0,0,0,15563,3235,0
43216,66,2,2,0,-1,0,-1,0,-1,6160,16137,7834,17791,41501,25901,2523,971,2879,2535,15653,10436,0
335760,64,2,1,0,0,-1,0,0,0,254427,70085,128583,225071,223970,136633,14869,26197,36500,28556,0,23872,0
324751,74,1,1,0,6,0,-1,-1,0,58834,229397,144596,187748,171474,167743,2319,62775,5210,88754,20035,0,0
24708,56,1,2,-1,0,0,0,0,4,9547,10000,6529,16402,21571,12767,2324,801,3309,6343,741,0,1
48522,28,2,1,-1,-1,-1,3,-1,-1,19847,555,15035,2696,32167,15392,6313,90,4291,1398,13141,0,0
76521,48,1,1,0,0,0,0,0,0,32454,33926,20513,18443,27572,14187,0,13653,5233,2135,5926,4623,1
95768,45,1,2,-1,0,-1,-1,0,-1,16252,28826,40043,16303,35284,30528,4348,1331,2095,0,7762,351,0
135840,66,2,1,-1,-1,-1,-1,0,0,67406,43397,72245,87090,54801,14166,6208,18694,30560,2459,22086,0,0
213486,42,2,1,0,0,-1,-1,6,0,87316,82384,158562,90360,45067,102730,22187,23181,40111,37849,10770,28734,0
35357,38,3,2,-1,1,1,2,0,0,25205,8633,25556,8280,13634,21709,4735,1501,7722,2684,7157,5788,0
120281,25,2,1,3,2,-1,-1,0,-1,49843,33033,46210,106206,37744,61494,5139,7388,23109,8340,8105,18984,1
115269,66,1,1,-1,0,-1,0,0,-1,78695,51924,18311,51559,78858,44302,45861,13285,0,1601,0,0,0
48199,61,2,1,0,-1,0,2,0,0,27951,23142,31252,22087,12135,20960,9631,1344,0,5640,2970,3345,0
12600,23,2,1,2,5,-1,0,3,3,3516,4286,8942,5820,6200,6215,1767,1756,1175,2040,0,436,1
155010,44,1,2,0,0,-1,6,6,-1,51144,64223,62457,53289,53313,51190,13825,1135,2391,28101,4919,4873,0
79551,46,2,2,0,5,5,0,-1,0,49375,18218,45648,26424,39782,22901,23598,2940,20808,7710,3183,9682,0
93727,46,1,2,-1,0,0,0,1,0,12490,40208,40633,74751,29962,14812,4669,18376,1380,39439,7595,2349,0
15651,70,3,1,-1,0,0,5,4,-1,8998,2697,6070,1693,13721,11462,485,411,1514,0,1699,1359,1
164494,29,3,1,-1,4,-1,0,-1,2,110144,131774,44737,17705,87635,50437,0,0,11724,6146,9339,17470,0
55380,37,2,2,0,-1,0,-1,0,0,33876,25093,28426,16881,18675,28472,0,2089,8150,3652,9849,4280,0
13769,30,3,1,1,3,-1,-1,6,0,10055,2240,3422,6962,8862,4971,475,385,2087,2551,4554,0,1
12106,34,3,1,0,-1,-1,0,1,0,5678,3645,6657,6794,8861,0,1435,0,1080,0,5288,0,0
118001,69,1,2,-1,0,0,-1,-1,-1,1989,58626,14992,54965,11678,34382,161,0,4855,2089,3452,10142,0
86318,71,2,2,0,0,0,2,2,0,63247,16725,16518,4606,25555,9677,34201,6170,1860,1658,9715,1807,0
33846,23,2,2,-1,-1,0,-1,-1,0,7725,11684,9723,4421,9890,16613,1608,932,3236,365,4012,3314,0
99366,55,1,2,1,4,0,-1,-1,-1,43864,38982,74905,2891,58770,11805,15978,6686,0,599,2967,1749,1
83623,33,2,2,0,-1,0,6,0,-1,36223,39530,19673,41432,24717,33457,9540,16125,1916,12072,7523,15135,0
76757,31,1,2,-1,0,5,0,-1,-1,27987,14292,15360,8028,6075,49143,12389,1531,897,3521,993,6112,0
19579,36,3,2,0,3,2,4,1,0,15180,0,3049,12580,7615,11677,0,0,1691,3600,1046,0,1
105776,31,2,1,0,0,-1,0,6,0,85858,30939,36367,25515,38038,11055,41713,5299,8254,0,1732,635,0
95808,47,2,1,6,-1,-1,-1,-1,2,54837,60827,26529,24871,41561,7140,25150,24195,14460,7339,4450,1384,1
77199,74,2,1,0,0,-1,-1,0,-1,23019,29390,20298,25894,32927,37523,5316,5381,12547,946,2724,3547,0
35224,52,1,3,-1,0,-1,0,2,0,9262,18352,8723,3853,26711,11512,846,0,923,1112,0,5237,0
11831,60,3,2,1,-1,2,6,2,-1,4839,11831,2410,3904,3493,214,3260,1881,732,0,120,91,1
72961,47,1,2,0,0,0,-1,-1,-1,46870,6805,11115,35231,30829,14356,0,0,3798,6477,9901,2922,0
144369,21,1,1,0,0,-1,6,0,0,88686,102644,7885,39245,7340,61784,28859,8384,1183,2967,0,15171,0
112678,25,2,2,0,1,2,0,-1,-1,20505,40362,24502,72489,47007,43940,6151,0,2350,47460,4810,2098,0
78237,35,2,1,0,0,0,0,1,-1,55024,10070,18040,19909,55130,16629,24896,3108,8414,3258,0,6820,0
47863,34,1,1,-1,0,6,0,0,0,10130,21967,19748,6739,9179,19125,0,3266,3005,0,2126,0,0
36066,66,1,2,-1,0,0,0,6,1,2096,28748,14356,12718,12196,6897,684,2255,0,1291,5178,4491,0
67709,66,1,2,0,0,0,3,-1,0,36892,50301,15888,38849,42292,45149,8988,0,0,1232,19400,0,0
68224,67,1,2,0,0,0,0,0,-1,30072,34875,34238,39161,25399,5619,0,6555,15022,3712,6363,253,0
166426,55,1,1,0,0,-1,0,-1,0,106103,75271,53197,30651,89591,47055,22718,24491,0,4425,27063,2431,0
33397,51,2,1,-1,-1,-1,5,0,-1,7638,20930,3964,22704,14580,9057,216,0,1083,6950,7596,4199,0
49968,56,1,2,-1,-1,-1,-1,5,0,16906,19228,6541,8422,34512,25277,1032,4892,2394,878,12602,4474,0
355210,42,1,1,-1,0,5,0,-1,-1,170992,54597,204870,70633,228935,286629,52964,10773,18113,16460,27440,94293,0
169562,57,2,2,0,-1,-1,0,0,-1,51540,59320,51912,83332,38565,115390,5498,37940,17113,0,6264,31316,0
24191,63,2,1,-1,0,0,0,0,-1,20123,8658,10406,9536,12637,0,2111,1289,2209,1588,448,0,0
222231,62,1,1,-1,0,6,-1,0,-1,64289,11436,34056,175713,155278,56590,21359,5237,6624,5182,21741,9592,0
27972,54,1,1,5,6,5,0,-1,-1,21353,10144,21239,14700,13038,0,1287,1805,8884,4490,5061,0,1
48495,24,1,2,0,-1,0,-1,6,-1,13919,20707,4060,15358,11016,29106,0,5701,1003,6730,3353,14445,0
26559,60,3,2,-1,3,-1,0,0,-1,6369,17877,15981,5108,26289,7301,683,4615,7397,2171,13383,3047,0
64498,40,1,1,0,0,4,4,2,0,9065,6780,16680,29529,20575,22062,0,2765,6416,6685,0,6403,0
112676,61,1,1,-1,0,-1,0,0,0,55282,37639,46132,24324,11851,24064,0,6632,12859,7785,4282,7973,0
53379,50,2,2,0,0,-1,0,-1,-1,35884,45048,6762,17946,3080,17359,8243,6945,1868,5487,495,1250,0
112224,68,1,2,-1,0,0,0,0,0,35527,80314,33062,11629,30605,68729,23200,17402,9169,2297,1460,27036,0
49761,39,1,1,-1,-1,-1,-1,0,-1,11736,27970,14612,8022,19451,17529,1611,0,0,1389,176,0,0
92582,71,1,1,0,-1,1,0,0,-1,54106,13687,17754,30884,6498,55892,2056,4305,7642,0,2582,31655,0
52217,66,2,3,-1,-1,-1,-1,-1,-1,17214,11882,22525,24659,11588,3231,731,0,9986,12490,2467,766,1
16144,38,2,2,0,5,-1,0,0,0,1910,6628,7139,10077,10709,12684,646,212,0,3040,4432,0,0
72143,47,2,1,-1,0,-1,0,-1,-1,42965,12278,42130,34399,39604,36156,3334,1537,0,0,12049,0,0
52936,49,2,1,-1,0,0,0,-1,0,19238,19731,18689,16407,11329,37704,2732,3108,8453,5774,1470,16290,0
38767,62,1,1,0,0,-1,0,0,-1,21760,23535,26015,22717,12322,18227,1622,0,7599,553,0,6038,0
24427,58,3,1,-1,0,-1,0,5,0,3771,9347,12128,1499,9569,9061,524,948,8277,531,1390,254,0
35587,67,2,1,-1,4,-1,-1,-1,0,2578,13609,3324,35481,13339,7366,2215,0,826,13056,3363,0,0
40298,40,2,1,-1,-1,0,0,0,0,30100,24309,4272,20836,17137,13060,9076,0,1377,4090,2551,5126,0
200218,48,2,1,-1,0,5,5,-1,0,87067,88382,134069,97647,31753,150697,40795,12887,16677,0,4738,26407,0
260981,44,2,1,0,-1,-1,0,-1,0,179692,40681,73926,151154,112341,91572,0,19435,36858,46833,25402,0,0
10000,70,1,2,-1,0,-1,-1,-1,2,1108,2686,5338,4523,8851,3363,211,1352,682,955,783,1708,0
72441,37,2,2,0,0,0,-1,0,-1,36677,21742,13016,35440,22777,35974,2938,0,3292,5915,0,15752,0
147330,52,1,2,-1,0,-1,0,0,-1,31667,24114,27669,85856,86867,70082,15503,7309,708,0,12496,18145,0
41238,27,2,1,-1,0,0,-1,0,0,4072,14788,23486,10568,15827,9991,0,1341,6273,4391,4950,4008,1
144198,66,1,2,0,0,-1,0,0,-1,63179,44748,39983,54720,51558,39543,20239,20737,15458,0,16468,12072,0
257765,41,1,2,-1,0,-1,0,-1,0,73413,23472,14623,39959,95904,12413,12807,7784,3350,7034,0,8895,0
11451,39,3,2,-1,-1,0,2,5,6,4663,1347,5686,8123,4350,5521,249,63,4086,3263,61,3255,1
54557,52,2,1,-1,-1,0,-1,1,-1,2999,14302,47708,10107,22660,2459,85,666,6707,3643,0,221,0
234543,47,2,1,-1,0,1,-1,-1,0,79322,150130,114398,128142,213872,134948,19330,0,0,8865,103570,23416,0
25495,66,1,2,0,0,-1,-1,-1,-1,2793,7116,18560,12688,5564,11025,131,3410,8098,1846,440,4464,0
44703,49,2,1,0,-1,5,-1,0,-1,19888,23331,22000,30237,15093,22462,880,4037,3276,1399,1728,5295,0
23971,48,3,1,5,0,4,2,2,3,1160,13539,8521,12075,7030,3333,181,3817,798,0,2774,554,1
113722,26,2,1,6,0,-1,0,0,0,22443,15182,6415,59612,61650,38083,2718,10772,906,4921,26805,14587,0
127133,22,2,2,0,0,0,0,0,-1,29174,82581,39456,67047,9706,84724,0,0,5489,12041,5912,32239,0
55818,42,2,2,-1,0,0,-1,0,0,5825,16869,11470,31889,18403,21675,576,4095,2831,9657,1226,590,0
70420,74,1,1,-1,0,-1,-1,0,-1,31040,31513,2962,26843,2410,8571,4668,7274,0,4679,1250,3131,1
12390,70,2,2,0,-1,0,0,-1,0,5743,6858,2394,3519,0,6148,1983,1180,781,243,0,284,0
107122,54,4,2,-1,-1,0,0,-1,0,10559,24554,33269,24516,16385,42334,2424,0,2589,8695,7255,24428,0
36955,55,2,1,6,1,0,-1,-1,-1,29727,7318,24610,25859,29592,24064,3502,4723,11246,7264,8965,6729,1
43745,42,2,1,-1,0,4,0,4,0,28009,14192,6824,10455,24671,14044,9660,0,589,721,4501,0,0
106647,30,2,1,0,-1,3,0,-1,0,63708,58975,43555,3801,20729,58332,0,8005,6594,2214,10981,41546,1
57416,21,2,2,0,0,-1,-1,0,-1,6630,14684,31491,22841,14039,39491,2796,5218,21819,2131,1963,17344,0
76603,39,4,2,-1,-1,0,0,-1,6,44683,30970,51396,16800,33158,9872,3946,469,35553,553,8285,2217,0
79437,38,2,2,-1,0,0,0,-1,-1,27522,49309,14496,32078,71011,22400,14400,2416,3283,6182,12254,15557,0
57700,31,2,2,-1,-1,0,-1,-1,0,9578,29910,13375,21450,19723,31949,0,14268,2258,2192,0,7992,0
62840,34,2,1,0,-1,0,-1,-1,0,15407,1237,36456,25394,41197,14517,3361,352,4750,0,13640,0,0
19965,22,2,2,-1,0,0,0,0,6,1042,14476,4414,3426,5283,4698,388,8092,1309,1375,0,594,0
60918,53,1,2,5,-1,-1,0,0,-1,28031,29134,20890,7607,2333,27736,0,0,963,815,786,0,1
116685,71,2,2,-1,1,-1,-1,-1,0,34733,28536,42574,99794,59928,10637,19398,10273,11096,42076,29239,4255,0
23886,58,2,2,-1,0,0,-1,-1,-1,10452,17891,14186,3759,16434,10208,0,1178,0,0,3679,5498,0
27661,45,2,1,0,-1,0,0,-1,0,7546,12589,11415,3311,19483,11325,721,3990,1088,714,1999,164,0
33954,43,1,1,-1,0,-1,0,-1,3,7330,4785,15029,8312,16115,14463,3110,30,5099,4035,6368,3966,0
55420,37,2,1,-1,0,-1,-1,0,0,15404,19723,16783,40710,9497,28493,3171,190,6035,20320,1743,18136,0
150545,28,2,2,0,-1,2,0,6,0,3690,85697,60511,38182,32401,60300,1116,3909,2852,12061,4475,15019,0
106319,53,1,2,0,-1,0,0,-1,0,56404,8607,39406,23459,20851,29230,10245,2971,28383,3211,3040,7917,0
10000,51,2,2,-1,6,1,6,-1,4,8779,3689,2641,0,3575,6143,0,0,1265,0,2302,791,1
82363,21,2,1,-1,0,4,0,0,0,33696,13307,30225,30417,35407,50054,2688,0,1719,19644,2751,14138,0
24092,43,3,1,0,-1,0,0,3,-1,9313,6347,5065,7343,8569,13593,3292,0,0,0,3994,4757,0
103153,36,1,1,4,-1,-1,-1,0,5,25463,22760,58353,50781,39131,59064,0,4160,8031,8467,12403,9194,1
60892,30,1,3,-1,0,0,0,-1,-1,16141,26518,16618,19954,31343,7646,431,5433,8861,9012,0,305,0
24627,58,2,2,-1,0,-1,2,0,-1,16568,5555,1685,4928,9980,9617,565,1533,0,1238,1890,1095,1
64815,49,1,2,0,5,-1,-1,0,-1,47132,26858,18483,25073,37355,37307,13448,6351,6517,10089,16252,914,0
34434,55,2,2,-1,-1,-1,1,-1,0,19228,10882,11429,15141,16262,11883,1074,2189,854,7519,2351,5875,0
62703,59,2,2,-1,0,0,-1,0,-1,48658,25135,27140,17236,41479,33729,8389,6665,0,0,3024,10178,0
33781,74,1,1,0,0,0,-1,0,-1,10258,8226,16601,24556,6752,18457,0,2468,5035,16109,943,4835,0
19934,64,2,1,0,0,-1,-1,0,2,8225,4840,10424,4140,9290,3433,1924,0,0,807,1230,1626,0
61635,54,4,1,-1,3,0,0,0,0,34981,15909,11820,15603,5663,51436,0,9066,2787,3038,2694,25265,1
119022,68,2,1,-1,0,-1,-1,0,-1,88427,43480,2468,35198,9787,26486,46835,9218,122,12145,4263,0,0
77967,46,2,2,0,0,-1,-1,-1,-1,24145,20908,26073,30316,42100,58302,4426,0,7788,12582,571,581,0
29172,74,2,1,-1,-1,-1,0,-1,-1,17592,10431,15417,13938,12743,0,4007,3000,0,127,0,0,0
37964,62,1,2,0,0,0,0,0,-1,16787,11729,12511,12597,3377,12070,5727,4612,3727,7991,52,3275,0
39754,56,1,2,-1,0,0,-1,0,0,8088,21198,7962,1006,10315,29706,0,0,1349,61,1717,3625,0
99939,69,2,2,0,0,0,-1,-1,-1,19981,29602,51201,66854,49435,62426,2288,9607,16524,33217,4441,26538,0
25335,48,2,2,-1,-1,0,-1,-1,0,17453,15339,2097,17898,7584,7983,2635,0,112,233,1921,1350,0
139205,59,1,1,-1,-1,0,-1,6,-1,125241,53712,111108,52095,66609,21161,20998,19468,0,0,12969,1660,0
114232,36,1,2,-1,-1,-1,-1,-1,0,44424,53994,83140,7801,81583,24481,0,17328,11190,1352,12778,11271,0
92365,73,3,1,1,5,-1,-1,-1,-1,47990,38868,39536,49408,36645,51920,24089,5147,18296,4472,3775,0,1
160651,54,1,2,0,0,-1,-1,-1,0,51347,81282,50340,66260,37905,121598,0,57195,20403,5434,7767,59407,0
75669,63,2,2,2,0,-1,-1,0,-1,36249,23404,46023,12638,54653,9157,2290,13703,0,1833,0,2478,0
15139,45,2,1,0,-1,0,0,-1,-1,6494,9599,2091,1592,6993,3590,425,76,431,145,3654,450,0
79865,67,2,1,0,0,0,5,-1,-1,70732,38842,37329,14003,31272,16939,6368,6555,0,2870,12625,5332,1
75271,25,1,2,5,-1,-1,0,-1,-1,27308,53097,20678,37580,62045,32160,6442,0,3486,3922,10510,1277,1
50912,27,1,2,0,0,0,0,0,3,17324,24851,21648,25645,17268,11990,2035,12247,2971,2908,5478,1502,1
145769,48,2,2,-1,0,0,-1,-1,0,54408,32120,57672,106805,107445,55171,7048,19018,529,32562,37462,42554,0
43431,60,2,1,0,0,0,-1,0,0,25129,11985,24124,24295,21967,1325,5083,658,11779,1794,0,468,0
44932,64,1,2,0,-1,2,5,1,-1,23091,29739,3597,18758,11435,28548,11834,6537,1551,5842,5346,15239,1
120480,44,2,2,-1,0,1,3,1,5,34312,23017,20601,99497,9731,79851,1001,5419,2505,0,0,17246,0
35451,56,2,1,0,0,-1,0,2,0,4831,18108,24535,28695,19918,19939,1419,13024,130,11590,6140,3853,0
43168,50,1,2,1,1,0,0,0,0,27212,25614,20561,21203,6072,7375,3227,6495,3721,9815,1356,5382,1
19896,72,2,2,2,3,6,0,-1,-1,9309,9548,4453,7842,13372,0,319,693,1120,0,2569,0,1
35608,56,1,2,0,-1,-1,-1,0,-1,11343,16052,8354,11862,8442,19900,1686,0,506,0,1720,2215,0
27241,43,2,1,4,1,0,0,-1,-1,6488,13641,12352,6803,10088,5496,2277,5186,6026,446,2181,0,1
112793,73,1,1,-1,0,-1,0,0,0,60630,42405,83672,79392,23765,23250,16707,33807,8294,21350,8279,9521,0
21692,26,2,3,6,-1,0,0,-1,0,4659,9743,3470,14794,1980,3867,1314,0,2293,5345,793,247,1
15524,74,1,2,-1,0,0,0,-1,0,4427,0,7544,0,6143,550,569,0,1948,0,545,156,0
62478,29,2,1,-1,0,0,-1,0,1,19406,31450,4672,3821,11416,20114,0,11610,1603,0,5745,7217,0
29520,36,2,2,0,-1,0,-1,0,-1,3507,3747,4862,13922,4786,10331,1345,0,1450,605,1241,3421,0
33870,65,3,1,-1,-1,-1,-1,0,6,10259,17421,13795,12105,18134,20917,1723,1545,2866,2488,5900,5407,0
136753,60,2,2,0,-1,-1,0,0,0,12221,43932,37238,99400,61494,21422,0,23465,7400,22631,27229,8538,0
51908,73,2,1,-1,-1,0,-1,-1,-1,28673,12781,33570,6238,23064,24752,2480,248,0,906,0,3081,0
229617,61,1,1,-1,0,0,0,0,-1,64978,50875,125382,23673,81742,42050,14165,0,0,7740,20632,1042,0
46419,55,2,3,1,1,-1,-1,0,0,26244,13436,18699,25658,12349,12150,5344,3973,0,0,1287,1175,1
153589,39,1,1,0,0,-1,-1,-1,0,25760,62371,50437,46308,64272,42993,4784,9851,21889,13420,16931,7266,0
31636,21,2,2,0,0,0,-1,-1,0,18242,19287,7684,16657,15472,9055,961,3158,3970,7639,4859,3950,0
53431,27,2,2,4,-1,6,2,4,0,21005,11486,36545,22399,17334,20840,1182,2842,0,2048,2526,0,1
16267,37,3,1,0,-1,6,0,2,0,13157,8556,2851,7556,6433,5796,5546,2150,1000,1197,1292,2487,0
25556,23,2,2,-1,0,-1,0,0,0,4796,9954,0,8638,1550,0,2547,5400,0,1830,442,0,0
40956,48,2,2,-1,0,-1,-1,-1,-1,10993,8992,9108,25672,24985,23055,4935,3879,1416,2602,11679,903,0
23709,62,1,2,-1,-1,-1,0,-1,0,1128,17999,3636,17500,4537,8088,314,2034,0,888,2351,3214,0
77960,73,1,2,-1,-1,3,5,4,0,16238,21295,50194,14989,15490,26379,2679,0,10122,1030,6518,0,0
38476,47,2,1,-1,-1,4,-1,-1,0,8719,19575,14136,3943,13998,13079,6081,3545,6867,534,9656,2101,0
82796,68,1,1,-1,-1,-1,4,6,0,46758,66145,47092,68089,63147,40963,0,32613,2002,12722,21523,12528,1
24002,74,1,1,-1,0,-1,-1,-1,0,8082,15764,15805,14504,21916,18914,1186,7323,1671,3836,5291,4865,0
60156,67,3,2,2,-1,0,0,5,6,41266,22290,13837,26633,19573,30074,0,8113,3667,13844,3573,4517,1
133441,46,3,1,-1,1,0,6,-1,-1,13902,18151,105303,51616,14815,9804,3831,8289,14657,10717,1493,1973,0
161010,38,2,1,0,-1,0,-1,-1,0,38332,31331,61144,48886,104137,35024,0,4329,18534,12379,29926,21494,0
224835,73,2,2,0,0,-1,0,0,0,83050,64528,24829,154753,141833,103394,19580,29509,4800,74106,0,54700,0
35499,34,3,1,6,-1,-1,5,4,1,9417,10417,4459,6445,13514,3285,2635,3224,540,1770,6676,462,1
51772,43,1,2,0,-1,0,0,-1,0,25267,21725,16298,30875,29957,7787,0,12971,0,13001,14812,4570,0
72407,24,2,2,0,-1,-1,0,0,-1,29829,64982,31843,19844,52644,58221,17511,15145,0,6104,9566,10731,0
40514,63,2,1,-1,0,-1,-1,-1,0,16329,12115,26508,18305,30287,6882,7377,8051,10393,1586,9195,782,0
10000,56,3,1,0,0,0,-1,-1,-1,7,5280,2175,2913,9886,9250,1,0,616,601,712,1463,0
66089,25,3,1,0,0,5,5,0,0,4395,27229,50684,23228,30436,33138,0,14411,0,1211,5698,4504,1
40638,32,2,2,-1,0,-1,0,-1,-1,18051,15403,15259,17900,17517,21465,90,3065,0,2704,3298,9286,0
21217,50,1,1,-1,0,0,-1,2,0,3200,8518,17615,5970,12433,10117,325,86,2580,1180,0,1787,0
32642,50,2,2,0,0,-1,-1,0,-1,29492,17784,5701,391,19365,3395,9173,383,0,131,6728,796,0
57938,64,1,2,0,0,-1,0,-1,-1,43637,13801,41548,15942,26242,30633,7898,1680,16595,1329,12816,422,0
34640,35,3,1,2,3,0,0,-1,-1,13146,18982,3467,9836,8743,19777,5103,7343,2287,4763,211,2149,0
69950,70,1,2,-1,-1,6,0,0,-1,30426,31398,23164,43446,47801,33676,19571,1769,16569,0,177,0,0
205189,45,1,2,-1,-1,0,-1,0,-1,135335,140727,160827,121408,89142,147600,0,5136,28525,79928,0,0,0
17486,65,2,1,4,0,0,-1,-1,4,5901,3700,9170,5429,10597,3780,2020,2314,719,1487,0,1737,1
43403,33,2,2,0,0,0,-1,-1,-1,19862,4987,8760,25540,12996,13957,1744,1731,2950,14387,5296,1988,0
16986,22,3,1,-1,6,5,5,-1,0,3392,4661,9664,3453,13967,10961,1691,467,0,567,1001,3825,1
187476,23,1,2,-1,0,0,0,0,0,94063,84880,52706,115098,95778,117746,48152,18890,24083,99022,14679,13433,0
31283,41,2,1,0,-1,0,-1,0,-1,19744,3784,14996,3772,9983,18050,4779,640,2801,444,879,2730,0
52125,72,1,2,-1,4,5,0,-1,0,22285,31556,18986,12752,8034,30013,14160,1333,8818,0,2379,387,0
158931,23,1,2,0,-1,-1,6,-1,0,55632,32426,38863,24426,59905,92313,10191,14737,10481,7970,8564,17673,0
141466,40,2,2,0,0,-1,-1,-1,0,15133,86072,25579,38499,21965,28228,4010,0,5863,0,0,9399,0
222920,26,1,3,0,-1,-1,-1,-1,-1,55615,36780,137980,106693,67382,73998,0,29417,202,75537,0,53623,0
13167,71,2,1,4,-1,0,0,0,-1,1465,5756,10177,2150,12532,7960,360,1014,2971,273,6368,1367,1
100992,57,1,2,0,0,3,-1,0,0,33495,57029,6394,24724,5780,33436,14476,0,1162,4235,2161,16933,0
85183,62,1,1,-1,0,3,0,0,2,57544,47623,7818,59696,35573,45947,24772,12712,4175,9890,8823,16070,0
47052,59,2,1,-1,-1,-1,0,0,-1,34283,18596,31472,14949,28831,14067,5071,8797,19328,0,4636,5334,0
72382,56,1,1,6,-1,-1,-1,-1,-1,38708,12193,9886,14146,46012,48942,770,7224,482,5768,18909,387,1
137121,62,2,2,0,-1,-1,-1,0,5,33970,47842,53309,67606,13534,36872,0,11990,7688,38219,2929,16256,0
112518,21,2,2,-1,-1,-1,-1,0,0,7939,44813,11535,33539,84420,48411,1061,0,2,11459,9056,12801,0
140646,67,1,1,0,-1,0,0,3,0,21032,127150,38724,67310,36682,32589,12440,23721,3256,10842,7880,17691,0
57845,60,2,3,0,-1,0,-1,0,0,25815,10991,10131,22752,32316,12179,0,0,3629,4175,0,4076,0
422077,60,1,2,-1,0,-1,-1,0,-1,165223,151114,123679,271181,135227,131021,28002,43660,40131,136740,23073,0,0
35578,42,2,1,-1,-1,-1,-1,-1,-1,11443,10262,837,596,18102,24738,0,2143,538,14,8607,3985,0
18839,64,1,2,0,0,-1,5,4,0,4491,0,10100,989,10069,862,0,0,2367,278,2035,218,0
27753,41,3,2,0,6,5,1,1,0,7702,12900,16005,20289,1449,15543,2808,7119,7064,5546,439,367,0
51338,23,2,2,0,-1,0,0,0,0,32451,278,48730,37731,29674,9914,3248,90,0,2321,6244,3104,0
139044,70,2,2,0,-1,0,-1,-1,4,8804,76952,23670,98951,71952,44784,1994,24333,11234,26612,1649,3995,0
22800,33,3,2,1,0,-1,0,6,0,148,9380,12819,7032,9141,3122,21,741,7224,1763,521,467,1
101666,26,1,1,3,5,-1,-1,0,-1,50086,14183,14112,3759,24671,28632,30903,0,0,875,6089,6046,0
10525,54,3,2,-1,0,0,0,-1,0,2024,5264,5028,4785,2479,1704,0,866,771,931,1377,853,0
116440,33,2,1,-1,-1,-1,-1,0,0,75264,75485,53875,99109,34505,81857,0,0,29554,46401,9494,6004,0
36242,67,3,1,0,0,-1,-1,6,0,28294,18785,23961,14129,4341,10215,3287,8671,0,4468,193,596,1
27415,44,3,1,1,1,4,3,-1,0,15556,19639,6301,21624,6747,5829,3194,7014,2666,2355,1394,1805,1
188838,21,4,2,-1,-1,-1,-1,0,0,77485,54751,68811,103055,44797,59499,0,7155,0,0,3566,12216,0
161522,72,1,1,0,-1,0,-1,-1,-1,24776,71801,110128,80610,24875,82973,2729,9590,21175,28916,2834,8149,0
21335,48,2,1,0,0,-1,0,-1,-1,12772,5718,3837,8407,1711,10045,973,0,19,1658,389,5607,0
44913,35,2,1,-1,0,0,0,5,3,32637,8633,29213,4562,6001,21695,5282,3131,966,977,1256,2882,0
437597,57,2,2,-1,-1,-1,0,0,-1,54561,135303,145126,285735,107359,116240,0,34898,0,0,7079,16272,0
334210,49,1,1,-1,0,0,-1,-1,-1,68336,178055,117622,107472,54091,213388,9375,69266,11035,24618,11435,0,0
71804,22,3,1,1,-1,-1,6,4,6,54807,45663,29154,7088,16419,36095,0,0,6011,717,2186,10504,1
15659,62,1,1,0,-1,3,-1,-1,-1,131,9640,5647,3487,13330,3946,31,336,0,0,3903,127,0
142303,42,2,2,0,0,0,0,0,0,44008,61826,51254,56364,72483,100437,19989,30849,6523,0,0,19303,0
29491,58,2,1,-1,4,0,0,4,-1,19287,6017,16742,15029,25795,24503,1077,3234,6731,4372,7078,545,0
197854,69,1,1,0,0,0,-1,0,0,157120,110616,73511,93003,80578,111622,80313,5685,16330,37342,0,33240,0
27497,53,2,2,-1,-1,-1,3,2,5,9219,9287,16106,18058,17627,13039,4466,5793,1581,11302,3732,0,0
101471,57,1,2,0,-1,-1,1,2,4,37420,18334,6163,21102,70411,85625,13361,2380,2432,2876,52324,31036,0
29371,34,2,2,-1,-1,-1,-1,-1,-1,5041,8555,16816,8661,22503,10842,1339,0,0,1217,4284,8315,0
25660,33,3,2,-1,2,0,3,6,2,12388,11415,10714,15835,8507,10008,1172,5024,173,6551,1163,1560,0
112896,43,1,2,6,-1,0,-1,-1,0,63582,33459,26604,85093,82629,27119,10533,14029,13537,14872,54761,0,1
17066,67,2,2,0,-1,0,5,1,0,7003,5498,5477,7005,4116,3712,0,950,1515,2112,2151,394,0
457900,49,1,2,-1,0,-1,-1,-1,-1,311075,173300,231444,164078,369087,183012,51225,48583,16166,0,49485,0,0
15086,39,3,2,-1,0,6,-1,-1,6,4971,12471,2391,10972,4936,13365,1281,506,0,1678,2126,0,0
14426,63,3,2,5,2,5,-1,6,3,6803,10838,3855,5876,8495,8049,0,2604,701,2118,54,2762,1
113162,67,1,2,-1,3,-1,-1,0,-1,46528,82519,28879,71867,25407,52569,5390,68306,14895,0,2683,17911,0
137799,69,2,1,-1,-1,-1,-1,3,5,29982,50912,82656,62001,30771,61058,10660,26379,24389,20826,21477,18420,0
37836,37,2,3,-1,1,0,-1,-1,-1,30086,11829,4625,16396,7850,19236,415,2245,2001,2593,1125,1193,1
20802,59,2,2,-1,-1,0,0,-1,-1,8055,4701,7033,12114,2680,13966,4313,2456,1739,1630,777,2914,0
23437,52,2,2,0,0,-1,-1,-1,0,10029,15359,5369,13410,16745,12366,156,3686,3826,6022,1218,1692,0
21503,45,2,1,-1,-1,0,-1,-1,-1,9698,15046,5110,12582,13823,14792,394,1071,0,6854,4896,6237,0
62726,42,2,1,-1,-1,0,-1,-1,0,16141,26260,39689,26842,29787,27612,2448,1701,22482,8926,0,0,0
64892,27,1,2,0,2,0,0,0,-1,19460,28083,18962,41801,40625,23908,10591,1283,5539,18656,12921,4864,0
68917,35,2,2,-1,1,-1,-1,-1,0,22234,18388,10880,11553,30940,25322,3661,1196,2486,2322,4343,6847,0
45945,50,3,1,0,0,0,6,0,0,18114,3858,18184,20600,18358,20379,4109,974,14644,8175,2340,8780,0
132710,68,1,2,2,0,0,0,0,3,37925,66973,86150,39568,9799,9025,30072,35208,0,6462,0,0,0
35314,67,2,1,-1,-1,0,0,-1,-1,23079,14673,15884,10612,13566,8245,1137,6466,6431,1478,0,2803,0
38021,31,1,2,0,0,-1,5,0,0,11079,8444,13831,6392,8605,23481,1289,4065,2307,1214,3825,3180,1
38884,57,3,2,0,0,2,0,0,4,17121,14805,14978,14200,4235,27644,6178,0,3667,5196,0,0,1
46911,25,2,2,-1,2,-1,0,-1,0,20112,19326,9707,24733,1259,26554,6457,3551,809,10869,654,0,0
60015,57,2,1,-1,-1,0,-1,-1,6,25617,30406,12310,10589,14438,2320,7517,15574,0,0,0,676,0
38835,39,1,1,2,-1,-1,0,0,0,31850,22232,19245,13201,2735,23364,14838,1355,0,6359,1006,4760,1
81942,45,2,1,-1,0,0,-1,5,-1,25630,41085,20129,19219,33571,14157,0,9576,5010,0,0,2792,0
13368,59,3,2,-1,0,0,0,5,4,6336,6179,4680,6670,0,4231,0,1923,3067,22,0,1685,1
34464,43,2,2,-1,0,-1,0,-1,0,7833,12567,11209,7220,4971,9436,3463,3850,5480,1037,671,5432,0
120962,64,2,2,0,-1,-1,0,0,-1,76711,75746,65697,19424,64842,54948,14853,0,31396,2210,3379,8206,0
19829,49,2,2,-1,3,6,0,0,0,15738,15149,4953,6653,4152,13676,3296,9725,1891,1038,0,2722,0
113572,74,2,1,0,6,-1,-1,-1,0,47880,56634,79141,34521,27000,7823,22483,9463,2828,7353,16311,0,0
15878,55,2,1,-1,0,0,0,-1,-1,7735,4383,11924,7746,10296,10616,2299,0,3506,0,672,1370,0
19308,37,1,2,0,-1,-1,1,-1,-1,5923,11996,12875,11316,5438,55,3635,2211,0,1550,529,30,0
20772,62,1,2,0,-1,-1,0,-1,-1,4551,3219,11862,9146,3082,3258,0,301,5144,5963,0,420,0
53822,43,2,1,-1,0,0,0,-1,-1,23426,13794,21802,23142,29961,21522,8203,0,3312,11092,3022,4929,0
61512,49,3,2,-1,0,0,0,0,-1,18430,48700,25773,23340,20589,3815,7225,8354,8089,13871,5890,619,0
96509,28,3,2,-1,0,0,0,0,0,14833,36011,70939,23954,22897,75280,518,0,24295,6186,6831,9856,0
90546,27,3,1,-1,-1,0,5,4,4,56416,9641,31585,42665,30101,22890,26364,5612,4869,0,1585,5358,0
97749,52,2,1,-1,0,-1,0,4,0,23745,37800,73052,27579,56646,82105,1665,2898,23609,4337,9520,36499,0
35279,31,1,2,0,-1,0,0,-1,-1,7912,9531,24450,15812,25414,11620,1570,3371,17503,9086,10948,3857,0
25024,74,2,1,4,0,-1,4,0,-1,17458,5738,2831,7191,5389,11662,12622,1237,1515,3938,0,1214,0
64444,67,3,1,-1,4,3,-1,6,-1,48242,7688,29212,31384,7969,35059,12143,2275,4123,4338,287,22115,0
152824,58,2,2,0,0,-1,-1,0,-1,81522,25960,62256,14639,74623,61952,18472,0,6716,4456,19719,14671,0
21484,60,2,3,0,-1,-1,0,0,-1,12960,10289,10592,5379,3837,3162,2869,179,4398,681,242,1546,0
138026,53,2,1,-1,0,0,-1,-1,0,65645,38686,36500,47693,74736,57857,0,8740,2344,22026,38356,0,0
10548,24,2,1,0,-1,-1,0,-1,0,3465,202,4643,10426,766,5822,810,83,1442,6760,49,1383,0
46876,42,3,2,6,-1,-1,0,-1,0,16117,24752,18726,22604,12851,26323,0,0,8782,3058,2358,6419,1
45114,47,2,1,0,0,0,0,-1,0,13116,31350,17429,13984,14733,15210,1831,10248,10053,1993,2742,3871,0
41632,70,2,2,0,-1,-1,0,-1,0,17726,11633,22060,4797,16914,24960,3582,2896,183,0,0,3822,0
70367,32,1,2,3,-1,0,1,-1,-1,22417,12967,33577,63293,22684,32506,0,5013,961,36384,0,21408,0
24760,47,2,1,-1,2,2,-1,-1,0,9761,6462,6959,10664,7129,13974,6279,319,448,6088,5116,5324,0
98059,39,1,2,0,0,-1,-1,0,0,57631,46460,11387,34243,29344,17961,0,4093,1035,16750,0,973,0
36021,28,3,1,-1,0,-1,-1,-1,0,11357,14297,15190,15911,9466,25364,5097,3426,2571,2238,4767,11753,0
103595,26,2,2,0,0,-1,-1,1,6,58546,30292,57397,43322,31145,61827,13708,11870,12203,19180,7910,14470,0
174959,40,2,2,0,0,-1,-1,0,0,38098,60278,79582,68301,18234,89076,21693,23633,12718,25496,6067,0,0
75963,25,1,1,-1,0,0,-1,-1,6,42755,31219,19496,31629,29578,57184,9360,7207,10599,0,3027,13691,0
25464,24,2,1,-1,0,-1,-1,-1,-1,13856,6376,9324,16682,21425,13568,0,882,3813,1384,2636,2513,0
19725,39,2,2,0,-1,-1,0,1,3,14839,4089,9101,8741,0,7557,1374,959,825,933,0,746,0
267018,31,1,2,0,-1,-1,-1,-1,-1,127839,184247,105037,175337,10889,195965,22920,21601,27856,0,2834,36018,0
120526,50,3,1,0,2,5,5,2,6,65726,22886,35757,45609,78558,63192,10584,4351,11468,25301,38213,18046,1
99697,21,2,1,-1,-1,3,1,0,0,71507,31411,69323,21041,22107,27690,26972,10035,10614,5445,8731,16457,0
51425,37,2,1,0,-1,0,-1,4,5,8214,24584,11554,6866,34849,26861,1370,0,1603,1923,6649,11693,0
131742,45,1,2,-1,0,-1,-1,-1,0,48716,26779,96228,23161,88217,30910,9645,0,27139,13945,14662,10736,0
139186,73,2,1,-1,3,1,0,-1,-1,71545,35613,51775,27716,62984,37186,32933,2949,14650,8115,23074,7813,0
29900,55,2,1,-1,0,-1,-1,-1,0,13355,13208,7881,13123,16185,8114,5152,3360,869,0,0,3434,0
35142,68,3,1,0,0,0,0,-1,-1,10346,6765,7805,10488,28761,6587,4472,1066,1435,1940,12102,2730,0
28324,39,1,2,0,-1,0,-1,4,0,17051,10763,2446,8961,11651,16756,2264,1179,449,290,0,5257,0
30948,45,3,2,0,0,5,-1,-1,-1,420,4101,8738,19231,9632,8400,17,469,2375,3411,1726,0,0
168622,43,2,2,0,0,-1,-1,0,5,54143,39059,98065,122033,58456,31938,7627,18291,0,0,14913,0,0
162642,68,1,2,-1,0,-1,-1,0,1,31175,106020,85307,110492,12139,78049,2214,1525,15959,22654,7054,34267,0
76456,72,1,2,0,-1,-1,0,-1,0,21379,39764,32200,41897,20841,3396,4550,18555,1603,0,3885,0,1
10000,72,1,1,0,-1,0,-1,0,-1,3759,1074,5507,6046,4972,2384,1686,117,1113,2146,2093,235,0
20306,61,3,1,0,0,-1,-1,5,2,12501,15547,9523,10409,4858,12917,8093,536,2262,929,2045,3433,0
74488,48,1,1,0,0,2,0,-1,0,22142,33600,52420,39703,6787,63178,8107,16285,8346,4825,1130,43223,0
41244,50,2,1,-1,5,0,-1,-1,6,30838,33667,21639,6350,10906,19529,4633,3514,0,2480,3588,3067,0
50323,73,2,3,-1,-1,-1,-1,4,0,18440,26127,25667,19587,37609,21892,0,7141,7519,3868,13983,7691,0
41664,36,3,1,0,0,-1,0,0,0,18313,10178,12144,18164,10739,14476,0,6422,2539,4672,1426,3838,0
31986,39,2,2,-1,0,3,-1,0,0,8340,16817,14897,16093,17233,16572,2069,5000,2369,3816,0,11955,0
48726,69,2,1,-1,0,0,0,-1,0,31553,21865,22420,20056,30058,11652,8235,12207,0,0,2820,6255,0
60895,41,1,2,0,-1,-1,0,0,0,17268,42234,29168,9273,46612,25095,2928,0,6691,2911,0,16292,0
19550,33,3,1,0,6,0,0,-1,0,11233,11673,11835,5245,14908,8860,4857,3473,945,2217,0,390,0
300601,51,1,1,-1,0,0,2,0,-1,242909,146702,16596,118177,100730,123909,72398,61940,355,8031,16470,72980,0
46878,38,1,1,-1,0,0,0,-1,-1,21554,17798,21074,9381,8000,7091,4625,2534,3793,0,465,1560,0
10000,69,3,2,-1,5,0,-1,2,-1,7256,3900,6721,3487,1658,5903,4659,170,2417,447,231,0,0
285810,70,1,2,-1,-1,-1,-1,0,-1,18309,94562,92553,52951,92446,47324,1740,15732,8977,1317,36600,0,0
34872,37,1,2,-1,0,-1,0,-1,0,10893,6885,7843,14011,17942,13550,5118,5360,2263,1734,1607,5181,0
100702,49,2,2,-1,3,3,3,0,-1,85667,67349,31663,5270,29865,80371,13479,17405,1358,2834,4679,29078,0
39805,74,1,2,0,-1,0,0,0,-1,7925,9744,27056,25541,20664,32660,5050,2322,7370,4225,3222,1293,0
108217,61,1,3,-1,0,-1,-1,-1,-1,66987,52471,76271,81946,13041,80833,33335,8218,55386,42369,2482,0,0
47168,32,2,1,-1,0,-1,-1,0,0,34085,17979,16008,20839,28376,24494,14249,4272,833,6908,2945,9270,0
109126,52,2,1,0,-1,0,4,3,5,62983,39156,91373,51944,65574,24221,15617,4886,31523,0,36233,8746,0
41317,54,2,1,-1,-1,0,-1,0,-1,18866,15111,21495,15700,29153,10570,5623,3990,8806,1322,7764,5396,0
40628,56,1,2,0,0,0,-1,1,0,10183,23562,1518,34797,31261,4641,1981,6296,254,0,0,201,0
60211,22,2,2,-1,-1,-1,3,-1,-1,18741,5030,34995,10987,26968,7081,1476,2434,6081,0,0,359,0
36098,37,2,2,-1,0,-1,-1,0,0,11138,13345,8705,16451,12472,1931,2602,1262,2784,0,3258,153,0
14663,67,1,2,2,0,-1,-1,-1,0,5895,4518,7202,1896,1433,6416,171,2490,0,569,530,2638,1
42415,34,1,1,-1,0,-1,-1,0,2,17968,22121,9548,30090,21318,9233,2437,2582,3058,24,0,2932,0
681115,37,1,2,5,0,-1,0,-1,-1,141585,246877,381912,186897,203293,409611,26306,0,109226,0,8605,209760,1
11417,38,2,2,0,0,0,0,-1,0,3583,11417,1503,2455,3538,1948,1708,3534,320,1372,960,726,0
83225,30,1,2,0,0,-1,-1,0,-1,46855,77174,39390,18619,44609,45507,16589,4439,4377,0,24418,8308,0
40363,29,2,1,0,-1,-1,-1,0,-1,6656,0,13880,16277,18599,1636,0,0,10507,6583,3785,985,0
149113,39,3,1,0,0,2,5,6,-1,68423,28832,35347,12520,45543,46516,9087,16422,13121,4225,18264,3120,1
28215,68,1,1,-1,0,0,-1,-1,0,6896,6705,7410,13104,10533,6887,0,2800,2633,6264,210,374,0
53159,21,2,2,0,-1,-1,-1,-1,-1,29569,44589,25027,14190,10341,10275,1579,14028,5766,1454,3097,1098,0
118827,36,1,2,0,-1,0,-1,-1,-1,16730,77170,102022,73797,33820,97372,6277,17563,14474,31206,9779,30037,0
59458,24,1,1,-1,0,0,-1,-1,0,28088,15892,38388,34885,37774,9962,16263,5896,25515,0,7313,705,0
26528,51,2,2,3,0,0,-1,-1,-1,10123,10131,14181,10186,11424,6301,5817,0,2436,868,2342,462,0
48158,34,2,2,2,6,-1,0,-1,0,19329,7445,7770,7149,13123,11822,0,1171,0,1043,4678,1444,0
26788,63,3,2,0,-1,0,6,1,-1,10641,7238,0,23938,13138,3003,6898,4864,0,8160,1949,446,0
38183,52,2,2,0,0,5,4,0,0,22667,25097,9400,19592,20498,13712,4878,2890,976,6454,3594,1242,0
144501,63,1,2,0,-1,-1,0,-1,0,12854,77322,54978,50627,75788,69762,1493,15674,1167,17901,16663,1450,0
67667,55,2,2,0,-1,0,-1,-1,-1,42814,33391,31568,40141,10081,15533,31078,17216,5163,0,3796,4981,0
106711,44,1,2,6,-1,-1,0,-1,0,44103,28852,53680,51300,64971,27781,11635,6402,6669,9406,26735,4290,1
44692,67,3,1,6,5,6,3,1,3,28975,28588,11228,18328,27592,10258,2508,13519,1805,1877,83,2461,1
105651,46,2,1,-1,-1,0,-1,0,0,37800,45955,47793,35932,13507,64940,7705,2469,5046,0,7435,26050,0
194829,72,1,3,0,-1,0,4,0,-1,26945,112569,62392,109745,58172,71352,5537,39927,20685,1063,25720,23115,0
38973,74,2,2,0,0,0,0,0,0,28244,16252,19506,14744,12526,19110,9200,6950,7424,0,1041,10054,0
94426,52,2,2,3,-1,-1,-1,0,5,20809,30726,17728,58972,10901,52317,7395,11127,7227,1175,1112,17054,1
17379,57,2,2,2,1,2,6,0,0,2123,6328,11837,8239,10282,14157,770,916,0,4896,704,9185,1
11316,34,1,2,-1,-1,0,-1,0,0,10656,863,1345,6008,4178,3737,4340,232,86,0,114,1457,0
295846,64,1,1,-1,-1,0,0,-1,-1,39300,164037,137605,109188,156363,151741,13821,30447,46101,6043,0,68139,0
52563,57,1,1,6,4,-1,-1,-1,3,28579,24248,13864,5910,32389,30769,5790,4921,2058,1241,0,1975,1
59992,69,2,1,0,4,5,6,0,-1,27724,42099,43339,17350,31299,33861,9962,16515,25521,7270,9666,6890,0
18394,35,2,1,-1,-1,-1,-1,0,0,10180,1312,15222,8047,10094,8469,2962,0,0,3958,2174,0,0
24819,63,1,1,0,0,-1,0,-1,-1,5667,10282,10121,12175,7987,14414,2096,5274,1204,1100,2604,5547,0
27712,46,2,2,-1,-1,0,-1,-1,0,10461,14533,12896,10381,9692,18815,4903,7524,5428,5714,1671,2976,0
81987,30,2,1,0,0,0,3,-1,-1,28937,16305,16025,17696,6871,58686,24505,3576,4621,12041,1952,40075,0
45398,30,1,2,4,-1,0,0,0,-1,7575,12938,26684,23465,30324,26583,1367,412,9197,7614,3833,1716,0
26230,51,3,2,2,2,-1,-1,0,-1,16963,12809,9740,12678,7961,7215,2967,7502,2832,2617,730,3136,1
27021,38,2,1,-1,-1,-1,-1,0,0,4612,10770,7796,7670,8461,10523,0,788,0,184,0,3408,0
124570,26,2,2,4,0,0,-1,0,0,22833,88934,66327,82448,43190,28655,12287,11652,29716,10393,15510,3486,1
98206,44,2,2,0,0,5,0,-1,0,8796,4622,35220,50307,13129,29256,4376,1728,7205,16464,1403,11146,0
46590,56,1,2,-1,0,0,0,-1,0,11210,11238,22714,11502,21633,31908,625,0,16982,5649,6305,10702,0
59315,38,3,2,-1,0,0,-1,6,1,21323,20205,6473,24589,38270,24151,5064,9093,2671,7950,16007,8343,0
40288,72,2,1,0,0,0,-1,0,-1,18824,14904,22767,11457,6954,14561,6610,0,9558,3838,1380,2836,0
37420,63,2,1,2,-1,-1,3,-1,-1,2876,737,8525,4111,11276,17164,782,465,398,1304,2231,0,0
32976,48,3,2,5,6,-1,-1,-1,0,11355,15671,5023,2873,25712,6566,1913,9163,156,152,2710,1709,0
57406,71,3,1,1,5,1,3,1,2,33451,9672,17818,9134,24324,28756,12778,0,4118,1854,2358,11866,0
24010,44,2,2,0,0,2,-1,0,-1,8492,8825,11885,8898,6160,10449,3471,4286,0,2899,958,0,0
102578,28,1,1,-1,0,0,-1,0,0,29394,65374,69386,42026,35222,10325,883,3895,19260,7629,10050,5327,0
506221,22,1,2,-1,-1,-1,-1,-1,3,246166,60419,103821,109219,331531,413963,59052,1291,36749,0,51203,36643,0
56754,71,2,2,-1,-1,0,-1,-1,0,24612,6936,32049,45525,6480,25959,2864,517,6342,17945,3606,3727,0
50441,72,2,1,0,-1,0,-1,-1,-1,13955,32943,21114,25188,35387,15836,7259,0,8950,8736,10539,2393,0
45828,60,2,1,0,0,0,0,-1,-1,24409,3362,22354,13453,7053,7359,1455,1480,7978,0,1565,1742,0
71866,26,2,1,-1,-1,0,0,-1,0,47746,30168,26047,34959,22933,34714,4366,13701,8570,7191,0,11932,0
18923,36,1,2,0,0,-1,0,-1,3,6864,15971,8697,8285,6529,5792,1905,0,502,1502,0,0,0
267624,23,1,2,-1,0,-1,0,-1,0,103172,152258,113472,103943,22523,192897,44504,57737,57155,0,12568,90940,0
107468,23,2,1,-1,0,2,0,-1,0,32305,40444,8881,36951,20410,42379,10828,4890,2122,2799,3365,3900,1
40980,34,1,2,0,0,0,-1,0,-1,14035,19082,18527,18090,9987,18149,7290,2449,3530,3535,0,5498,0
50273,51,2,1,6,-1,0,0,-1,0,39083,29438,15580,3499,16746,17107,6300,3822,2089,1262,4121,2804,1
31386,24,2,2,-1,-1,0,0,-1,0,3220,2208,9145,7522,13274,1715,759,0,4434,1328,3969,1132,1
62279,74,2,2,0,0,0,-1,0,-1,29944,15764,32510,45818,31077,25565,3862,2327,17391,14162,4816,5989,0
51486,45,2,2,0,0,-1,0,-1,-1,7325,34360,16845,25224,23969,29737,0,24730,3522,0,0,7118,1
58859,35,2,2,-1,0,2,0,-1,-1,0,8835,12345,17820,16073,21166,0,2542,1035,1945,3640,0,0
21533,48,2,1,-1,0,-1,2,0,0,11375,8204,17002,9671,9330,7939,1725,815,2797,1112,2067,2239,0
46687,63,1,1,0,-1,0,5,0,4,13747,20466,23001,27139,21544,44877,1769,3053,2949,15596,2786,2017,0
122620,37,2,2,0,0,-1,0,-1,-1,39719,34437,91292,56620,59349,42119,0,13968,22439,4833,9732,1737,0
31983,23,2,1,-1,0,-1,0,-1,0,19558,27147,10064,7745,10587,12883,6336,10176,926,457,2423,1234,0
10000,23,1,1,0,-1,-1,0,-1,0,1153,3108,3619,112,3092,1757,0,1644,447,70,0,395,0
43455,67,2,1,0,-1,0,-1,-1,0,5481,20364,33747,17689,12084,24859,2373,5774,6429,4775,1719,9444,0
236219,27,3,2,-1,-1,3,-1,0,0,101857,60583,70569,46054,144596,36985,7017,0,14452,0,90493,0,0
135343,55,1,2,-1,0,-1,-1,-1,-1,102235,42390,44965,78496,20048,45225,9779,459,6090,21407,2041,16198,0
30720,41,2,3,0,0,-1,-1,-1,0,11439,17198,30695,3805,13292,15654,3549,1948,7187,1011,2158,8554,0
32953,62,3,1,-1,0,2,0,-1,0,2918,13370,22023,18803,4373,5997,0,6026,7196,0,1966,428,0
59113,24,3,1,-1,1,1,-1,2,4,3774,23104,33464,15950,16992,51427,222,8381,6552,2647,6029,19685,0
12028,69,2,1,0,-1,0,-1,-1,-1,428,5848,2711,4840,6610,1499,207,645,846,2166,2285,0,0
24714,58,2,2,0,-1,6,-1,0,-1,5726,18563,19067,9550,7212,16348,2794,5017,1753,2780,1433,753,0
47193,45,4,1,0,2,-1,-1,-1,-1,8423,14431,24257,23388,1595,18581,2501,4319,9747,9466,704,934,0
175534,32,2,2,0,-1,0,-1,0,5,51839,68267,117532,60579,42997,48119,26401,8281,30440,17538,13772,0,0
48291,73,1,2,0,5,1,0,-1,-1,17982,30582,11808,9176,7935,4685,2277,1284,1649,114,2276,1333,0
240406,37,1,2,0,0,-1,0,0,-1,66337,31418,35927,119039,147175,165844,0,5493,9377,77001,76345,42964,0
26810,47,2,2,0,-1,0,-1,-1,-1,15455,21314,21337,10503,7737,5886,4227,8885,7504,0,5948,0,0
10000,42,2,2,0,-1,-1,-1,0,-1,7046,0,0,3838,4324,7095,3305,0,0,1336,0,660,0
124432,33,1,2,-1,-1,0,0,0,-1,70842,92240,8341,42128,81264,67259,6953,6045,1395,8994,20073,10437,0
105745,43,1,1,0,-1,0,0,-1,0,42168,61716,59282,15857,43598,70918,13018,0,22291,0,10490,15284,0
88339,29,2,2,0,0,2,-1,0,-1,16719,30906,23659,51189,19006,48143,8371,0,11739,13204,6238,0,0
85620,21,2,2,-1,0,-1,0,-1,0,30735,21672,40975,16967,62608,18793,14025,1748,2182,5203,3521,0,0
40003,36,3,2,-1,-1,0,6,6,-1,26914,5809,3743,29722,27163,20341,5781,2039,1797,20696,1835,504,0
39852,27,2,1,-1,-1,-1,0,1,-1,12402,17526,21067,16790,13710,5459,4325,0,0,5652,8644,2140,0
28760,43,3,2,-1,-1,0,-1,4,5,18192,3720,27548,15396,8013,13263,6621,563,6553,1694,0,5944,0
23742,67,3,2,-1,0,-1,0,0,3,17991,20418,10647,11910,3830,5853,3617,9570,325,164,987,318,0
49819,29,1,2,-1,-1,0,-1,-1,-1,25368,9832,10541,21607,30444,21957,4076,4302,0,4715,3642,0,0
11512,21,2,3,4,4,4,0,0,0,0,5015,5110,2583,7923,3166,0,943,1188,1132,1022,596,1
25978,26,1,2,5,-1,-1,-1,-1,0,14245,9366,5894,9533,24255,15531,421,0,1468,1343,7991,3445,1
30109,48,4,1,0,-1,-1,0,0,-1,26491,20303,0,6249,16136,4009,8672,1759,0,1239,2736,2146,0
11427,35,1,2,0,-1,-1,0,-1,-1,6751,8296,2079,4739,4967,3977,0,3784,0,1524,0,2460,0
10000,47,2,1,6,-1,2,0,0,-1,5166,2241,8207,2648,5543,1854,0,449,1863,0,400,1179,1
26262,22,3,2,0,6,-1,4,-1,3,10672,13734,26262,15384,8352,10462,1155,6200,575,3390,4964,6157,0
61932,38,1,2,-1,4,6,-1,0,0,47594,26476,39649,14685,22684,43220,14022,12928,10172,6527,1950,7120,0
26705,43,3,1,2,3,-1,-1,2,2,5263,4930,3071,16907,14768,12090,0,1349,1629,8236,1132,3153,1
10224,44,1,1,0,0,-1,-1,-1,1,43,1090,1694,1453,3976,5459,0,334,487,204,365,0,0
169721,50,2,2,4,2,2,5,0,0,64628,56100,126000,109972,24985,16542,29168,1770,24647,14413,3839,7821,1
15537,63,2,2,0,0,-1,0,-1,-1,8620,9325,3771,4655,7581,4343,1591,0,271,332,3587,2488,0
25475,46,2,3,-1,-1,0,0,0,0,7853,17132,13567,0,497,12826,2168,5966,433,0,168,5392,0
17864,66,2,1,0,-1,-1,-1,0,-1,5352,2883,15701,8317,9092,3390,924,1253,1790,3426,413,1578,0
97008,49,3,2,0,0,-1,0,-1,0,44592,11136,34484,58877,8006,38306,14881,0,0,7578,929,17883,0
96144,35,1,1,4,-1,6,5,-1,-1,70754,79681,59917,74962,37661,78364,560,17894,31128,30540,7110,4228,1
33570,33,2,1,-1,-1,0,0,-1,0,11522,13031,27384,16639,23584,8643,2299,8149,0,0,5284,2500,0
22212,38,3,2,4,5,3,5,3,2,10156,16833,147,9411,5520,2900,5631,5430,20,0,2890,586,1
56594,53,2,1,-1,0,0,-1,0,-1,27425,11742,34134,7093,32015,38302,4739,3704,7969,2402,2363,11987,0
25316,34,1,2,4,-1,0,0,-1,-1,6471,10593,6655,22402,3674,18546,1305,5545,475,1093,685,1365,1
46532,70,3,1,4,-1,-1,-1,-1,6,17755,16944,32391,31090,8188,14145,5881,0,3106,1950,357,2955,0
44247,46,1,1,-1,-1,1,-1,-1,-1,17172,11901,12379,19015,21501,22605,0,3787,229,1606,844,8468,0
74288,67,2,2,-1,0,-1,-1,0,0,54802,32344,37863,34162,46339,23489,0,0,13579,0,19226,0,1
72299,57,2,1,0,-1,-1,-1,0,-1,4187,20446,31241,16878,52390,35238,1470,3333,21682,1899,2921,4957,0
30488,39,2,1,0,0,0,-1,0,0,13399,7929,17634,5464,12039,10549,5037,895,104,476,1712,3444,0
13283,33,1,1,1,0,0,-1,-1,0,11757,3288,1352,5136,1393,0,0,514,217,1939,14,0,0
56331,61,1,1,1,-1,0,0,0,0,36582,23747,34575,29007,30006,15876,9309,6877,3473,8895,5835,3813,0
15373,38,2,2,0,6,3,-1,-1,-1,4909,3364,9229,3954,5738,5204,2087,0,0,768,365,383,0
73085,34,1,1,-1,1,5,-1,0,0,28830,25479,12930,44214,33223,12511,11794,0,10587,20214,0,1449,0
39924,71,2,2,-1,-1,0,0,0,-1,21294,27496,9592,22769,16464,9409,10313,5451,0,0,1744,2343,0
30625,47,2,2,-1,0,0,0,-1,-1,9623,12919,8179,13867,11456,12446,1959,7818,2790,0,4804,4706,0
17388,23,2,2,0,0,0,-1,0,0,4185,9160,3675,5403,14755,2801,1265,3040,871,2532,1294,865,0
177354,47,1,2,0,0,-1,-1,0,-1,30575,83312,25687,98921,39954,7503,0,60104,1846,15181,3416,0,0
47740,45,1,2,-1,-1,0,-1,-1,0,7131,38593,29668,26867,14368,35207,2675,0,7865,3612,1688,19172,0
225484,67,3,2,1,0,-1,0,-1,0,159694,57989,22199,73119,168908,111507,88047,27939,0,7271,34799,56095,0
50409,59,2,1,0,-1,-1,-1,-1,1,32684,16100,21425,11669,39891,30584,10560,3726,3158,3112,13195,0,0
90920,31,1,2,-1,-1,-1,-1,-1,-1,19850,15675,10661,53600,35687,34804,0,5200,5440,2501,4326,4340,0
70816,29,1,1,-1,-1,0,0,0,-1,55078,44559,38678,38886,18643,8485,22113,0,5641,12196,3141,3392,0
90195,53,1,2,5,-1,0,-1,0,0,50685,11573,17111,42815,27267,61058,10212,2693,966,16815,13983,27905,1
82246,23,4,2,-1,-1,0,5,2,-1,39358,26375,37943,22064,30943,44391,10129,0,7253,798,0,510,0
166018,38,1,1,0,0,-1,-1,0,0,104732,75328,64821,25473,55108,71329,17584,25167,8459,3672,18727,28573,0
16700,28,1,1,-1,0,-1,-1,0,-1,12338,11534,1872,6904,7367,10772,0,0,309,3601,0,2199,0
97187,22,2,1,-1,-1,0,-1,-1,-1,48724,23726,53949,48575,39153,15617,0,5844,26299,8036,0,5068,0
102148,70,1,1,-1,-1,0,-1,0,0,60311,24410,70719,80743,71388,48568,4956,13205,16713,9663,23051,9838,0
70628,25,1,2,-1,6,0,0,0,-1,21079,16360,29242,21635,3767,34675,0,4557,0,5078,1714,12270,0
135045,21,4,1,-1,-1,-1,0,1,1,81477,17209,35707,33709,27995,47806,13448,0,1291,13008,7845,9637,0
199229,71,2,2,0,-1,0,-1,0,0,119208,10472,60867,115416,25971,113846,46346,1596,6694,24915,20197,10550,0
141513,31,1,2,-1,0,0,-1,4,4,79570,26704,83775,70702,41920,36387,18347,8113,5097,46614,3155,10068,0
31734,65,2,1,-1,-1,0,0,-1,0,5813,10553,14250,20232,10538,9202,815,0,7356,3612,5173,2493,0
26436,22,1,1,-1,0,0,-1,0,0,5656,4561,3558,1641,18401,4494,1156,951,0,586,14939,321,0
125491,29,1,1,0,0,0,-1,0,-1,17008,54307,70840,37363,49100,43507,0,5565,19184,8112,9966,40,0
145455,26,2,2,0,-1,-1,-1,-1,1,22376,65575,54387,2022,25482,52106,3733,15628,2744,921,16883,10553,0
10000,59,2,1,0,0,-1,-1,-1,-1,7532,4458,5135,3088,0,0,1477,797,3765,670,0,0,1
116895,54,2,1,-1,-1,-1,-1,-1,-1,23528,33689,69018,63192,93888,11897,2125,8370,19359,33268,8605,5540,0
27985,46,3,3,0,0,-1,-1,0,5,8610,6777,3978,15035,16434,5006,3612,0,1054,3348,2347,651,0
16143,34,1,2,0,-1,-1,-1,-1,-1,5386,2769,6968,11935,11187,8090,0,146,321,1128,744,2046,0
49953,25,3,1,6,6,-1,0,-1,-1,24097,7045,14927,11611,31618,30954,10858,1146,0,0,20214,12038,0
101469,51,2,2,0,-1,6,-1,0,2,27084,82599,34502,58179,57513,34266,11511,6157,22727,4443,6551,0,0
51812,33,1,2,0,0,0,-1,0,-1,28030,7022,13655,30081,33104,11384,14034,1264,3749,3584,19620,5346,0
14727,52,3,2,3,5,-1,2,1,2,0,1994,6459,9074,5426,9495,0,696,1945,831,0,677,1
269991,58,1,1,-1,-1,0,0,-1,0,238945,12625,79507,132759,140876,187026,45988,8338,28565,22593,86829,59618,0
28712,66,2,2,-1,-1,-1,0,0,-1,11098,13531,14450,23538,5532,24966,6230,854,3889,7698,855,5849,0
123943,47,2,1,0,-1,-1,-1,-1,0,36943,31986,85175,87249,30068,28971,22333,11820,0,62114,5791,4192,0
20456,21,1,2,-1,0,0,-1,-1,0,3425,14649,17728,5646,3584,1872,0,6739,4391,252,1608,702,0
47864,36,3,1,-1,0,1,0,-1,4,11020,9398,31537,28835,31773,23690,3379,1760,14626,4594,10824,7815,0
93571,67,1,2,0,0,-1,0,0,0,23009,24118,32066,37356,61295,30544,10989,4294,15280,10357,37429,5022,0
69013,49,3,2,-1,2,4,-1,5,0,37566,1497,22638,12532,16668,27993,7357,607,13675,7950,5443,5746,0
226581,54,1,2,-1,0,0,0,0,-1,188856,105819,173591,64994,65463,29864,92156,27201,95284,0,461,8719,0
35795,45,1,2,-1,2,-1,0,-1,0,17518,13455,18138,9986,12609,14982,5553,1170,2070,2007,1257,1956,0
74356,29,2,1,-1,0,-1,0,-1,0,64456,41211,20941,52846,43181,53657,13706,8458,1743,3148,14658,3684,0
11499,69,3,1,-1,0,0,-1,0,0,4465,2403,3840,5356,5484,1858,1674,176,0,1828,3217,333,1
22791,62,1,2,0,-1,0,6,0,0,7536,14812,6502,6821,5714,15395,1636,0,986,4552,1709,9377,0
21604,74,3,1,0,-1,-1,0,0,-1,8841,1709,16512,17602,11178,7937,2086,0,8997,0,5245,945,1
95218,67,1,1,-1,0,-1,-1,1,4,20949,5459,29769,11957,27364,26066,1658,0,5934,476,2728,6659,0
187492,36,2,2,0,0,-1,0,-1,-1,20999,91458,79885,57331,87046,78560,14778,44442,33013,26541,40613,53738,0
216892,34,2,1,-1,0,0,-1,0,-1,187391,102552,75203,102427,91291,10630,5838,1895,18059,35517,37848,0,0
51666,34,1,1,-1,-1,0,-1,-1,-1,30710,16768,31231,21571,19635,17800,0,7785,6643,15209,6979,414,0
43815,70,3,2,0,3,2,1,4,6,16155,12657,14920,19563,21077,7006,4470,2091,0,6641,3041,1613,0
104235,51,2,2,0,-1,0,-1,-1,1,45816,66951,4485,85240,82738,46696,11308,25134,945,12276,1610,19236,0
90427,45,2,2,-1,0,-1,0,-1,-1,40844,25994,33941,69267,27067,17981,17564,16603,4749,0,0,0,0
42806,73,2,1,0,0,0,4,-1,-1,10413,20418,24747,32129,12488,17182,1399,0,5048,4549,2671,1022,0
52098,53,2,2,-1,0,0,0,-1,-1,11390,23358,30840,12457,39473,24198,4567,4972,8019,2003,2566,8556,0
44884,70,2,2,0,-1,-1,0,0,0,28106,33598,10007,19626,6067,6022,5092,27694,2342,8573,1769,0,0
29045,74,3,1,0,-1,0,-1,-1,1,5831,12188,6835,9353,12984,5806,2418,273,3966,1742,48,1819,0
37304,25,2,2,0,1,6,3,-1,-1,24980,1374,14676,15992,34252,22254,3364,55,6954,1484,5615,4401,0
44545,40,2,2,0,-1,0,-1,-1,0,10101,20910,40617,8673,8380,14154,224,7373,17409,1256,2619,2760,0
35431,60,2,2,0,-1,-1,-1,0,0,13139,15342,6755,13618,11162,5622,4399,4426,3552,6945,0,0,0
19764,64,2,1,0,0,6,4,5,0,3653,12600,9901,7113,11723,12007,0,5688,188,5398,2944,3115,0
97739,29,2,2,-1,4,0,0,-1,-1,38920,48245,70668,52443,52014,29439,2226,19909,17948,8736,8813,9246,1
74087,38,2,1,0,0,0,4,0,-1,27539,33956,18560,25289,22607,8095,6676,12500,3171,0,5808,2255,0
219976,50,2,1,0,-1,0,-1,0,0,65846,46757,66442,101749,137453,79684,46602,2362,1866,27115,0,37513,0
65881,64,2,1,-1,-1,-1,-1,-1,0,33530,35150,5347,15912,16190,22244,8748,10357,3604,2857,6780,3247,0
24581,27,3,2,0,0,-1,4,-1,0,10573,16649,4694,15225,1600,4913,5020,4014,500,1533,0,1167,0
20788,53,3,1,1,2,0,-1,0,-1,528,6040,6037,7017,13111,3953,175,4371,1775,975,2526,1995,1
35639,37,3,2,3,0,0,0,0,-1,7444,24437,24011,32383,12362,3313,3044,9525,5313,2515,783,1317,1
76290,32,2,2,-1,4,0,0,-1,0,30134,12656,26625,24628,29539,31290,1542,4737,1382,3330,13919,6034,0
40305,48,2,1,-1,-1,0,-1,0,0,4626,13318,0,19768,9579,19381,2062,2803,0,0,0,3140,0
21168,43,1,2,-1,0,0,-1,-1,0,3063,6867,8759,4805,8384,8224,1363,632,638,1064,1209,4365,0
27140,55,2,3,-1,-1,0,-1,0,0,3519,15813,9521,13404,8190,19438,299,0,1630,830,1534,717,0
69625,38,1,1,-1,-1,4,3,-1,0,939,20758,38597,23455,39205,31641,0,1447,19117,1735,9635,6163,0
124082,65,1,2,0,0,6,-1,6,-1,54185,60925,45333,87021,73492,75264,14170,0,1810,47197,6876,0,0
10453,25,3,3,5,3,-1,0,0,-1,4280,9382,1958,3902,4135,3779,493,0,203,1047,1725,844,0
42420,67,3,2,-1,0,0,5,-1,0,8272,1070,16952,0,10108,29303,1654,391,3614,0,2645,2910,0
58506,22,2,2,-1,-1,0,-1,-1,4,21826,28810,13840,30922,21136,28281,6944,6001,846,15399,4790,0,0
47820,60,1,2,-1,0,-1,-1,-1,0,1697,31780,13311,12488,10560,24710,233,13301,0,2789,1669,0,0
30652,39,2,2,0,-1,0,3,0,0,15700,7377,20342,23142,3177,9705,2783,1155,0,2561,912,0,0
27199,41,2,1,-1,0,0,1,0,0,7168,14184,1776,9239,11923,11571,0,5694,569,373,0,3885,0
54865,22,2,1,0,1,0,0,-1,1,21043,31561,26146,32469,19142,25473,8867,13842,10526,10340,8666,1966,0
84523,58,4,2,0,-1,0,0,3,0,30383,58620,17505,16335,24973,22833,2820,36531,4598,7104,6065,12051,0
178921,29,1,1,0,0,-1,0,-1,-1,38941,66289,141200,72558,51475,41526,5641,9658,37079,7586,21756,9275,0
27925,56,1,1,-1,0,-1,1,-1,-1,16578,12030,13356,13151,13478,17302,1665,1346,2413,7300,6955,4871,0
59094,60,1,1,0,0,-1,0,4,-1,35830,24693,19978,11278,19153,42168,21222,2302,834,3040,0,0,0
11868,66,1,2,2,0,-1,0,4,3,9035,1555,0,8682,1762,7095,1447,248,0,2242,289,2004,1
53495,59,2,2,0,-1,0,0,-1,-1,21229,32863,9302,9314,21352,16403,4704,5412,6326,922,4510,1549,0
110701,37,1,1,3,-1,0,0,-1,-1,36776,34142,47749,49448,14946,48329,11098,9619,14572,15556,3329,13712,1
241166,60,1,1,0,0,0,-1,0,0,124394,86805,58078,174248,51861,97371,0,8976,9888,114197,0,39156,0
16437,65,1,1,3,6,1,1,1,-1,15114,4731,2827,2342,3650,3610,0,210,488,327,591,441,1
28739,38,1,1,4,0,-1,0,0,0,17235,19133,95,15606,14126,16956,2010,0,44,3628,1850,1537,1
55012,27,2,2,0,0,4,4,1,0,31180,14218,5377,29141,24474,26304,3001,0,755,12633,2360,0,0
18802,69,1,1,-1,-1,-1,0,0,0,13645,11349,5795,2971,11531,5417,8328,1779,2505,861,3929,2446,0
39383,28,3,2,0,6,0,-1,3,6,17466,19541,14465,31793,8249,12447,7719,11540,5257,0,0,7640,0
112969,53,1,1,0,-1,-1,-1,-1,0,70471,52482,56887,20240,66091,12076,4449,0,6539,0,16199,1158,0
24623,33,1,1,0,-1,0,1,3,0,12251,10600,6056,7466,14404,1972,2766,1604,1684,455,0,0,0
76308,27,1,2,0,0,0,0,-1,0,0,43489,6399,26520,13372,51947,0,9248,0,14716,0,12804,0
18587,62,2,1,-1,-1,0,-1,-1,0,5607,11452,6016,6093,12794,8216,0,0,1633,1028,3162,1328,0
206243,28,1,1,0,-1,0,-1,-1,-1,130890,67778,44334,101285,156970,40784,0,17989,23223,32269,44294,8050,0
57833,57,2,1,6,5,0,0,0,-1,41928,31325,18434,11539,14314,35447,0,19044,3873,0,4473,0,1
41127,58,1,2,0,-1,-1,-1,-1,-1,3012,16536,10447,6262,9494,16940,765,1006,4919,886,4575,5104,0
12743,24,4,1,-1,-1,2,3,0,-1,1792,2255,2757,10089,3308,6282,381,770,453,1601,654,2478,0
93694,30,1,2,-1,0,0,0,0,-1,18580,21246,17526,32373,7603,28683,2662,7492,0,13040,1550,0,0
145269,63,2,2,-1,0,0,0,-1,5,120244,31759,11786,44457,98483,87678,23925,8747,2496,24058,3736,0,0
18511,48,3,2,-1,-1,-1,0,0,0,17894,10742,8494,2267,9817,775,1078,3259,4113,204,1406,189,0
48279,27,1,2,-1,0,-1,0,0,-1,18922,9576,15019,8845,23997,8410,5610,2135,2619,0,3239,759,0
37600,74,1,2,3,-1,-1,0,-1,0,24790,18913,11861,5972,8469,14318,11893,6913,562,454,332,1359,1
170142,35,2,2,-1,-1,-1,-1,-1,-1,25315,125656,28707,24105,25087,104735,3852,91929,22752,14820,9635,20732,0
14906,21,1,2,0,-1,-1,0,-1,0,9379,10939,0,5847,4623,8376,2192,3946,0,425,0,1248,0
191941,70,1,2,-1,0,-1,0,-1,-1,127037,34448,154788,55645,79554,74254,12786,0,87486,5318,27149,21196,0
36251,21,2,2,-1,-1,0,-1,0,0,20900,30665,8821,16219,20466,26030,2126,10769,3327,1247,1343,3345,0
64807,50,1,1,-1,0,-1,-1,0,-1,21034,26645,22401,46697,25009,29314,5622,14002,2876,16058,7922,150,0
26129,74,3,2,-1,-1,-1,6,4,1,7796,177,10439,7860,7403,16804,2861,8,3860,2516,1723,3195,0
59378,52,2,1,0,0,-1,0,0,-1,5607,9714,9368,29127,26396,22222,0,4579,5186,0,12119,9691,0
27341,52,2,2,0,0,-1,-1,-1,-1,15419,6567,6538,5973,7805,9780,0,1705,1152,539,5233,1176,0
160039,41,1,1,5,-1,-1,0,-1,0,57958,61755,83767,46549,82983,16041,13456,10285,18063,2094,0,4647,1
118089,27,2,1,0,-1,-1,-1,-1,-1,22042,77571,46509,72100,20542,29569,2002,9732,2143,3086,4064,18777,0
22320,51,2,1,0,-1,0,0,0,0,5160,437,2546,6509,7541,7013,1093,58,303,3631,2137,1243,0
117060,69,1,1,2,2,0,-1,-1,-1,85801,77837,75192,52901,6861,60239,56064,31879,22844,0,2084,13665,1
25800,25,3,1,0,0,0,5,4,2,11550,17014,10436,3710,18340,9702,6322,0,7828,0,695,3525,1
51088,68,2,1,-1,0,-1,0,-1,0,41525,12077,7792,34253,23400,24860,10278,5193,2255,16148,7531,3509,0
166062,43,2,2,0,-1,0,0,-1,-1,28168,28722,55968,73461,3706,73198,6405,15213,18512,12187,243,24196,0
40024,49,1,1,2,0,0,0,-1,-1,13199,30756,27938,16843,5924,21144,0,3179,1536,143,1136,3200,0
144020,29,1,3,0,0,0,4,-1,-1,2931,93606,94973,37246,63451,75840,991,29363,30608,10060,11275,27017,0
70664,54,2,2,4,-1,0,-1,0,3,5082,11579,21361,21436,30482,45554,1467,628,2767,3672,5953,363,1
41972,30,2,1,-1,-1,0,-1,-1,0,24249,17622,4903,34763,32015,21826,0,12795,1617,11788,4336,7342,0
65770,35,2,1,0,-1,-1,0,-1,0,39686,35844,54254,47005,33676,37947,1999,7625,8838,23156,7474,19131,0
83717,59,1,1,-1,0,0,5,4,-1,33745,13755,4981,30510,25041,25239,19888,4484,376,11000,10895,5130,0
19405,23,2,1,0,0,-1,0,0,6,6289,1000,3234,4169,12541,3178,3676,118,858,0,485,0,1
42238,45,1,2,0,0,-1,0,0,0,8781,25934,18448,1898,31340,5311,1736,0,2863,265,1825,0,0
29740,53,1,2,0,3,0,1,3,0,17306,9902,12511,2207,15847,12819,9206,0,6971,341,2511,5762,0
39289,28,2,2,-1,-1,0,-1,-1,0,4845,11063,11983,22957,28818,20990,181,0,363,7214,2720,4916,0
201289,36,1,1,-1,0,0,-1,-1,-1,42785,58112,74935,66584,76886,77193,9156,21188,17807,22030,10277,19347,0
109239,39,1,2,-1,0,0,0,-1,-1,27726,97285,52432,5277,45506,68221,864,55373,15956,2739,18866,28733,0
21816,56,1,1,-1,-1,-1,-1,1,1,7218,6286,8849,7523,6182,13220,986,0,1542,2945,2523,5995,0
27574,73,3,2,-1,5,0,5,-1,-1,6748,5639,19416,15845,15374,7719,3064,437,588,1304,0,2224,1
82732,66,1,2,-1,-1,0,0,-1,-1,41978,29194,20590,20561,16163,22831,0,0,1315,9017,3800,0,0
88900,31,2,1,0,0,-1,0,0,-1,59304,22198,12624,3280,20461,9536,27699,6187,3718,1058,10709,1207,0
20388,21,4,2,1,0,-1,6,5,5,3570,9978,18744,5141,3062,12625,1223,0,4469,3085,405,4971,1
18215,23,2,2,-1,-1,-1,0,-1,0,9995,4424,15954,11306,13680,11353,528,1423,5991,3363,1224,4612,0
46860,53,2,2,-1,0,-1,-1,0,0,21436,28936,933,16053,15641,12469,0,11378,60,1281,0,6950,0
77282,29,2,1,0,0,0,-1,-1,-1,50327,28699,25428,5654,36617,12715,34903,4674,0,0,4442,1809,0
59152,33,2,2,0,0,0,-1,0,-1,22407,9770,23698,29122,41615,27758,0,6169,0,1107,4404,0,0
24155,66,2,1,-1,0,0,0,0,-1,1515,3972,14994,19115,4709,3204,530,0,1255,4615,923,1658,0
139667,68,3,1,-1,-1,1,1,3,-1,76000,19434,17194,48820,10993,1470,10403,1094,2759,16754,551,302,0
45294,66,2,2,-1,-1,-1,-1,-1,0,18731,10678,3220,12072,20535,14125,0,0,276,1855,13571,3254,0
57237,34,2,1,-1,-1,-1,-1,-1,0,30738,12538,19825,21572,12857,7313,12448,2665,0,5446,3048,1668,0
40412,54,1,1,0,-1,-1,0,0,0,14205,15705,5431,13302,7604,18556,0,0,0,5189,0,13369,1
83160,53,3,3,-1,-1,0,1,0,-1,22318,22435,16703,23710,46036,55332,9759,8592,0,446,14969,6980,0
108439,31,1,1,-1,0,3,0,0,-1,76677,18592,30435,29159,50396,74967,9025,6781,12370,2595,31343,7968,1
44137,50,3,2,0,-1,6,-1,-1,-1,17259,28511,14856,29176,11346,21865,479,11860,4183,1299,1630,3124,0
27313,49,1,2,0,0,1,-1,0,-1,20754,18360,15670,2589,18635,6519,6197,10377,8034,135,8437,774,0
117621,42,2,1,-1,0,-1,0,-1,-1,94897,62176,39909,54980,16248,43799,2725,16596,5311,1823,1918,27946,0
89816,61,2,2,0,-1,-1,0,0,-1,25335,14839,49472,47711,33869,16707,13680,435,14947,19720,7621,6233,0
110408,57,2,2,1,5,6,-1,-1,-1,9084,49544,17735,55770,49961,64854,3664,0,2080,9398,16867,13868,0
70692,49,1,2,0,-1,-1,-1,0,-1,52608,31651,27256,3486,37367,26003,8746,0,11534,1940,0,771,0
32319,60,3,2,-1,0,0,0,0,3,17415,3211,7549,7377,9048,10082,0,258,1285,1192,1362,1255,1
42375,62,2,2,-1,-1,-1,-1,0,0,25612,12407,11524,21259,26246,14492,5953,4552,1340,755,11971,2115,0
424926,51,1,2,0,-1,-1,0,0,0,316227,187776,65860,201404,94512,267073,29145,37987,7023,81150,35920,67120,0
31762,35,2,1,0,0,-1,0,0,0,8176,5091,8319,25076,3482,6975,1812,1714,411,0,329,492,1
18977,61,2,1,0,0,-1,0,-1,3,1908,12074,8527,9293,9993,267,573,6464,450,3880,309,32,0
36366,59,2,2,0,-1,-1,0,-1,-1,22272,27617,7831,24199,26508,12410,4103,3508,1040,14486,14392,1435,0
44800,74,1,2,0,0,3,1,-1,-1,11498,25448,12053,23108,15875,12999,2988,7330,1199,14206,0,806,1
134306,29,2,2,-1,-1,-1,0,0,-1,68735,98277,25607,62340,21255,77684,0,29417,8401,3321,12639,12308,0
11597,43,3,1,-1,3,-1,0,-1,-1,6377,7023,6863,6192,7711,2866,739,102,1244,0,3855,336,0
43802,70,1,2,0,0,-1,-1,-1,-1,8138,6441,14899,9797,8033,8432,0,2292,5867,990,1406,513,0
57091,48,2,1,-1,-1,3,-1,-1,-1,21761,14757,8763,23370,4235,45792,11267,1315,2182,5074,509,3234,0
135216,71,2,1,0,0,-1,0,0,0,42083,35626,47885,87808,107930,49002,0,5335,2007,28947,4073,0,0
60708,21,3,2,-1,1,5,1,2,2,29091,13603,10767,15319,2380,28376,5821,0,1204,4274,537,7827,0
179013,22,2,1,-1,-1,0,-1,-1,2,97144,34887,70518,113894,80032,35501,4835,9000,16858,47061,33685,6931,0
45250,63,3,2,0,0,1,1,3,6,20125,10710,12683,4938,21969,26042,9292,1842,2439,2557,6347,6231,0
58312,40,1,1,4,-1,0,0,-1,0,8463,21170,6160,31566,41475,11475,979,3382,3784,17532,13330,956,0
97192,49,2,2,0,-1,6,-1,0,0,9899,77318,41054,45610,29187,39443,0,37032,12567,0,0,16942,0
11494,44,3,2,-1,0,-1,3,5,4,5488,4222,3079,2298,5166,3227,1192,775,0,155,730,0,0
10000,43,3,1,5,6,1,6,5,-1,1053,5727,9499,5533,4382,5529,288,3945,514,225,962,0,1
107045,71,2,2,6,0,-1,0,0,0,22534,81140,36466,9747,34017,34736,1741,43779,4626,3338,14548,10938,0
58014,26,2,2,-1,-1,6,-1,0,-1,15288,26495,11850,38522,9372,13804,7096,2454,6526,5599,1492,4357,0
106000,62,2,1,-1,3,6,-1,0,-1,34008,76911,88086,47102,13001,16508,0,15121,6883,14106,622,0,0
34702,69,1,2,-1,0,2,0,-1,0,6550,20436,5420,16469,15037,24874,652,4519,2926,4565,2867,0,0
95908,56,3,2,0,3,6,6,1,4,39164,46085,22619,42430,65267,60920,14534,14604,0,18280,1710,0,0
83808,42,2,1,-1,-1,-1,0,-1,-1,20465,29726,34050,32229,36166,15132,5823,270,12360,4116,2522,1838,0
47815,29,2,2,-1,-1,0,0,0,-1,17338,11643,7540,20912,5698,29166,0,3894,4581,3640,169,9606,0
81011,57,1,1,0,0,0,0,5,-1,14388,34227,53435,18828,40793,19554,7710,2648,15754,2558,0,11974,0
90582,46,1,1,0,-1,-1,0,-1,0,49214,46059,22782,36321,18038,4161,18828,30279,475,22290,2427,2698,0
34581,29,1,1,0,0,-1,0,2,0,19684,18559,19678,22049,10943,18692,10362,0,8717,6102,5685,8597,0
36025,40,2,2,0,1,-1,0,0,0,10463,26973,13199,23749,3666,13765,2228,0,0,12844,353,4203,0
63888,72,2,2,0,0,-1,0,-1,0,43743,36746,3376,42292,30516,23176,12436,12159,583,14117,0,3306,0
48842,35,1,1,-1,-1,-1,0,-1,0,8928,19374,35893,23234,13352,17793,3276,3351,13218,0,5875,3913,0
15130,30,2,1,0,0,-1,-1,-1,6,11781,1827,4434,5842,13138,15130,3212,458,860,1513,1414,0,0
43444,57,3,1,4,2,0,0,0,0,6081,16589,18385,17103,14259,31316,1701,647,9112,0,4766,9744,1
133960,31,1,2,0,1,5,0,5,3,76271,44423,43084,47816,88352,91257,11710,14900,5167,8760,0,45415,0
115246,70,2,1,-1,-1,0,-1,-1,-1,25226,13116,11156,33055,46650,4802,7283,3386,1072,9901,7265,0,0
75045,67,2,1,-1,-1,0,0,0,-1,26573,44184,34249,31597,26443,30496,739,7454,1251,7869,3999,12694,0
132074,74,1,1,0,-1,-1,-1,5,-1,42920,72319,31412,58805,35160,64619,9285,14143,2376,5889,6944,44797,0
108013,70,2,2,-1,-1,-1,0,0,4,52651,32133,83534,34574,2606,91020,9201,7349,0,4791,1682,24162,0
52246,34,2,2,-1,-1,0,0,-1,0,7372,11837,11396,12033,23294,2251,3125,2139,2423,0,12982,184,0
12598,32,1,2,0,6,0,0,-1,5,6437,4947,3569,5222,8014,7640,0,1580,1454,1637,869,3281,1
173563,39,1,1,0,0,0,-1,-1,-1,67419,83223,68443,85707,107561,93333,4746,14935,32719,31833,32487,15407,0
16792,46,3,2,0,0,3,-1,0,-1,3538,14461,4786,2581,1555,3020,637,0,328,938,254,0,0
27771,68,1,2,0,-1,-1,-1,2,0,6516,9944,8842,5376,3524,4547,295,693,3475,675,1013,1752,0
20277,60,2,2,-1,0,-1,0,-1,3,12422,0,7785,14316,8094,763,3059,0,3862,6569,3663,380,0
357775,55,2,1,0,-1,-1,-1,2,-1,88007,96877,223673,84751,189255,120649,61912,0,49686,63270,64023,21916,0
48813,68,3,1,-1,-1,-1,3,5,3,26718,18117,25979,10317,7972,26361,5202,8364,8176,1834,1790,11085,0
21305,55,2,2,-1,-1,-1,2,-1,0,9772,6382,1759,6533,6629,13404,205,973,420,0,0,7718,0
19862,41,3,1,1,0,3,3,0,5,16194,2745,5865,874,7959,12992,8436,60,1438,63,0,6119,1
48992,43,2,2,0,-1,0,-1,0,-1,6189,20522,4774,34977,32390,20403,1482,12686,321,8125,9302,6712,0
75653,48,2,1,-1,-1,-1,-1,-1,0,43261,27352,36463,27794,64284,51592,14548,8750,5595,0,15531,10871,0
61293,25,2,1,-1,-1,-1,-1,-1,6,39661,26506,4895,22109,21758,17001,30278,6179,2280,0,3675,465,0
23321,61,2,2,0,0,0,-1,0,6,5092,4858,6411,6821,9528,6122,870,1121,563,1857,2113,1041,0
63178,56,2,1,-1,0,-1,6,4,0,53653,24613,44949,18268,17326,17607,19310,6235,23231,5257,7190,3416,0
42088,60,1,1,-1,0,-1,-1,-1,0,13704,14695,12477,30358,22357,3529,4369,0,0,11332,7895,736,0
113270,49,2,2,-1,0,-1,0,0,-1,85781,41797,101289,16927,67051,58963,9478,12921,22392,0,3757,9924,0
51279,63,2,1,-1,-1,-1,-1,-1,0,27097,20801,16434,13858,38234,28491,8242,12907,4167,0,3325,1554,0
37384,72,1,2,4,0,4,0,-1,-1,19340,29990,17057,14209,13672,17192,2565,0,0,595,1127,2683,1
119090,51,1,1,0,4,3,4,5,0,32986,44718,40821,22920,80251,32678,9486,0,0,8665,0,18238,0
66609,44,2,2,-1,0,0,-1,-1,0,11651,34642,16204,5311,11507,30082,4475,0,3557,1564,3870,6429,0
33527,26,2,2,-1,-1,3,2,0,-1,23081,17317,9527,18955,19664,5820,10204,2427,1934,4486,0,160,0
87910,63,2,1,-1,-1,0,-1,0,-1,6800,45787,18256,16223,3190,55184,434,37846,10853,5268,1634,26177,0
81088,69,2,2,-1,2,-1,-1,2,-1,21751,63568,7398,21569,6490,50288,0,8244,303,7363,266,0,0
89749,58,3,2,6,6,-1,4,6,0,57309,44927,28037,39229,20103,42871,18560,1880,6109,14566,4562,0,1
86518,67,2,2,-1,-1,-1,0,0,-1,25736,41195,29385,49682,37809,32650,8015,8973,5857,6886,14456,15594,0
57832,67,1,1,-1,0,0,4,0,0,16855,22968,24654,43250,2440,22491,7670,8992,11761,10482,48,5970,0
10000,64,3,2,1,0,2,4,2,0,3457,5316,7466,4701,3182,6528,1240,3158,0,970,1887,4154,1
79681,48,1,2,0,0,-1,0,4,-1,9240,13085,6604,51790,5467,37781,2104,4355,572,0,735,7273,0
64437,26,2,2,1,0,0,0,0,0,21154,5932,33526,20903,20885,24467,3149,2882,0,2282,3809,6080,0
51070,21,2,2,0,0,0,0,-1,0,27957,17562,22350,30344,10231,20033,3996,838,2974,9201,78,2821,0
10000,32,1,2,0,-1,-1,-1,0,-1,2405,4922,3256,5789,4881,3049,439,2832,310,21,0,664,0
84378,44,2,2,4,-1,0,0,0,-1,23521,11328,55095,23078,10862,27872,1897,7444,6954,1126,1793,487,0
23632,61,2,2,-1,0,-1,0,0,-1,13677,0,12024,17673,1269,126,2330,0,3343,3404,520,28,0
118782,45,1,2,-1,-1,-1,0,-1,-1,82103,13228,25592,20950,105276,55716,24650,1287,9714,0,19631,1746,0
267538,22,1,2,0,0,-1,0,-1,-1,17722,53580,197936,118236,74651,100520,2972,13028,107957,1459,24680,54344,0
56063,32,1,1,0,0,0,-1,-1,0,33715,36177,45824,8712,20046,14134,6009,16150,16039,1347,3386,634,0
97466,73,1,2,-1,0,-1,5,0,-1,45167,11359,27854,55873,38937,73065,3219,4715,3233,19900,5628,26851,0
50323,74,2,1,-1,-1,0,-1,1,-1,18523,13628,25903,16023,5473,10704,0,7297,6678,4385,3377,1038,0
74642,41,2,2,-1,0,5,3,0,2,8641,30718,32340,19261,1575,21161,5163,0,11915,2046,495,2750,0
53250,64,2,2,0,3,4,0,0,0,38415,16039,7793,28006,12524,15780,0,4599,0,369,1519,9524,0
32416,59,2,2,0,-1,-1,0,-1,-1,13933,15063,18350,14567,17012,23203,1263,6795,0,0,3059,3148,0
33273,71,1,1,-1,-1,0,0,0,-1,5017,9914,26096,20552,5027,5388,753,2992,12804,5809,0,1024,0
244958,68,1,2,-1,0,-1,0,0,0,126954,95281,73986,34345,114560,89252,66765,48335,18082,0,65765,14076,1
69622,54,2,1,0,-1,-1,2,-1,0,45208,21418,8447,15970,53731,28209,5533,3390,3009,2176,14571,0,0
66685,42,3,2,0,-1,0,-1,0,5,23148,2895,36156,23966,12384,35231,13975,455,4083,3548,2205,7054,0
67457,54,2,2,-1,0,0,0,0,0,59877,17605,14387,28938,46889,62544,3716,7363,2435,4529,24412,15861,0
149804,38,1,2,0,2,-1,0,0,0,61493,35394,59528,66351,84854,14137,11236,19313,10808,4845,0,2736,0
23938,39,2,1,0,0,0,0,-1,-1,8846,9378,3103,16537,9763,4527,0,0,1752,4470,3147,658,0
36675,53,3,2,-1,-1,4,2,0,0,25222,3789,6821,16354,19777,26924,15214,0,1484,0,2708,1460,0
73452,51,2,2,-1,0,-1,0,-1,0,51819,29409,30283,36277,47890,33491,0,7760,8175,2023,18952,0,0
193031,52,1,2,-1,-1,0,0,0,0,33092,68587,119183,61473,56177,110273,5049,12865,61593,10889,31284,21485,0
582411,41,1,2,-1,-1,-1,0,0,0,208093,270500,182487,348355,136906,206308,72234,22577,94608,163957,0,76448,0
67915,43,2,2,-1,0,-1,-1,-1,-1,54485,18840,19943,47736,55691,33648,15347,1699,5552,1102,11759,3849,0
20220,21,3,1,0,-1,-1,-1,3,4,7628,6499,15844,3181,8498,12632,843,2519,4543,0,4741,0,1
18835,53,2,1,0,-1,-1,0,0,-1,7669,10526,7349,6327,11984,9587,1975,3715,1211,1035,5417,1659,0
33276,52,1,2,0,0,-1,-1,-1,2,17452,29654,11864,16061,15885,13535,2679,10791,1641,0,6748,5031,0
26389,71,2,3,0,0,0,0,-1,0,14923,19149,4291,11855,14273,16314,8703,14707,1866,4589,9720,732,0
10000,48,3,1,5,-1,-1,0,-1,0,4969,3303,9583,6747,584,2908,1008,0,5839,2517,0,0,1
28551,46,2,2,0,1,0,0,-1,-1,9044,28551,8988,17569,12307,5088,1374,3761,5988,3589,5028,3523,0
86976,24,2,1,0,-1,-1,0,-1,-1,47038,36011,33782,33012,30885,4880,3164,6523,16418,23959,6725,214,0
52068,31,2,1,0,-1,0,0,3,-1,8240,36269,27077,15399,23071,2915,1195,9029,6658,4534,9241,1433,0
55802,39,1,3,-1,0,0,-1,0,0,4788,21099,42472,29376,36877,30895,845,899,7271,477,6210,12002,0
13392,41,2,2,0,0,6,6,1,2,168,6957,3497,2137,4600,6817,9,2190,600,833,0,1062,0
113587,40,2,3,0,2,0,1,0,-1,43949,43143,38331,47946,55799,50667,3529,33887,0,10926,435,26714,0
51677,42,3,1,-1,-1,-1,4,3,3,22043,41361,22446,21565,5281,28925,2174,3051,8911,11477,2598,5289,0
48516,62,2,2,0,0,0,0,4,0,5975,16473,30834,14492,23834,33120,2486,4990,14815,3285,0,5083,0
10000,28,2,2,-1,-1,0,0,-1,-1,5795,6255,6789,2916,4233,4974,1440,0,1049,624,0,1261,0
33103,38,2,2,-1,0,2,-1,-1,0,0,17783,23581,13684,14714,10431,0,3127,7547,6911,2014,1616,0
69353,29,2,1,0,0,0,-1,0,-1,23127,4424,18232,10591,18343,30061,13325,356,6033,1818,7044,16068,0
47913,37,2,2,-1,-1,0,-1,0,0,18961,14859,10714,19288,36814,9815,2990,1729,1106,4883,15268,0,0
57156,57,2,1,0,-1,-1,1,4,0,14205,43876,9495,14882,31905,26756,2237,12432,2210,3243,0,14441,0
84825,23,2,2,-1,0,-1,-1,-1,-1,40780,4527,67923,47067,36195,22188,2057,0,27679,6715,8371,863,0
55480,39,2,2,-1,2,4,0,-1,-1,31779,36473,36293,25919,15667,16817,0,10623,14290,10479,8105,470,0
82432,22,2,1,0,0,-1,-1,0,-1,28959,45038,35501,47351,5907,21961,659,9348,736,11132,2331,1388,0
34948,72,1,1,0,0,0,-1,0,0,11140,14464,18170,28300,0,3194,0,0,8675,15804,0,608,0
18430,60,2,2,-1,-1,-1,0,0,0,12486,8643,12046,12888,5174,10156,1532,1424,9971,6203,2018,0,0
71817,34,2,2,-1,0,0,0,0,0,34005,25401,33179,14643,11680,50284,0,14334,24919,604,4208,0,0
84620,31,2,1,-1,-1,0,-1,-1,-1,20756,54066,10620,54893,46802,13919,0,4556,2455,1170,6628,0,0
74248,26,2,1,-1,-1,0,3,0,-1,22338,19527,24748,25116,9739,58248,6913,4520,9294,3216,3530,32021,1
54462,46,2,2,-1,0,0,0,-1,-1,29288,29549,21981,16146,38637,18709,2140,2089,2575,6408,13210,7069,0
26478,61,3,1,-1,-1,0,0,-1,4,6389,10317,8193,13423,364,7068,657,2147,553,1351,75,1372,0
58034,52,2,2,1,-1,0,-1,-1,0,46091,14957,11497,22584,46208,31400,11181,0,1694,0,3285,6268,0
92958,68,1,2,-1,-1,0,0,-1,0,13796,71326,46771,21968,5671,46741,0,23319,22402,6010,1655,19227,0
69663,39,2,1,0,0,-1,5,3,2,23778,15023,44308,17922,22975,38068,9903,0,24918,0,7100,10199,1
394633,36,2,2,-1,2,5,1,2,-1,231172,153709,164275,28183,94756,275757,65159,68466,87275,3194,0,95521,0
23467,46,2,2,0,0,-1,0,0,0,608,10885,4006,913,6747,8563,308,2396,1387,769,2504,303,0
647448,31,2,2,-1,0,0,0,-1,-1,430372,291166,93516,431521,337852,386948,0,0,45064,85588,32582,28271,0
17935,73,2,2,-1,-1,-1,0,0,0,7861,10753,8174,7972,8786,1315,361,4093,3426,0,1275,300,0
93433,31,1,1,-1,-1,-1,0,0,0,23348,33371,42276,35633,23050,49090,5985,8927,12106,15174,10886,27538,0
18847,46,2,1,0,0,0,0,-1,0,9387,4596,8780,11934,6630,16727,2828,2556,781,1263,3811,2043,0
87681,49,1,2,6,-1,-1,-1,-1,-1,15690,31063,28246,56493,15063,14917,5108,2874,11720,755,2453,7889,1
107548,24,2,2,0,0,4,4,4,0,61031,46275,64560,73638,43981,48634,12029,13746,3607,22815,13793,11140,0
50315,46,2,1,-1,-1,0,-1,-1,-1,24949,12902,2170,5650,18885,19989,5584,4586,226,1054,3039,0,0
106773,45,2,1,0,-1,2,4,-1,0,0,25315,19107,83276,68466,23131,0,0,14172,6794,7215,0,0
34928,35,2,2,-1,0,1,-1,1,-1,9632,12212,11482,13222,6148,7437,0,1127,0,1231,1229,1777,0
10000,27,3,1,5,5,3,3,2,-1,4701,2978,5259,3073,4597,3736,939,156,3863,262,1030,1246,1
80932,23,2,2,-1,0,-1,-1,-1,0,52509,39647,46225,31318,22751,35562,6144,17165,7221,9884,2938,8568,0
50237,21,2,2,0,-1,0,0,-1,-1,22607,15845,2450,8682,34283,33304,0,5894,466,1231,11640,4771,0
23379,47,3,1,0,-1,0,-1,2,-1,1860,14409,1379,7550,6072,9932,1100,8717,305,2639,2606,3742,0
35296,25,2,2,-1,-1,0,-1,1,-1,11782,3358,11090,5913,13860,18677,0,973,2564,1128,0,3180,0
67864,72,2,1,-1,0,0,-1,-1,0,49840,24007,35988,43757,38535,18758,20407,12044,5719,14946,0,112,0
35769,34,1,2,0,-1,0,0,0,5,13049,0,12862,10987,6405,13705,3268,0,0,816,4288,477,0
92657,56,1,2,0,2,3,-1,-1,-1,57437,43752,32343,32827,41378,65458,9185,7259,3471,11055,23709,8424,0
177616,57,1,2,0,-1,0,-1,-1,0,29022,101640,89499,74192,27135,11185,9451,12023,25704,0,3921,2679,0
356656,47,1,2,0,-1,0,-1,0,1,145411,220207,130980,170478,40860,10530,57638,0,43608,50863,19148,2641,0
150786,68,2,2,-1,0,0,-1,-1,-1,28182,23828,58033,39491,53826,60223,14692,6447,14082,17786,5563,34968,0
78109,26,1,2,0,-1,3,1,3,-1,30016,19878,49037,21825,44132,28845,0,1779,3928,1193,10160,0,0
60242,33,2,2,-1,-1,-1,-1,-1,-1,23360,33762,22360,14351,26658,11441,312,7291,14116,5102,12639,0,0
49825,34,1,1,0,0,-1,-1,0,0,33075,12457,35951,31445,15836,13608,12976,2602,16053,17949,5735,2163,0
47285,28,1,2,6,-1,0,0,-1,0,20639,25110,8129,10316,13445,26097,4956,9705,3512,3053,0,9391,1
68937,36,3,2,-1,0,4,1,0,0,5962,22910,28349,31187,28671,22163,2125,7879,13944,2531,7338,16268,0
38330,37,2,1,1,1,-1,-1,-1,-1,12774,11814,14904,16635,17429,26669,3963,226,3860,3935,6806,10720,0
45991,62,3,3,-1,4,4,-1,0,2,17505,30924,6454,14483,30726,10512,11321,5050,4631,4671,3710,0,0
22697,37,2,2,-1,0,0,0,0,0,4838,5958,8837,8942,7217,17480,590,235,627,864,726,0,0
205401,68,1,2,0,-1,-1,-1,-1,-1,66555,19373,43439,72149,106071,62619,15407,1779,0,12985,17880,12397,0
37874,62,2,1,0,-1,0,-1,0,0,4136,29600,7338,26709,4483,11969,504,2305,2177,2963,1637,10588,0
117053,69,2,2,0,-1,-1,3,1,0,64670,46228,69568,47164,66591,92051,9639,16791,16226,31380,27464,29936,0
39081,26,1,2,0,-1,-1,-1,-1,-1,11956,20087,1770,19592,28985,8611,1107,13438,205,3716,8310,5254,0
18731,74,3,1,0,0,0,-1,3,4,6252,13539,11795,14885,10102,12837,955,2762,0,6014,2411,8182,0
141835,54,2,2,-1,-1,0,-1,-1,0,98620,116909,74086,74464,22586,39342,42479,11280,17995,0,3256,28437,0
29708,74,2,2,-1,-1,-1,0,0,0,14407,8754,16462,17864,4737,15327,1112,0,3510,2362,1514,6671,0
13984,40,2,1,-1,-1,0,-1,0,-1,5803,11375,119,6762,785,13984,0,3091,0,1950,445,6742,0
21333,72,2,2,-1,-1,0,4,-1,-1,16398,14693,14032,4527,8568,10948,562,4943,4595,0,349,1864,0
136194,52,1,1,3,-1,0,-1,-1,0,34570,44482,58589,106485,33501,60260,7988,3367,26347,23312,215,11964,1
63058,24,3,2,-1,5,0,0,-1,0,21840,18293,16689,50876,26012,39711,12853,6536,1156,5543,3075,24654,0
26635,43,2,2,2,-1,0,-1,-1,-1,16711,26635,3239,11504,10796,13102,0,0,1286,0,7913,4220,1
41402,28,1,2,-1,5,0,0,-1,-1,19921,28042,30377,25171,23104,16683,0,0,8350,13121,0,1668,0
117581,71,1,2,-1,-1,0,0,0,-1,35212,58188,51673,46865,25883,65183,11042,8360,2682,0,0,10157,0
140468,37,2,1,-1,-1,4,0,2,-1,55172,41597,72056,63537,27439,91798,22853,0,37246,0,12722,22858,0
32476,33,4,1,0,0,0,3,0,3,11356,14023,16914,6453,9621,7892,3039,2947,4237,914,0,2535,1
53461,50,3,2,0,-1,0,-1,-1,-1,8627,38081,23857,20060,44305,28910,1611,23983,4509,0,9908,3628,0
98592,43,2,1,0,1,2,0,0,-1,37355,18616,19567,15029,47441,11753,25987,2558,2789,126,8705,4502,0
192091,26,4,1,3,0,3,-1,0,-1,133656,51255,56230,27854,51588,76397,70005,19524,5880,17789,0,47970,1
19446,65,2,1,-1,0,0,4,-1,0,7986,6767,6302,5123,10727,7248,839,0,4598,2275,520,5080,0
40194,66,1,2,0,-1,-1,-1,0,0,30731,16072,7164,26868,13171,6923,0,7396,822,2589,0,1415,0
32689,61,2,2,-1,0,-1,0,0,0,8291,9006,8188,14524,11605,13443,3480,109,717,3262,5496,3821,0
133051,54,1,1,-1,0,0,-1,0,-1,46402,47216,65673,45273,81188,59522,23015,9671,0,28308,10634,11789,0
56102,42,1,1,0,-1,0,0,0,0,26702,21775,27436,41218,10389,19709,5671,7431,4329,20487,563,1319,1
62931,50,2,1,0,-1,-1,-1,0,0,39554,6822,37340,20836,37871,45068,6438,0,0,7495,3511,10991,1
75655,49,1,1,-1,-1,-1,0,-1,-1,36134,19387,16012,24005,23951,15718,21414,1639,8703,3415,5392,0,0
34362,29,3,1,6,-1,0,-1,0,3,25370,13235,12350,27194,11977,17632,7768,6575,0,5391,0,5447,1
37393,25,4,2,0,-1,-1,1,6,3,23861,20973,25177,2388,17563,4090,0,9346,9580,0,5454,1885,0
111738,34,2,2,0,-1,-1,-1,-1,0,69383,43876,67814,39843,17384,9088,3959,11476,4420,31845,3144,595,0
22550,45,2,1,-1,-1,-1,0,0,0,1648,9576,9412,7841,13319,12975,172,1739,2180,2259,1385,1675,0
43531,29,2,2,-1,-1,0,0,0,0,6878,9973,23243,3405,13502,17142,0,0,4189,116,0,7261,0
25958,26,1,2,-1,0,0,0,0,-1,13979,3438,9216,12321,20889,15056,296,1277,0,5175,10294,6846,0
82266,67,1,1,-1,0,0,-1,0,-1,27723,24888,17701,44706,4566,64676,1034,12742,8085,0,0,15665,0
58691,41,1,1,-1,0,0,0,6,3,11104,27390,37425,3034,21346,29229,0,2964,3359,921,5165,6858,0
161436,52,1,2,-1,0,0,-1,-1,0,42101,113245,68579,103578,80811,42643,1221,14830,15994,0,12495,11328,0
68364,49,1,1,0,5,-1,0,6,-1,15363,16223,44822,20273,21458,7179,2938,2853,24905,0,9518,0,0
48117,60,1,2,0,-1,0,1,5,1,29123,30107,2584,29979,17062,36742,4646,5569,1482,5041,3305,0,1
56336,60,1,2,4,3,0,0,0,0,28723,28497,15817,4244,27956,6331,1358,4305,855,388,4880,3644,1
136225,36,3,2,-1,5,0,0,0,0,30463,36545,56359,49369,75355,75389,8916,27876,17486,3801,23310,0,0
19543,66,1,1,0,-1,-1,4,2,5,13815,13887,1195,11269,651,1673,1817,6773,168,3804,215,45,1
41541,41,1,1,0,5,2,-1,-1,-1,26504,23267,6969,24067,1061,9836,4253,8823,238,0,163,3092,0
50453,66,2,2,4,-1,0,-1,-1,0,3655,4779,15691,28131,39849,23633,1411,2609,3099,0,3867,2826,1
29462,42,2,2,0,0,0,-1,4,-1,19108,13311,12349,8256,5114,21958,12142,4035,1213,294,390,0,0
72587,26,2,1,0,-1,-1,-1,-1,-1,35375,30534,9087,38813,38842,10381,26626,11101,623,14415,8429,0,0
65596,62,1,2,-1,0,0,-1,6,1,25180,17736,17544,36759,9427,21671,5797,1676,3135,9834,3233,407,0
60161,22,2,1,3,5,0,0,4,-1,5814,44208,14535,25950,19190,22309,1213,24804,3171,4464,3514,1178,1
53866,62,2,2,-1,-1,0,-1,-1,0,10966,25725,28629,42422,12471,29748,896,6641,0,0,6833,8708,0
45141,23,2,2,0,4,-1,-1,-1,-1,25313,28901,33291,22896,21279,28280,0,7449,7669,2741,18905,6645,0
17454,32,2,2,2,6,0,-1,0,4,5019,1049,1128,8936,4646,13455,668,70,96,1745,2471,4408,1
56436,53,2,2,0,4,0,4,2,6,34207,17206,23966,31582,30243,4873,7606,2023,0,14029,6226,0,0
11959,71,2,2,-1,0,-1,-1,-1,-1,0,9854,892,5220,7399,4137,0,2148,274,196,13,1071,0
40090,43,1,2,0,-1,0,-1,-1,-1,19828,8329,8396,27536,19292,12607,15585,2044,6143,7801,6515,5216,0
72501,27,2,1,0,3,-1,-1,0,0,20399,48109,19644,36796,29756,46045,1973,5006,8298,8504,8598,8449,0
177765,33,1,2,0,6,0,0,0,0,71897,50837,114978,35944,105240,77015,9880,14918,0,15830,2248,0,0
449551,69,1,1,-1,0,0,0,-1,-1,166518,64148,234214,214234,322050,201392,19535,6287,94632,39694,126560,20952,0
34800,60,2,1,5,-1,-1,-1,0,4,12551,25756,13284,12378,11543,16652,1137,4010,2601,5071,5949,5839,1
34350,26,1,2,1,0,0,-1,-1,-1,6720,16282,6816,13721,4628,7214,2054,2802,1587,3235,702,1967,1
104224,41,1,1,0,0,-1,0,0,0,49033,47452,26414,77401,60007,44669,0,1623,619,22358,4469,8422,0
218813,35,2,1,-1,-1,-1,0,-1,-1,175671,126774,102881,119707,22870,198315,76463,16288,34789,10318,4533,22690,0
167074,30,2,2,0,-1,-1,-1,0,3,45897,63562,89030,65037,79817,29306,11704,0,23632,28385,16082,8216,1
21416,66,2,1,0,-1,-1,0,0,2,10938,14373,15408,5855,4841,3945,6448,0,1086,1544,547,0,0
30666,54,3,2,5,3,3,3,-1,-1,12564,4665,5688,15909,16815,15730,0,1297,1474,1693,2683,4307,1
67752,30,3,1,4,1,5,4,-1,-1,11920,6961,15265,11146,24209,28854,1139,3103,0,4098,0,5028,1
102310,56,2,2,-1,0,0,-1,0,0,32913,22884,66993,24277,34711,19502,8031,2163,6770,0,5111,6889,0
110190,43,1,2,0,-1,5,4,2,0,32062,70163,27506,4789,32556,40148,0,26068,1230,0,12111,3039,1
34234,24,2,1,-1,-1,-1,0,0,0,14907,12570,15453,9006,9591,4560,2038,7295,0,3873,4504,0,0
78148,45,2,2,0,0,6,-1,3,5,59041,8148,54259,56405,34055,21177,0,0,5012,3281,9025,0,0
103102,31,2,1,-1,-1,-1,-1,6,0,61719,65310,13258,34435,47998,7969,9024,10493,4697,3119,13196,4147,0
32560,34,1,1,-1,2,0,-1,-1,0,10087,20282,29322,18276,14692,10723,1992,6796,6509,2052,8345,3797,0
198920,68,1,1,0,-1,0,-1,-1,0,40615,142834,47154,60187,132467,67853,18153,32820,1994,0,18046,6074,0
151757,59,1,1,-1,-1,0,3,0,-1,74736,70903,62154,109223,28156,92293,8290,6964,3183,7155,18156,25841,0
37907,28,1,1,0,-1,-1,0,-1,-1,25742,878,6409,2511,16400,6714,4426,314,1512,320,2461,0,0
143831,66,1,2,-1,-1,0,-1,-1,-1,54205,22945,33470,5880,31849,61048,912,1978,13142,1456,12824,3096,0
65763,52,3,2,0,2,-1,0,-1,0,11863,18189,26956,58454,9789,9782,2654,5606,1636,20682,2747,539,0
135590,68,1,3,0,0,0,-1,0,0,37184,29522,87506,54464,67716,23939,11538,2462,19326,6545,29563,4750,0
172953,61,2,2,-1,-1,0,-1,-1,-1,127091,51232,78210,56821,83360,85431,0,0,22635,23252,17943,7409,0
34028,39,3,1,0,1,2,6,-1,3,21324,16549,9606,5310,9926,18695,1425,2697,1461,0,1719,7414,0
63909,49,2,1,0,-1,-1,-1,0,0,13465,34116,14852,20946,28741,52485,1033,1608,2408,3221,5321,18728,0
10000,49,2,1,-1,0,0,0,-1,6,1761,5983,7679,7458,7032,1791,654,798,1314,608,952,820,0
119689,59,2,2,0,-1,-1,0,-1,3,35370,23463,81106,80565,14337,38285,16321,3116,0,7015,2484,3628,0
155149,34,1,2,-1,0,-1,-1,0,0,77648,50699,60920,126143,93360,21064,4890,16033,7918,0,15790,901,0
145049,38,2,1,0,-1,0,-1,0,-1,76382,33330,45479,11186,92940,89830,0,6064,2884,334,27106,28333,0
23170,34,2,1,0,6,6,5,3,-1,1264,9988,4150,4159,14335,18722,37,0,2508,2146,2316,334,0
105834,36,2,1,-1,0,-1,-1,-1,0,37317,27806,47240,87773,22538,48979,3603,10133,13044,7794,5409,2963,0
110746,29,2,2,0,3,0,-1,-1,-1,56220,25347,33900,55623,19933,42378,13239,3126,10963,12811,6084,8848,0
20385,22,4,2,0,0,6,-1,3,4,9474,15354,6097,11622,7595,9651,2864,4124,1748,5662,2181,3808,1
114093,71,2,2,-1,-1,0,0,0,0,40714,27767,21771,6219,40706,21793,0,14249,3402,3029,28242,4580,0
70999,25,2,2,-1,-1,-1,-1,1,5,53667,62907,46712,24636,22045,17650,29921,2594,7981,6373,9686,8274,0
12601,68,2,1,-1,-1,-1,-1,0,0,1048,4887,3626,0,7688,2239,523,0,0,0,3227,0,0
78243,21,2,1,0,-1,0,0,-1,0,15521,31376,7344,35767,45265,7444,3888,990,1530,0,13023,0,0
26535,62,2,2,5,0,-1,-1,-1,-1,8121,2637,9323,4132,11834,13512,4107,1134,709,582,0,366,1
12826,38,2,2,-1,0,0,0,0,-1,7442,6126,8368,4097,6998,5708,449,1101,2486,0,2073,149,0
46007,48,3,1,-1,-1,-1,0,-1,0,14858,3659,37577,6359,14021,33742,4061,196,9619,1532,2091,12914,0
65134,36,1,1,-1,2,4,3,-1,0,42043,35201,26022,39869,23660,34471,0,4672,5191,0,121,13705,1
150700,47,2,1,-1,0,0,0,-1,0,91168,81777,97575,91536,15137,88714,34466,33977,19661,0,1372,44038,0
79367,45,1,1,-1,0,2,0,-1,-1,63176,31032,32542,4650,32034,59333,23945,3365,21449,3083,10196,9717,0
91383,49,2,1,-1,0,0,0,5,0,31905,64881,25998,22707,13835,40242,0,18959,0,1732,4414,6522,1
73647,42,2,1,-1,-1,0,0,-1,0,44132,35397,18787,12001,42036,27874,0,5422,0,854,1996,5756,0
110942,49,2,2,0,-1,-1,0,-1,-1,29565,15807,22122,9259,66180,16483,7444,1321,9832,2072,23989,526,0
24121,65,2,2,0,-1,-1,6,0,-1,15986,14860,12875,6723,12531,7081,0,2129,4276,4726,3461,1323,0
57459,44,2,2,0,-1,0,-1,-1,0,14431,23577,27537,21169,2132,7147,2143,6236,11977,5259,0,1803,0
61321,40,1,2,-1,0,-1,-1,-1,-1,22470,17149,8470,26690,46840,12647,236,3799,2134,10976,23744,3354,0
115776,28,1,3,0,0,0,-1,-1,-1,84577,22134,80791,78689,44610,56963,7851,3128,18548,18638,0,9214,1
84214,40,1,2,-1,-1,0,-1,0,0,54894,44079,46332,53872,24200,54752,7044,7486,35758,9500,11986,2990,0
20996,27,3,1,3,5,1,-1,1,1,7124,9353,10176,14551,9661,14751,260,830,652,6406,712,0,1
52371,30,1,1,2,1,-1,0,0,-1,42755,13989,32684,17975,21253,30852,0,998,7290,7611,5883,9685,0
128300,72,3,1,-1,-1,6,6,2,0,48988,54675,92483,44984,29154,79240,23418,0,42537,2470,4079,36247,0
17694,25,1,2,6,4,5,-1,-1,0,6205,5845,2052,16037,10309,3192,937,0,793,0,1798,858,1
86464,47,2,1,0,-1,0,4,-1,-1,66224,11553,54343,21250,51139,25074,0,0,22361,4495,8720,2866,0
132343,66,2,1,0,0,2,-1,-1,-1,82893,28767,40291,49456,23965,81576,22346,0,3728,23912,9988,49478,0
77891,72,2,2,0,-1,4,0,-1,3,58297,39157,18737,29674,46574,10377,1965,6350,10033,1661,9117,2045,0
237235,28,2,2,0,-1,0,-1,-1,-1,129019,50031,42208,50734,117822,156650,53673,0,16313,2583,0,42943,0
103861,29,2,2,0,-1,0,0,-1,0,15660,76744,47649,64448,19279,30841,0,31211,3914,4195,7488,885,0
46659,41,3,2,0,0,6,2,1,2,31809,34864,24322,23150,22694,22097,6636,733,4457,15625,4036,3519,0
33745,50,2,2,-1,-1,2,0,-1,0,10112,14043,17452,17100,11090,14288,1829,4327,4963,1065,162,6733,0
94712,72,1,2,0,-1,0,0,-1,-1,82317,32232,42110,20055,24371,0,12998,7162,0,4474,1076,0,0
118399,32,1,1,0,-1,0,1,6,3,63120,41280,47674,46380,20090,42986,30240,13449,8717,16428,7639,2743,0
49158,29,2,2,6,4,2,3,2,6,14038,6333,13832,193,18348,11224,0,1232,1602,0,3016,7780,0
27058,34,2,2,0,-1,-1,0,0,0,15972,22046,15344,9153,20377,580,9804,1894,597,0,1880,34,0
18706,68,2,1,-1,-1,5,0,-1,0,4397,10752,18037,7231,6124,8737,1279,3643,2491,0,0,854,0
56858,22,2,2,0,-1,-1,0,6,-1,26514,6607,36686,23493,32236,23936,5331,392,16522,1147,6827,3053,0
14999,41,2,2,0,-1,-1,-1,0,0,4921,3825,4816,6966,9558,5768,0,1333,2448,1273,4129,1838,0
33616,27,2,2,5,-1,0,0,-1,-1,12132,19456,22740,8253,17853,0,4793,4244,0,1045,0,0,1
10000,29,2,2,0,0,-1,0,0,-1,7035,5461,3776,1148,7681,6082,577,0,260,488,308,2961,0
95455,70,2,1,-1,-1,0,-1,0,-1,16685,22998,5491,38947,51303,2933,3605,15101,2731,15496,5118,0,0
123406,21,2,1,-1,0,-1,5,-1,0,19492,44576,56013,77048,10310,52328,925,8983,29762,19188,2452,19184,0
36551,38,3,1,1,0,1,0,0,-1,2874,7696,14194,7153,14297,12432,285,2836,1099,2933,0,2646,0
212175,70,2,2,-1,-1,-1,0,-1,0,99511,157691,55691,71788,69897,30248,44986,0,17806,0,6125,3290,0
100834,53,3,2,2,0,-1,0,6,1,45861,40236,31458,37096,62254,32537,4688,0,14750,0,5368,9645,0
100740,24,1,3,0,-1,-1,0,0,0,49026,30278,61686,38880,71489,58460,9389,2330,32611,0,55210,30781,0
44776,46,2,2,6,0,0,-1,0,-1,15017,24920,4273,26801,20685,39597,912,6222,1077,4670,4822,9674,1
37066,73,2,2,0,0,0,0,2,-1,16487,9856,7649,5403,4357,10162,5116,705,3054,1216,420,3099,0
76879,42,2,1,-1,0,5,-1,-1,0,24062,30043,32439,40186,33698,48932,6085,7770,12893,16932,18102,10612,0
61297,49,1,1,-1,0,6,5,0,0,21326,45812,16451,23236,8227,27219,2113,27592,2998,8878,2323,6805,0
76007,49,2,2,-1,0,0,-1,-1,-1,22397,13226,10627,21650,10073,29139,6348,1792,6452,87,0,3851,0
80657,56,2,2,-1,-1,0,-1,-1,0,14490,48739,21162,36556,40290,61269,1355,5869,7426,19102,8166,24362,0
28557,31,3,1,0,0,3,0,-1,4,18715,10065,5370,11146,24088,9565,1170,0,541,938,1942,0,1
117786,66,2,2,0,0,-1,0,-1,-1,12187,99823,27963,44352,32037,47521,1313,30087,2382,18215,13795,20374,0
57161,74,1,2,-1,-1,0,0,0,3,25285,20127,30165,5951,21010,45909,0,1798,0,3594,7431,18153,0
49864,28,2,1,2,6,4,4,-1,0,3887,12428,30654,24235,16613,20431,0,0,7289,5016,8238,7002,1
22426,65,2,2,-1,0,4,-1,0,0,3380,18680,17216,12900,4920,8307,0,0,6122,4641,1182,1391,0
55269,65,1,2,0,6,0,4,-1,-1,20382,4446,13853,34561,22301,33477,0,728,1790,13382,9760,0,0
275559,61,2,2,-1,-1,-1,-1,0,-1,93225,124570,131731,10668,73064,62517,20415,0,27853,3495,1501,9569,0
23853,41,2,1,-1,0,0,-1,-1,4,3447,16891,15646,16898,414,12501,277,7297,2943,8343,67,0,1
97405,46,1,1,0,0,-1,0,-1,0,10235,24508,22306,28505,18570,31854,554,6391,8518,2473,0,9325,0
34077,66,2,1,0,0,0,0,5,0,11579,6995,26030,7975,10523,23868,633,424,0,2163,3224,0,0
10000,29,2,2,-1,0,-1,0,-1,-1,0,3626,7742,1342,5051,6724,0,0,2144,367,624,1006,0
76663,65,2,2,0,3,-1,0,0,-1,29643,33615,22292,29864,18945,53632,0,0,2309,13202,2234,1756,0
31416,70,2,2,0,0,0,5,4,-1,7516,8579,3477,18600,23001,4574,1349,1793,920,2848,10406,0,0
88583,57,1,2,-1,2,0,0,0,0,15775,56488,66384,46209,57396,16044,2763,0,7676,12074,4408,0,1
75742,39,3,1,1,-1,0,0,4,3,28873,37280,17126,12561,56400,37169,4278,2797,14370,1715,8856,3035,1
59140,51,2,3,-1,0,-1,0,5,0,8050,15518,8939,36580,21970,38883,2036,2291,4488,12481,0,0,0
89242,23,1,1,-1,0,-1,-1,5,-1,29934,29198,9851,13374,26563,44822,6368,19010,632,1852,1037,28434,0
17136,71,3,1,2,-1,-1,-1,1,-1,2586,6812,6647,13850,188,2643,0,2998,638,4626,16,108,0
120804,39,1,2,0,0,-1,-1,-1,0,30361,48037,51750,38854,15026,30631,6837,2563,14803,9044,4141,2626,0
42118,24,2,2,-1,0,-1,0,3,-1,3380,18125,18312,16212,12245,3552,948,0,4308,0,1248,787,1
10000,63,2,2,0,0,0,6,0,0,8018,1890,6599,1447,6430,3732,451,0,1829,1173,2193,1684,1
66510,56,3,2,-1,3,6,5,5,-1,28577,3348,14141,17021,20404,51327,2742,0,570,2654,6403,20265,0
84940,54,3,1,0,0,0,0,-1,0,16560,49528,31680,58749,32478,31155,4929,22984,23359,30291,0,0,0
224441,23,1,1,0,0,0,-1,0,0,108225,23907,117323,140193,108387,36669,33432,6338,21925,35744,25980,9035,0
278356,61,2,1,-1,0,-1,0,0,-1,152655,48613,122138,89522,112639,242488,54339,4026,46291,20304,53347,14045,0
127427,55,1,2,0,0,0,-1,-1,6,49582,28693,55081,59598,26821,78743,5355,6322,17317,13001,1683,55294,0
73952,63,2,2,0,0,-1,0,0,-1,37820,31384,26399,53569,19987,11641,2700,11197,0,16894,14674,2220,0
117387,65,2,1,0,0,0,-1,-1,3,41082,44959,13812,49858,23424,71629,5019,3397,0,0,0,34365,1
33754,32,1,2,0,0,-1,-1,-1,0,15394,2957,18625,12882,4658,16811,2528,881,8948,5163,0,7473,0
18013,32,1,2,0,0,6,5,3,5,5577,5903,5482,2875,6951,14733,0,1392,281,0,1014,6508,0
46857,70,1,2,0,0,0,-1,0,0,26687,10798,10272,17949,35962,16889,2329,15,2721,500,28944,2311,0
190663,49,1,1,0,-1,0,1,4,5,55304,42738,15779,53125,80467,35652,19782,21820,1713,8883,6883,0,1
40440,44,1,1,0,0,-1,0,0,-1,26497,25846,16482,19210,2250,23609,0,4319,659,1558,881,4966,0
49802,36,3,2,5,6,6,5,0,1,22179,19385,27741,22873,10460,2246,0,0,2659,14292,2557,181,1
77546,55,2,2,4,-1,-1,-1,6,1,17772,25042,42472,48144,30791,40356,4421,2437,7014,11930,9184,7720,1
59600,61,2,1,4,2,0,-1,-1,-1,14984,26008,29155,23800,35477,10856,8977,12515,2333,2587,2859,9357,1
12347,21,3,1,-1,0,0,0,0,-1,110,7866,4051,713,843,8727,74,1360,416,380,347,1468,0
64483,50,2,2,0,0,0,0,0,-1,38944,7023,26092,5849,4765,14662,7585,1527,2831,2615,280,2290,0
34987,74,2,2,-1,0,-1,-1,-1,0,5032,7517,2309,921,30169,14546,945,1910,521,237,5002,1874,0
134002,36,3,1,4,-1,-1,0,6,5,37079,22003,44802,54230,92960,58804,5017,8577,721,11998,32074,11822,1
121722,36,2,2,-1,-1,-1,0,0,0,57602,62930,19291,34355,16493,15440,7094,27012,14113,1910,9986,1473,0
35988,68,2,2,4,-1,-1,-1,0,-1,23639,10012,15765,12774,6626,21872,6160,2294,9367,3831,314,2558,1
140915,24,3,1,5,0,0,5,6,4,18363,96394,28717,66700,51155,11382,2462,12972,2442,3269,31469,4188,1
64535,42,2,1,-1,-1,0,0,0,-1,35300,17174,16581,54276,6193,42669,5500,4354,2690,0,942,18343,0
12870,45,2,2,0,0,-1,-1,-1,3,3221,1091,2938,2385,0,0,741,564,1132,327,0,0,0
32230,64,3,2,0,-1,0,5,4,-1,6686,183,19692,18346,9768,2303,164,57,7308,1149,602,0,0
181356,27,2,1,0,0,0,3,-1,-1,105566,32839,54327,103027,22474,72829,0,21357,10054,4511,7783,28298,0
25441,44,2,2,0,0,0,-1,-1,0,10803,2193,11652,3070,16625,13403,2199,1009,0,0,932,0,0
64982,29,1,2,0,-1,-1,0,-1,-1,11781,37887,14005,26840,46887,38798,1229,14077,1079,8074,16522,4948,0
23123,63,1,2,-1,4,-1,0,0,0,9455,13679,2842,16294,11629,18695,0,3832,148,0,0,2988,0
18752,55,2,1,-1,2,-1,5,0,3,2501,0,8818,8013,14249,8782,0,0,0,2972,6169,320,1
35209,47,1,1,-1,0,0,0,0,0,12271,5246,15750,13297,7892,13774,0,0,1239,420,3062,7858,0
12853,42,3,1,-1,0,4,5,4,0,3337,8489,2368,7539,4192,8211,131,2730,0,1192,1227,3375,1
41850,29,1,2,0,-1,4,0,-1,-1,7837,4146,12702,0,17768,36103,2067,1358,7814,0,4470,5663,0
196934,70,2,2,3,1,-1,0,-1,0,153361,44694,86730,103940,135596,115683,0,2552,30131,12542,9492,29072,1
66676,55,1,2,1,-1,0,0,-1,-1,10948,48486,30794,41796,16089,12855,1052,0,14542,6957,9731,815,1
64327,38,3,1,-1,1,-1,3,4,-1,20144,48850,23829,10020,11159,16136,7657,3685,1065,0,7505,4223,0
117389,43,2,2,0,-1,0,0,0,-1,19090,73372,20429,41387,79364,59589,616,8531,10043,4597,11194,34498,0
28274,60,1,2,0,4,0,-1,5,4,16879,7025,16491,23948,8723,2534,6787,1793,5412,8618,3813,67,0
35286,59,1,2,0,0,-1,-1,0,-1,6063,7020,9179,18312,13970,22685,2218,3479,2394,7187,1781,13384,0
90459,45,2,1,-1,0,0,0,0,0,3380,33131,23828,30852,29965,43849,755,17384,6168,3201,4773,0,0
20658,37,4,2,2,0,-1,-1,0,0,8366,5933,7040,5698,12459,15707,1023,315,0,1220,2355,2977,1
60053,56,3,1,-1,2,4,3,-1,0,36785,21531,21836,26158,14499,32704,4359,3720,0,4948,5529,13748,1
262585,56,1,1,-1,-1,0,-1,0,0,70690,169071,155603,79895,123952,203496,19586,67569,6727,0,36142,52476,0
15301,53,2,2,0,-1,-1,-1,-1,-1,3340,8618,11586,14409,5213,4313,205,723,8016,2060,353,0,0
51581,24,1,1,0,0,0,0,0,0,24047,5056,45593,17649,4185,19023,2509,1605,1202,15742,754,0,0
41830,46,2,1,-1,0,0,0,-1,0,17899,15444,10782,8405,7587,18591,9302,0,0,2345,1096,0,0
32173,54,2,2,-1,0,0,0,-1,-1,16072,12252,9472,17499,5904,16836,6575,0,0,8108,197,1894,0
42196,72,1,1,-1,0,0,-1,-1,-1,22509,30998,30535,26750,8423,3069,3204,12544,11066,5044,1840,164,0
33067,49,2,2,0,2,0,-1,5,-1,22468,5786,10990,12695,5477,11138,5820,0,3189,1405,0,3183,0
33898,39,3,2,0,2,0,6,4,-1,13864,21686,18318,1200,3446,17510,2528,4379,4329,7,0,11164,0
78306,51,1,2,-1,-1,-1,0,0,0,16606,25511,19930,33715,10651,13177,767,2694,9309,4855,3972,6302,0
147148,30,1,1,-1,0,-1,-1,0,-1,95761,53508,113058,52927,15044,90245,37758,2792,13046,11343,0,42895,0
67263,25,1,2,-1,0,2,6,-1,-1,54091,25116,45406,31586,35559,60420,6239,0,26542,8828,0,27342,0
167881,57,1,2,0,0,-1,0,0,0,26776,107844,69270,94339,47618,22670,9017,130,9931,48149,19290,11384,0
42746,74,1,1,-1,0,-1,3,6,0,25663,29359,24747,16281,3199,13777,1171,3117,8130,3483,383,1370,0
18749,66,2,2,-1,0,0,0,1,-1,8024,10099,7991,14872,6217,6510,5755,1786,2694,6656,0,436,0
53780,52,1,2,0,0,-1,-1,-1,0,26488,33990,20648,38202,25171,31361,6787,19239,7487,15046,9373,6438,0
70968,23,2,1,1,-1,-1,0,-1,-1,21742,24306,30555,25907,54445,17437,6704,3042,10711,6572,6408,0,0
68302,74,3,1,-1,5,5,3,6,5,66608,20428,24108,22953,30751,26217,0,3435,5142,7162,4165,9925,0
110360,45,3,2,-1,0,0,3,2,3,61794,66139,0,75142,77763,64011,10607,5427,0,16487,2039,27314,0
61831,36,2,2,-1,0,-1,-1,-1,0,38235,41852,9394,33063,18292,41141,6261,11069,4521,0,3828,7715,0
125353,69,1,2,0,0,1,0,0,0,24283,30570,35006,34848,64542,11023,5319,0,21809,236,5396,4945,0
205149,61,1,1,-1,0,-1,-1,-1,4,67885,15596,109700,127876,51796,49599,974,0,28495,29026,7915,18635,0
36793,61,1,1,0,-1,-1,-1,0,0,13560,17107,24988,11844,9869,16186,8894,3196,7732,0,0,4897,0
29004,35,3,2,0,5,0,0,-1,-1,5370,6684,15426,1473,16560,13772,964,517,4467,0,6296,0,1
314914,74,3,3,-1,0,-1,1,4,0,164178,259095,266914,112346,103944,53857,21376,16635,0,29556,16503,0,1
97256,45,2,1,-1,-1,0,0,-1,-1,72335,26068,61996,22382,6327,51591,24492,10195,25546,8333,0,20301,0
103262,49,1,2,0,-1,0,0,-1,0,34595,31062,15660,26899,22054,11511,3460,6273,8242,7668,968,3164,0
100202,61,2,1,0,-1,-1,-1,0,-1,56088,44350,36386,32445,34774,35615,21878,27129,16820,13760,659,5769,0
23574,56,1,1,0,3,-1,0,-1,0,12628,8560,9906,9269,9685,2303,2004,405,2427,6542,3161,0,0
20452,30,3,2,0,2,1,1,-1,0,4986,3217,6005,1637,5552,7186,495,1039,648,530,0,1423,1
30535,37,1,1,0,6,0,0,0,0,11201,16074,19791,4833,3997,15325,4651,4039,5662,0,2589,2358,1
68520,40,2,2,0,0,-1,-1,3,0,34348,17164,43577,25424,54010,20681,4162,6514,4993,637,8157,0,0
36491,72,2,1,0,-1,0,0,0,-1,10435,13508,7015,10735,18574,1132,1182,6323,2214,499,8582,236,0
74071,59,1,2,0,0,-1,0,-1,0,19044,9126,52967,34650,42454,36775,1987,2208,6411,0,7901,6476,0
38222,40,2,1,0,0,0,-1,5,-1,29834,8335,17485,19797,8835,4628,4842,1726,5478,0,1237,670,1
10000,60,3,2,4,3,2,0,0,-1,6489,7590,684,5056,3237,2249,2835,930,119,355,956,441,1
139309,60,1,2,-1,0,0,0,0,6,128709,75321,105500,33754,120663,35777,8248,44311,0,6128,47990,4705,1
11971,42,2,1,0,0,0,0,-1,0,6290,2858,9396,7272,7976,1087,537,442,5359,1909,4086,296,0
27388,42,2,1,-1,-1,-1,0,0,2,17351,11376,5453,12824,4181,18682,1936,1251,0,1776,2456,0,0
23958,69,1,3,0,-1,-1,0,-1,-1,15061,8240,2467,6415,7596,9729,0,1260,215,1548,2133,426,0
33951,51,1,1,-1,-1,-1,-1,0,5,23525,8239,16397,11451,7797,20461,2012,1546,5548,4290,961,1157,0
80656,29,1,2,-1,0,0,0,0,-1,32416,37968,27483,6170,43151,27104,8425,9695,13748,1743,16228,7894,0
184331,59,1,2,-1,-1,-1,0,0,6,70514,73040,33738,32105,81816,80489,10084,22333,2846,9772,0,18070,0
14061,52,2,2,0,-1,0,0,0,0,4934,6880,8214,5621,2691,12049,428,2049,668,827,1457,443,0
31389,48,2,1,0,-1,-1,4,-1,4,13718,17674,13883,12381,11173,10070,0,8582,11157,5827,1849,2530,0
12097,60,2,1,-1,-1,-1,0,0,-1,9008,4747,9044,4711,1048,3597,2066,0,99,1824,290,1208,0
21141,69,3,1,-1,0,-1,-1,0,6,17351,0,10594,3168,15694,6844,5782,0,4298,1697,0,689,1
51922,38,2,1,0,0,-1,-1,0,-1,22486,21252,13219,13406,45147,20621,4955,8875,2967,467,0,11515,0
90550,43,2,1,-1,-1,-1,0,4,0,47335,50767,38383,10032,36182,59646,21224,20998,0,4864,12487,31815,1
10000,31,2,3,0,0,-1,-1,-1,-1,5263,6158,520,2965,4671,1400,248,1842,101,886,518,179,0
106607,55,1,1,-1,0,0,-1,0,3,85164,22019,46729,89540,19578,44276,10813,9480,3958,8266,3978,11045,0
31519,42,1,1,0,-1,0,0,-1,-1,8476,16597,28039,17685,21446,3330,5115,4824,13244,912,9923,575,0
18528,39,2,1,-1,0,-1,-1,-1,0,17986,5592,15155,0,10440,3063,3556,389,199,0,2341,989,0
51740,58,2,1,0,0,-1,-1,0,0,5575,35209,24633,19292,8632,11515,992,7693,2481,55,2389,0,0
80960,43,2,2,0,0,-1,1,-1,0,44617,34565,54991,39408,24551,17562,6766,0,3707,9430,7464,4796,0
63329,46,1,1,0,0,5,0,1,-1,49515,3818,35592,29836,9817,0,21033,0,13229,16543,3743,0,0
14311,44,4,2,-1,0,0,-1,-1,-1,3586,4870,1838,3637,4180,9921,1132,879,584,1707,1271,1261,0
63302,34,1,2,0,0,0,0,0,1,34010,17257,15747,10404,42017,32897,19252,1151,0,307,13000,0,0
19209,27,3,1,6,1,0,4,0,-1,8111,11521,12111,2834,7741,12184,1173,2487,0,0,763,3581,1
79477,65,2,2,0,0,-1,-1,4,3,37312,3108,34704,42269,33024,39485,0,1804,17697,6867,20514,8972,0
81114,25,3,1,5,1,0,3,5,0,4929,25910,58772,18653,49695,19727,488,12475,29068,2208,3035,358,1
110102,38,2,1,-1,-1,0,0,-1,0,23410,63561,46341,76249,30040,50126,0,0,3781,0,5943,14129,0
67553,57,1,2,0,0,0,-1,4,-1,55390,14098,31544,9130,24840,22305,0,492,15256,2753,7006,0,0
120346,28,2,2,2,3,-1,-1,-1,-1,20935,30825,37642,35547,33848,45107,0,5707,4500,8273,14869,0,1
21659,56,2,1,0,0,0,0,0,0,7312,9002,17880,8861,6503,10178,0,5985,0,4027,6400,3609,0
204085,60,2,2,0,-1,0,0,-1,-1,58358,121037,128717,120180,129260,48437,11464,35551,52797,0,1679,1362,0
30188,56,1,1,0,-1,0,-1,-1,-1,6935,9955,19322,6611,6116,15062,0,2355,9609,265,0,420,0
13526,37,1,2,0,-1,-1,5,-1,0,7719,10487,3610,2147,6277,8959,3434,5706,150,954,2977,0,1
204601,22,1,2,-1,0,5,0,0,-1,64127,20264,62141,35892,112096,101166,0,6185,12752,8523,6667,0,0
27775,68,2,1,5,0,-1,0,-1,0,8800,7502,11705,13291,6676,12426,3461,92,4253,0,125,5612,0
53819,38,2,2,0,0,-1,0,-1,-1,7134,39773,19028,7937,26415,15162,2478,15590,2400,1840,5744,3666,0
15043,64,3,2,3,3,0,0,1,6,4650,5481,6682,8022,8744,8246,0,1520,0,4420,2761,3047,1
324773,31,2,1,0,0,2,0,-1,0,52642,116317,224679,209803,239176,52160,6999,11363,59015,8515,20031,20921,0
210544,29,2,2,-1,0,-1,-1,0,0,3942,99599,177779,68404,44850,100506,476,10854,24949,2229,1611,0,0
236502,63,1,2,-1,-1,0,-1,-1,0,158844,79355,97791,155014,156529,116095,49414,37753,34286,107230,10506,16189,0
52611,71,2,1,-1,-1,6,6,6,-1,25991,21373,20600,12611,28814,23506,168,2031,4264,0,6611,4812,0
150396,67,1,2,0,0,-1,0,0,0,67145,38094,14273,99765,34420,50625,2362,0,1366,71629,3671,37981,0
65777,61,1,2,0,-1,0,0,-1,-1,12055,50454,17330,31189,22899,42980,6706,12361,2676,4937,1860,14670,0
168422,34,1,2,0,0,-1,-1,0,6,28906,32361,60267,36559,96403,141027,0,11403,39513,10754,10777,28978,0
49413,70,1,1,0,0,0,0,0,-1,0,15810,30025,17833,13753,25769,0,0,5787,6129,0,6301,0
243832,57,1,2,0,0,0,0,-1,-1,97485,111692,119633,135493,69228,137043,21975,39597,38299,14141,0,38082,0
33904,30,2,2,-1,0,-1,0,0,5,6384,6202,22367,15507,9772,10507,3518,1846,5420,461,0,0,0
51981,27,1,3,-1,-1,0,-1,0,-1,33918,14100,5764,25084,41037,10389,762,3303,1798,9745,0,1485,0
47251,68,1,1,0,-1,3,-1,0,0,3014,5091,15006,23900,10821,23577,0,1135,6332,0,3252,1427,0
80052,35,1,2,0,-1,-1,-1,-1,-1,21517,48616,32656,15134,27771,51362,3022,12302,2115,0,1034,13736,0
35934,62,2,2,-1,-1,-1,0,0,0,27960,17041,14089,10575,6371,13797,6559,5159,1381,2940,0,2310,0
72388,28,2,1,0,0,0,0,0,-1,21961,23850,28971,53348,44286,0,8386,6557,1541,7742,13815,0,0
46708,36,1,1,-1,0,-1,-1,0,-1,7808,25173,14347,20715,25916,20474,3687,12636,3121,4627,11644,8552,0
129198,36,1,2,0,0,0,4,6,4,26843,104600,21342,41150,25573,66408,5387,2730,8130,5303,5723,5679,0
115614,36,3,2,3,3,6,3,6,2,25174,59258,25608,29424,9918,17742,9889,0,11711,11501,482,2133,1
52158,57,2,2,-1,-1,-1,-1,-1,-1,30869,38099,24593,16997,14498,28041,7905,4909,1697,0,2061,5803,0
289138,70,2,1,0,-1,-1,-1,0,0,83389,235523,28485,119285,157787,35567,5075,25673,4409,0,17640,8073,0
120815,70,2,2,0,-1,-1,-1,-1,0,61291,21533,66472,47999,26345,68356,46082,7565,14186,3212,2441,15276,0
271193,61,2,1,-1,0,-1,0,0,-1,82251,239785,156137,162777,162158,72545,46040,71662,35087,0,61785,16128,0
32675,31,3,2,1,0,-1,-1,4,0,1927,5712,10191,22878,6559,19400,761,1985,5197,3834,2397,0,1
12975,72,2,1,0,4,3,3,-1,-1,3313,5027,3629,6618,4830,12975,1164,1723,1113,432,533,2387,1
27863,50,2,1,-1,2,0,0,3,4,7254,8060,6805,7333,779,15342,0,2664,408,203,40,2567,0
42326,50,1,2,-1,-1,0,0,0,0,34291,33970,6380,17457,8682,21215,1831,0,3311,5483,4984,2155,0
22869,58,2,2,-1,2,2,0,0,3,14397,6781,6808,19574,14971,8901,0,2797,1493,8957,1408,7700,1
10000,62,2,1,-1,2,-1,0,0,2,1799,131,10000,5530,8845,50,458,0,0,553,1966,26,1
155778,72,1,1,0,-1,0,-1,0,-1,30265,93185,48818,46397,62221,78918,1462,0,476,11210,12419,16847,0
10000,52,3,2,2,0,3,5,3,-1,2577,1567,7763,2128,7021,5424,350,11,1516,155,4115,542,1
72144,53,3,3,3,-1,0,-1,-1,0,43192,30233,20083,31404,44702,50265,1958,5828,4395,3790,3651,17648,1
394317,61,1,1,-1,0,-1,0,0,0,38704,29467,94768,176251,147332,169675,344,3645,0,41212,15421,139548,0
18410,34,4,2,0,1,4,-1,1,1,2824,2622,10384,11658,189,5884,2056,927,5687,2147,73,1511,1
93575,37,1,1,-1,-1,-1,-1,0,0,77526,64615,57057,36729,36327,39691,14941,10187,12612,0,18496,3821,0
35635,54,2,2,-1,-1,-1,0,0,0,7123,19976,11729,20770,11979,19875,1522,1702,3242,3498,5067,0,0
66501,24,3,1,0,3,0,0,-1,6,51231,38422,40156,27409,17691,56330,12951,20217,14524,7920,1539,15800,0
26395,38,1,1,-1,-1,-1,0,-1,0,7290,12051,18365,4196,4835,14404,1598,990,3645,1076,862,2927,0
44115,59,2,2,-1,0,0,-1,-1,0,6730,36463,28657,11492,11041,19693,961,17968,8510,0,1858,2054,0
120203,73,2,1,0,-1,0,-1,-1,0,83311,13307,97146,22831,20397,94173,47628,889,54185,11477,3288,28722,0
65997,49,1,2,-1,0,-1,-1,-1,0,33341,19537,48198,35649,26552,14654,3211,3265,12133,20901,9135,2881,0
13321,42,2,1,4,3,0,0,0,0,1266,4625,3414,6045,7781,0,170,845,737,1468,991,0,1
185311,44,1,1,0,0,-1,-1,-1,-1,32788,8761,110789,35266,73158,154300,0,2807,32822,6325,0,14179,0
17382,58,2,2,-1,0,-1,-1,0,-1,11401,4577,7886,7196,14487,8251,852,741,1628,0,3956,1597,0
73090,50,1,2,0,0,0,-1,-1,0,30277,38013,44404,37035,38037,3706,15523,6486,7411,2236,362,282,0
109380,22,1,1,-1,0,0,0,-1,0,44680,9591,5692,54720,46037,90952,17036,0,959,10403,5507,26562,0
53953,50,2,2,0,0,0,0,-1,0,0,10813,10396,33320,34201,18927,0,4976,4073,15823,1832,2526,0
522521,42,1,1,-1,0,-1,-1,0,0,310256,94942,36946,124419,298862,217609,149111,35917,15026,0,143642,0,0
88172,58,2,2,0,0,-1,0,0,0,41857,15621,14321,40566,14750,45688,11799,8076,905,4801,6208,522,0
41694,68,2,1,0,0,0,0,-1,-1,20777,6983,8976,11193,15190,33637,4993,698,0,5808,3165,4000,0
79390,72,2,2,-1,0,-1,0,-1,-1,35520,5356,47513,55627,45992,0,8652,2242,0,27777,19475,0,0
81180,53,1,1,-1,0,-1,-1,-1,0,56100,22106,37592,25155,31282,44779,17928,5387,4864,15323,1403,24636,0
35554,40,3,2,4,-1,4,4,1,-1,15803,9134,3033,16934,9953,4128,6614,5826,1258,0,2313,861,1
59577,44,2,2,3,4,-1,0,0,2,26105,29317,13715,9414,18024,30626,2974,6526,2810,0,10178,3063,1
48494,30,1,2,-1,-1,2,6,2,0,22799,14142,0,19110,33039,28210,7764,7427,0,5129,7840,11045,0
58123,71,2,1,0,0,0,0,-1,0,42522,38865,25251,7556,41123,26327,503,19153,12066,1476,0,2962,0
32715,66,2,1,-1,0,0,0,-1,-1,5426,5637,17435,16774,7870,18732,0,202,9206,7785,4627,4418,0
10754,67,2,1,0,-1,-1,3,6,2,9445,5099,5064,3950,3466,3549,361,1440,671,0,96,444,1
122046,38,2,2,0,0,0,0,0,0,48347,16875,34464,47352,45592,73523,15494,3663,15414,9988,3570,14263,0
31183,38,2,1,0,0,0,6,0,0,7248,21992,14623,5651,16604,59,2103,143,4891,1129,3607,12,0
38423,67,4,2,0,0,0,0,-1,-1,16580,14552,10804,9697,15417,12747,5703,3413,2955,4722,0,3601,0
26679,50,2,1,-1,-1,-1,-1,0,-1,5034,12269,552,13390,11202,8865,835,6151,90,9420,1002,1200,0
27331,59,2,3,-1,-1,0,0,0,0,10673,9431,989,10206,14980,15079,0,4501,278,0,5005,3580,0
21350,47,2,2,-1,0,-1,-1,-1,0,2229,10469,8873,7759,9549,4744,0,2437,1375,3617,2885,345,0
73274,44,3,2,3,4,3,1,-1,-1,32200,25533,24109,37217,54282,21637,3758,8302,6920,7833,16188,5020,1
88885,55,3,2,2,0,-1,0,4,0,44605,23133,54269,8918,24491,51857,32353,5685,7256,1566,4203,8807,0
70067,64,1,2,-1,-1,-1,0,0,3,9627,26673,42103,27904,42176,37369,7477,14264,11360,11617,0,25158,0
44673,39,1,2,-1,-1,0,0,-1,0,20448,15451,40115,8576,27546,16851,3559,4505,15203,481,1332,3530,0
12651,64,2,2,-1,-1,0,-1,-1,-1,842,4357,7374,8548,2521,6884,252,158,893,2625,59,3655,0
92627,34,2,2,0,-1,0,4,-1,0,41821,13918,29232,19242,19795,72319,17874,0,16929,15725,2243,27005,0
28531,42,2,1,0,3,4,-1,0,0,5217,5240,10204,7224,3313,5035,309,562,1047,1950,0,631,0
20054,70,2,1,-1,-1,-1,-1,3,0,17770,8401,14690,12394,4582,5147,0,0,0,1723,787,935,0
35127,72,3,2,4,-1,0,0,0,3,2421,23132,12375,8273,19803,2165,452,5431,3531,1752,0,1310,0
37522,70,2,2,-1,0,-1,-1,-1,-1,13211,19560,36427,18089,24172,22914,3802,11569,18199,9915,5803,4027,0
14553,38,2,1,0,-1,2,6,-1,0,1390,13381,9984,4898,697,5445,246,8670,2675,1800,296,2174,0
22740,66,1,1,0,0,0,0,-1,0,13278,10304,16305,6982,8436,7309,1313,1585,1455,617,1219,2740,0
64166,71,2,2,-1,5,5,1,0,-1,44010,46315,14296,24447,6356,31482,1865,4982,0,4438,862,0,1
40616,73,1,1,-1,0,-1,0,-1,-1,25463,7690,12014,18899,18250,6168,10514,2905,3429,1228,2161,1245,0
73733,22,2,2,0,-1,-1,-1,-1,-1,44056,22149,23173,38420,41684,19989,0,580,10438,7437,0,3960,0
55117,61,2,2,0,0,-1,0,-1,-1,31479,7830,47133,24035,14347,27659,4439,5728,10470,6272,4355,15170,0
113327,74,2,1,0,-1,0,-1,-1,6,7112,17704,55626,75406,91166,28829,2098,4111,5122,0,32306,5140,0
25192,62,2,1,-1,-1,0,5,5,-1,4564,6597,19587,6538,2959,2284,368,5317,5052,1733,623,0,0
59052,33,2,1,0,-1,0,-1,0,-1,27559,25402,31395,15616,7569,36183,10715,3804,7568,1377,659,8454,0
114358,62,1,1,0,0,0,-1,-1,0,90366,41145,37600,41097,53517,20249,27785,2460,8117,19730,0,4633,0
41585,26,1,2,-1,0,0,-1,-1,1,12946,15549,7961,31701,15545,20045,352,3388,2659,8170,2101,3368,0
84549,46,3,2,4,0,0,0,0,-1,60041,25291,14035,24339,13029,4996,24409,4901,0,17563,0,198,1
10000,54,3,2,-1,-1,0,-1,-1,-1,10000,1212,6451,6564,9047,6077,999,729,428,318,786,170,0
35246,45,1,1,0,-1,-1,-1,0,-1,14674,17811,4680,2940,26255,12644,940,2952,136,300,0,5930,1
17562,58,1,2,-1,-1,0,0,0,2,8276,8146,6571,1624,4817,4912,0,4236,0,87,1298,2051,0
27208,33,2,1,-1,-1,0,-1,0,-1,13944,8172,5170,9539,10805,2097,1082,305,0,1931,2016,47,0
43318,53,2,2,0,-1,0,0,-1,-1,11680,9940,10617,16983,5468,29019,0,902,844,2891,2483,4567,0
95339,55,2,1,0,-1,-1,0,0,1,39485,12885,38723,36621,44203,15623,16672,0,27271,1669,8445,3515,0
60611,55,1,2,-1,-1,-1,-1,-1,-1,32728,36012,7148,21549,37890,44704,0,4629,0,3330,0,10748,0
30445,36,2,2,-1,0,6,0,0,0,19979,7927,23870,15109,6800,9593,8847,1465,0,1872,335,1737,0
19872,37,1,1,-1,0,0,-1,-1,-1,15805,7349,3340,4382,8765,8753,7725,2735,0,987,1645,1572,0
25981,34,1,2,-1,0,-1,-1,0,0,14394,10151,9030,13354,5905,18078,4542,5182,2795,4273,4296,2047,0
87959,45,1,1,-1,0,0,-1,-1,-1,10751,44730,27007,26018,10959,15023,2519,13667,4547,0,6517,4991,0
99226,52,2,1,0,4,0,2,-1,0,35330,24568,25520,52835,45968,50814,2094,5171,2048,4572,16035,0,0
35053,40,2,2,0,0,-1,0,0,-1,7346,0,14306,12417,21569,13080,707,0,4376,5722,6097,9876,0
180824,43,1,2,0,0,-1,0,-1,-1,131386,76479,35476,5248,29439,79439,5423,17177,7296,1779,7446,3058,0
22926,36,2,1,-1,0,-1,0,0,0,7639,16541,11266,0,7904,17453,1206,3602,3459,0,3052,1844,0
35866,32,2,1,-1,0,0,-1,0,-1,15601,15449,28918,18886,14450,10475,0,0,0,2089,5745,1514,0
38372,56,2,1,0,0,-1,6,0,-1,11042,4011,19229,25845,19602,16280,347,2213,612,7331,8577,0,0
116640,65,3,2,-1,0,3,2,-1,0,37098,55756,54399,18057,43046,37219,5525,30282,39581,7927,0,21585,0
76374,36,1,2,0,-1,-1,-1,-1,0,30960,37352,53526,47559,13099,11223,10593,10718,9184,0,4209,926,0
10000,67,3,1,0,4,4,-1,0,2,2056,0,4137,3081,4113,7452,340,0,2030,1197,1161,0,0
104958,51,2,1,0,0,-1,0,0,0,20606,53103,10332,57345,41695,33045,0,26478,3023,11831,13335,24045,0
214645,30,2,2,0,-1,-1,-1,-1,0,94841,131047,27135,53081,110392,77137,28738,17179,532,9053,31233,17769,0
40143,40,2,2,-1,-1,0,0,-1,0,27859,10595,16553,9020,9207,0,4210,3928,4165,0,1657,0,0
33483,21,1,1,-1,-1,0,0,-1,-1,18538,18008,15395,7209,20039,20889,2536,6669,4781,1827,288,4147,0
137019,23,1,2,0,-1,0,-1,-1,0,31584,85081,68873,69349,91198,70735,10577,48778,0,2969,31971,24374,0
165171,39,4,1,0,0,-1,6,2,2,57179,48286,50985,49716,29892,99409,20220,2259,9010,29359,0,41465,0
96662,45,2,1,0,0,0,-1,-1,0,47252,32658,44315,58202,45094,32828,11586,0,19960,10753,0,10610,0
13381,64,2,2,-1,-1,0,0,0,0,3380,6817,4307,4551,6248,2570,766,1503,2635,620,1279,1379,0
89656,28,2,2,0,-1,0,-1,6,6,20919,40331,39185,55016,45565,40672,11862,10305,11877,0,14645,12564,0
94829,66,1,1,-1,-1,0,0,0,0,18254,9218,28950,60649,24083,38337,1147,2461,3759,39351,13622,3286,0
31976,33,1,2,-1,0,-1,0,-1,-1,22559,12810,18523,16677,5663,13649,6028,8629,2415,0,1836,4082,0
137455,28,2,2,0,-1,-1,0,-1,6,42890,4333,15794,69620,44216,52793,12450,0,8180,0,7452,26587,0
69611,58,2,2,-1,-1,0,-1,-1,-1,16188,20112,32569,24042,42018,19269,8911,1896,18485,9536,0,2056,0
140360,62,2,2,-1,-1,2,2,0,-1,23656,34580,11227,74737,59923,42010,1006,20659,822,0,17693,6644,0
20969,53,2,2,0,0,0,-1,-1,6,10280,15776,2268,10750,9928,3501,3459,1210,476,1726,5100,0,0
67441,27,2,2,-1,-1,-1,6,6,-1,45586,7772,48570,30687,21342,43885,17495,2349,0,10102,14873,18138,0
23954,27,2,1,0,0,1,1,1,-1,15598,1570,7075,11326,8979,11169,3253,242,2288,0,1829,5192,0
83667,42,1,2,-1,0,-1,0,-1,-1,33682,64010,17042,6403,25329,13641,6379,0,2200,354,0,4301,0
159816,45,2,1,0,-1,-1,5,6,0,76100,83273,46859,64525,60142,97051,10437,49125,31661,33771,10703,25383,0
15660,74,2,2,4,-1,-1,-1,0,0,11394,6581,4560,1596,677,5723,5315,1408,1062,0,113,2629,1
22954,36,1,1,0,0,0,3,5,0,8231,3856,6986,5716,17167,3988,3434,0,0,1236,2548,684,0
147392,31,1,1,-1,0,-1,-1,0,-1,85660,68495,57176,65492,78848,72874,28754,6309,1207,0,22427,9878,0
67858,72,1,2,0,0,-1,0,0,1,20174,36081,33543,50934,32631,8460,0,6788,16845,10951,7145,2915,0
175164,29,1,1,0,-1,5,3,0,0,91714,29898,60913,96885,51489,45997,0,21415,16069,15670,0,0,0
25698,22,2,1,-1,-1,0,-1,0,0,10566,4819,18788,4651,13759,7319,0,2573,0,730,0,2015,0
71497,43,1,1,0,0,-1,0,-1,-1,40801,50342,22949,22975,19073,33084,18511,4309,7537,3298,9568,11001,0
85008,42,2,2,-1,-1,-1,0,0,0,18597,44636,45473,31051,64624,26888,2056,8019,20659,8375,3892,6396,0
81196,54,1,1,-1,4,0,0,0,-1,7323,51797,41933,37232,17744,34209,1349,20475,23509,14449,3096,19196,0
16407,68,1,1,3,-1,0,-1,5,4,10963,8949,6420,0,4480,8443,2396,2893,0,0,2365,667,1
656416,71,1,2,0,-1,0,-1,0,0,309269,379731,351896,318300,116713,358227,137314,37454,0,121050,19588,97191,0
81335,36,1,2,0,-1,0,-1,0,-1,22341,17002,57805,37889,55790,22868,13298,1068,37438,14251,4673,12997,0
11742,73,4,2,0,3,0,-1,0,0,7557,5752,2603,1580,2445,11123,1220,1838,675,318,392,0,1
88241,55,1,1,5,4,1,0,-1,6,54985,34134,6665,33978,28002,14455,7466,3351,2049,12168,8391,2166,1
96740,24,1,2,-1,-1,-1,3,1,4,12595,4227,6661,57980,42930,30416,0,605,3775,0,20534,15291,0
151996,71,1,2,-1,-1,-1,-1,4,5,29242,64900,74583,18311,80452,87573,14951,0,14157,5974,4743,43745,0
102920,28,2,2,2,6,-1,0,-1,0,25251,17538,29328,55261,36414,11931,1429,4322,0,27716,17482,6867,1
41312,52,2,2,-1,0,0,0,-1,-1,25809,14205,18334,26413,5095,27616,828,0,564,0,19,10988,0
12361,63,2,1,-1,-1,-1,0,-1,-1,949,0,3376,3372,1499,12361,310,0,0,96,254,1867,0
70904,34,2,2,0,-1,-1,0,0,-1,26655,34716,28509,33141,29806,13210,0,0,18254,7542,15287,0,0
13174,35,2,2,-1,4,1,0,0,0,3492,11429,6290,3404,1618,9390,82,0,2828,652,354,360,0
129598,46,2,1,-1,-1,2,0,2,-1,101375,66282,47242,88094,53090,86529,48774,0,11082,13406,6738,18196,0
19093,68,3,1,-1,-1,0,0,-1,0,8459,4151,1617,3557,11622,6350,1349,195,0,248,8357,2261,0
81468,33,2,1,-1,-1,0,-1,4,5,40286,32083,12413,12935,43151,19540,23316,14569,0,578,0,5656,0
40600,56,1,2,-1,-1,-1,-1,-1,0,10685,14152,27749,9887,19350,26059,1894,0,0,6242,3604,772,0
33069,45,2,1,-1,0,-1,-1,-1,0,5132,10179,12001,10391,10875,26934,780,4439,3589,1124,1224,5266,0
18079,27,3,2,-1,-1,-1,-1,-1,0,3446,3721,7141,2207,0,12684,0,2198,2712,0,0,2456,0
86930,59,2,2,-1,1,-1,-1,-1,0,60305,55597,67428,26512,48418,29322,27094,33878,12874,7713,7487,3681,0
20873,65,4,1,-1,0,0,0,-1,0,13754,14965,11705,7215,10410,11691,2401,6870,712,2702,825,4218,0
63459,52,3,1,-1,-1,0,5,3,0,2820,10093,40107,34400,27287,42077,742,2254,4247,11766,0,14698,1
42630,30,1,1,0,0,-1,0,0,0,26374,11265,25633,13681,30468,6321,4525,4446,6349,4632,3634,1607,0
40735,29,2,1,-1,-1,-1,-1,0,-1,13351,26949,17745,19162,23374,19934,63,12059,3193,3943,3682,1955,0
50435,43,2,2,-1,-1,-1,5,5,4,7370,22509,37568,3203,30884,9787,107,5893,17526,1145,15631,0,0
55440,48,2,2,0,0,0,4,-1,0,29694,15788,33434,5754,38112,1079,10503,4987,7587,1337,0,278,0
23403,50,2,2,1,4,-1,-1,0,0,2077,14474,12184,8734,8760,0,0,1848,0,3516,1953,0,1
60256,34,3,3,6,2,2,0,-1,-1,38876,3845,36470,24153,17475,37804,18787,0,5452,6567,0,4800,1
39455,48,2,1,-1,0,4,-1,-1,0,8005,5950,4794,22138,2540,7777,0,1277,1926,2723,553,1753,0
75744,36,2,2,0,2,3,-1,-1,0,15619,34664,27528,6199,20567,60411,1166,12548,15354,919,5642,1931,0
67743,58,1,2,0,-1,-1,-1,-1,0,40187,32275,24270,20603,20688,42775,13303,6956,0,9289,8856,0,1
78367,64,2,2,-1,0,0,0,0,-1,43391,21230,16237,3275,36456,43056,0,7107,1775,1580,6426,24465,0
24692,56,3,1,-1,0,6,0,0,-1,18740,7130,11756,10022,7185,6596,6863,1443,740,2378,1258,210,0
26064,21,2,1,-1,0,5,0,0,0,11350,21027,4862,16769,12760,4964,5496,13003,413,3212,0,3044,1
96563,74,1,2,-1,-1,0,0,-1,-1,27670,8382,50924,31961,24928,15974,1986,1290,10078,4954,743,4815,0
23117,22,3,2,-1,0,0,-1,2,4,5417,5484,3748,1544,10913,16142,735,1407,2109,0,2692,4391,0
110233,74,3,1,-1,0,0,-1,6,2,56322,75315,27724,44198,44087,21323,0,57411,0,9815,17217,9296,0
51747,22,2,1,0,0,-1,0,-1,-1,23057,22238,19838,30572,21957,20512,1868,3865,1168,4117,10628,7043,0
22869,48,1,2,0,0,-1,0,-1,0,5418,3682,5715,121,3586,13434,828,434,2083,14,782,7240,0
30688,26,2,2,-1,0,-1,0,4,1,14584,7356,8709,2747,13067,16572,3935,2104,5286,1252,1779,11290,0
30854,26,1,2,-1,0,0,4,2,6,5042,2938,19570,18190,11433,19806,3393,968,298,3333,4069,5007,0
161911,57,1,1,0,0,0,0,5,0,110929,141300,100569,70681,103025,85209,0,44664,19233,0,0,15775,0
91019,60,2,1,-1,-1,2,4,-1,0,46072,18897,13788,65985,63550,22473,6748,10050,2403,24302,6016,3290,0
32679,27,3,2,0,-1,-1,2,6,-1,7887,22764,25960,17720,4887,0,1296,0,0,9280,1231,0,0
61824,73,2,2,0,-1,-1,-1,-1,-1,7353,20043,49650,24465,35899,37454,980,0,40157,13016,3746,3974,0
31990,38,3,1,-1,0,-1,3,6,5,546,6928,12962,25504,28225,11294,85,1377,3917,1335,758,0,0
68298,38,3,2,-1,0,0,-1,4,6,38386,12434,19659,15270,57678,40882,0,3098,786,6925,0,0,0
104019,37,1,1,0,-1,0,0,-1,1,25977,30260,45133,50443,60873,48179,0,13938,18881,3599,0,21538,0
120144,45,1,2,-1,0,0,0,-1,0,59025,67930,77198,76570,78745,34399,0,28144,49662,10369,14579,2339,0
42046,30,2,1,-1,0,-1,-1,-1,-1,4249,13541,13494,8627,10301,13400,326,2904,683,3111,2252,3029,0
29576,43,2,2,0,0,4,3,3,4,16104,14029,15557,8569,12924,6739,1244,7905,3856,2038,0,1514,1
83453,32,2,2,-1,0,1,-1,0,0,31329,56388,23765,26789,6993,55578,11615,1279,0,18057,3158,9171,0
169578,23,2,1,-1,-1,0,-1,-1,-1,61077,79296,106162,67708,39947,59511,4327,6188,51976,3688,0,30020,0
118753,40,2,1,0,-1,-1,0,0,-1,71852,38914,37095,9884,34790,72014,0,4468,0,2566,20940,16415,0
173742,57,2,1,4,-1,-1,0,-1,-1,120341,22333,45432,70632,100311,13857,23649,10413,0,31108,36152,0,1
55805,62,2,1,-1,0,-1,-1,-1,-1,27466,364,8229,22668,20259,35783,10627,18,1145,8163,6822,14355,0
31586,40,1,2,-1,0,0,0,-1,3,6995,4415,14886,24883,18954,6332,1785,1039,4031,0,1497,414,1
33911,38,1,2,-1,-1,0,-1,0,-1,11379,17964,13042,10997,5222,18075,5296,3912,3637,4788,1136,3855,0
206928,63,1,1,0,0,-1,4,0,0,61200,58749,69801,119481,127937,33241,27743,8335,5824,27670,68282,15004,0
10000,57,3,2,0,-1,0,-1,-1,0,4902,6162,6569,1175,6348,6178,2302,1231,2225,488,1114,1090,0
114362,65,3,1,0,5,5,6,6,0,58871,89741,24762,67709,68590,49923,22951,10216,3886,9920,8185,8770,0
26105,69,2,2,-1,0,-1,-1,0,-1,15036,5620,9637,2369,11710,11162,1939,1625,4087,1051,4137,3132,0
319714,65,1,2,0,2,6,0,-1,0,25233,139743,34619,97502,64568,74146,7693,0,8090,12970,4416,0,0
46328,71,2,1,-1,0,0,0,0,4,5316,29286,33959,23072,13938,15303,0,17375,2926,11633,0,2867,1
122336,43,1,2,-1,3,0,0,-1,-1,61817,119711,70134,82930,34426,58780,19487,0,4513,0,10768,14385,1
330392,42,2,2,-1,-1,-1,-1,-1,-1,70299,178463,104696,127226,27761,113842,27019,0,16736,0,2637,15804,0
52699,38,1,1,0,6,-1,0,-1,0,14380,42931,16471,38586,15081,35339,4144,10592,9307,19256,28,0,0
25998,33,3,3,-1,-1,2,0,1,6,6530,11639,5150,16358,7948,13448,1720,4489,2501,6695,666,8552,1
39363,61,1,1,0,6,1,-1,0,0,32304,2588,20867,29977,8878,11466,10938,0,3710,0,3750,3487,0
21995,59,2,1,0,0,1,0,0,0,12513,11536,7712,17040,7640,8684,0,2765,113,0,150,1283,0
26356,64,4,2,-1,-1,-1,2,-1,0,3841,12810,19697,4614,15436,3137,530,3175,4537,1060,9915,999,1
31449,30,2,1,0,-1,2,-1,-1,-1,7290,4211,8529,8032,14951,4839,1307,1699,2204,4681,0,543,0
25242,47,1,1,-1,0,0,-1,0,0,6395,8484,12805,12857,13892,7152,1272,1554,1834,3782,6914,1593,0
28996,32,3,1,5,0,0,-1,0,5,7124,6913,23909,16517,13856,4144,775,3272,13232,1480,4508,489,1
70250,69,2,1,-1,-1,4,0,3,4,43094,20830,12209,1273,17441,20397,16349,0,0,207,10033,1570,0
23939,35,2,1,0,0,-1,0,-1,6,8853,3252,16911,11186,7411,13651,0,997,4079,2334,2933,0,0
43046,28,2,1,-1,-1,-1,-1,5,0,13395,28840,5040,16372,32667,14390,328,6116,838,6649,9698,7213,1
105717,51,3,2,3,3,5,5,-1,0,70677,14641,48832,55048,43176,51216,36667,724,18220,26491,11307,12261,1
15746,68,2,2,-1,0,-1,0,-1,-1,7447,8250,6089,4055,10395,0,754,1163,0,829,1192,0,0
229884,70,2,2,0,0,-1,-1,0,0,64266,76975,41146,33880,111533,34142,0,15589,4889,6299,41434,2627,0
28589,26,2,2,-1,-1,0,0,-1,0,12891,15740,16762,14423,3778,10456,0,0,6952,823,1390,1063,0
80595,38,1,1,-1,-1,0,5,5,3,38899,36361,26533,28662,10719,33713,9072,15605,3070,6127,2395,7635,0
136397,29,2,2,-1,0,-1,0,0,-1,51013,69691,5451,50777,32543,14763,1912,15515,1120,20980,6843,13630,0
243761,37,1,2,5,1,1,0,0,0,153096,29690,108861,137327,129216,133845,18964,13069,35909,18102,37023,19875,1
71385,49,2,2,-1,-1,-1,1,2,-1,21416,30112,6006,41704,26187,26947,4487,255,1428,0,11922,4221,0
28124,36,2,2,0,-1,0,6,3,3,20290,6398,5502,17766,9372,4161,4125,4100,1183,4602,4514,510,0
36688,24,1,1,-1,0,-1,0,-1,-1,12445,6654,4739,7324,23811,23272,4703,0,1052,2306,7399,0,0
30948,48,2,1,-1,-1,-1,0,0,0,11647,28773,17705,14821,17194,20001,568,7072,7682,3611,1465,5032,0
222216,23,2,2,-1,-1,-1,-1,0,6,109363,102853,71841,94329,110996,73505,18000,22245,15404,6391,0,4239,0
50511,33,1,2,0,-1,-1,0,0,0,25338,21917,9016,28182,14080,29361,3708,7477,2499,3750,5804,8640,0
88909,21,1,2,5,-1,-1,0,0,-1,30587,19138,21723,28135,29042,54067,17663,4639,1616,11650,12557,17282,1
14888,25,3,2,-1,0,-1,0,0,-1,6260,1556,1062,3474,9958,6159,1756,537,492,2789,2659,2478,0
13605,44,3,1,1,0,5,4,-1,1,1116,5095,5764,6021,4629,4102,292,1684,2319,1431,670,233,1
50066,66,2,1,0,-1,4,2,6,-1,32629,24033,32865,28532,38123,15900,1826,4084,19763,12612,0,0,0
52927,62,1,2,3,-1,0,-1,-1,-1,23463,21173,8338,28641,35470,29557,10758,1092,1507,364,0,1793,1
56112,26,1,1,-1,0,0,-1,0,-1,13031,4538,15168,14327,9925,30147,0,1613,8554,5400,4776,10207,0
21019,22,1,2,0,0,-1,0,-1,-1,15529,0,810,17783,4232,10494,0,0,107,12550,2114,1804,0
46221,39,2,2,0,0,0,0,-1,0,37817,20145,19686,29265,3223,15669,0,6176,2003,9361,1673,4089,0
118508,56,3,1,-1,-1,-1,4,0,4,3245,27419,47706,37888,33455,33788,302,8800,9416,16722,0,9568,0
24774,61,2,1,0,-1,-1,0,0,1,12835,5545,10800,13822,9865,9134,2484,0,0,0,3140,3368,0
140704,65,1,2,0,-1,-1,0,4,-1,19968,44974,20306,28188,79446,94624,3477,5544,6334,3965,9933,12794,1
10000,39,3,2,6,-1,0,0,-1,0,675,6817,2578,269,1206,3495,60,557,195,5,151,894,1
25799,30,2,2,-1,-1,-1,3,0,1,4747,18771,14235,2536,2412,20624,1069,11465,3314,0,361,8303,0
14885,22,1,1,0,-1,-1,0,-1,-1,10868,6401,2765,2369,6848,4750,181,0,782,340,678,192,0
131789,28,2,1,-1,0,0,-1,0,-1,13395,90215,72465,42304,80173,40770,2353,24066,0,11141,15332,20974,0
138620,24,1,1,0,1,2,0,0,0,81372,19419,2699,22758,97805,79509,13503,1396,311,12986,38791,11536,0
15000,67,3,1,0,-1,-1,2,2,2,9864,1538,8634,8353,0,3741,0,0,764,2639,0,177,1
61785,35,2,1,5,1,4,0,-1,3,25054,11398,14731,29606,38776,38911,13572,4946,6347,0,0,2236,1
128202,65,2,2,0,0,-1,-1,0,0,73091,50153,29756,75766,58777,16601,9096,28288,6615,11483,15920,3630,0
145183,50,2,1,-1,0,0,-1,-1,0,17469,130701,4534,89142,39636,16976,0,61020,0,25051,23976,2247,0
24802,50,3,2,-1,-1,2,6,0,6,0,2377,19069,1596,9447,1899,0,292,0,379,5004,754,0
10000,45,2,2,0,0,0,0,5,-1,2281,2169,4319,4234,1763,0,1178,397,0,919,0,0,0
23888,65,2,2,-1,-1,0,-1,-1,0,1988,19058,8719,13467,11329,7777,289,2623,0,0,2874,5313,1
126675,23,1,2,3,1,0,2,1,0,22360,6172,82219,80656,81876,61546,1022,1784,5446,44885,17068,5161,1
183953,26,3,1,0,0,0,0,0,5,101752,72306,27024,135774,28168,56822,76680,17492,7948,52184,7846,4523,0
46935,43,2,2,0,0,2,0,-1,-1,24517,11663,19179,7027,17612,15371,0,7622,4456,670,4422,2631,0
42235,42,1,1,0,-1,0,0,-1,-1,3014,4783,18178,18087,19793,10797,1503,904,2148,0,3576,4369,0
233938,50,3,1,-1,0,-1,0,4,0,64175,54651,131960,7042,68117,148146,5226,30641,66673,1258,27318,0,0
94945,60,1,2,-1,0,0,-1,-1,0,77727,24848,28708,63562,39184,47326,8428,5025,12309,0,0,16520,0
25700,52,1,1,1,3,-1,0,0,-1,2958,12651,20087,8479,5496,3647,0,4497,0,3292,174,742,0
44572,34,2,1,-1,0,-1,-1,0,-1,15705,11369,34019,12154,25294,159,5171,2223,9043,1909,4983,33,0
152728,38,1,2,0,0,0,-1,-1,5,18875,75386,56986,47966,76946,44215,6450,17248,21346,14206,50633,0,0
46337,61,2,2,-1,0,0,0,-1,0,11902,35131,12570,25732,9736,17572,2370,4969,0,2117,2734,8125,0
129567,31,1,1,0,0,-1,0,0,-1,13096,87530,53137,49866,87882,26388,0,0,26028,26095,14721,13109,0
19005,48,1,1,-1,0,-1,0,-1,5,18825,1494,5508,2723,3708,5015,9992,917,278,586,793,608,1
21788,50,1,1,0,0,0,0,0,-1,9307,9153,4834,12317,11140,11511,4652,1470,0,861,3443,3229,0
38123,61,1,2,-1,0,-1,-1,-1,0,11775,13533,13532,8868,8595,17581,8333,2460,2966,3068,4363,1326,0
27380,59,3,2,-1,0,0,-1,-1,6,7008,3857,10658,17020,22481,5776,184,2598,4127,4042,0,132,0
64033,46,2,1,-1,-1,0,-1,0,-1,39477,51273,31917,18360,49632,29182,13036,24571,5873,475,16806,12432,0
81585,37,2,2,-1,-1,0,-1,-1,4,61177,20552,56210,12138,39621,20213,17722,10913,5158,9627,768,4745,0
352530,40,2,3,0,-1,0,-1,0,4,188335,162251,85421,69634,65082,9140,80982,29433,7407,0,42915,4315,0
27150,43,2,2,4,0,0,0,-1,0,9937,20749,11253,14715,12376,8116,0,5482,1888,3814,5128,0,1
53384,32,1,2,-1,-1,0,-1,-1,6,14008,4228,37142,28562,20800,23988,1535,0,7737,13240,4568,4428,0
38868,54,1,2,-1,-1,-1,0,0,-1,26444,9996,20798,2560,13173,6833,0,3021,11883,637,2001,3974,0
116251,32,2,2,-1,-1,-1,-1,-1,-1,29376,13321,35875,58957,90366,80941,11564,1666,2622,8288,17078,3715,0
121438,56,2,2,-1,0,0,-1,-1,-1,49055,57158,38550,62942,3235,29624,10224,0,6826,14816,0,6999,0
34264,61,2,1,0,0,-1,0,-1,-1,3021,16385,4515,5620,6787,15393,265,2387,1308,270,796,3459,0
179139,72,3,1,0,-1,0,0,0,-1,42868,61599,37441,73670,54626,114527,2250,1410,0,11650,21803,34267,0
19461,27,3,1,-1,6,0,-1,0,1,9964,4941,14381,6882,3806,8818,2495,824,5779,3582,1670,0,0
156436,62,1,2,0,0,0,-1,0,-1,75646,70677,108605,59805,94183,33572,10947,15048,5463,19216,37184,9365,0
219715,25,1,1,0,-1,-1,-1,0,2,86696,86648,3011,175530,56715,145874,28930,0,1160,86626,5873,28910,0
23091,39,1,2,3,-1,0,0,-1,0,8981,8036,0,16657,6116,10652,3252,1889,0,3709,451,1154,1
77816,30,2,1,0,-1,0,4,0,0,18309,24308,26377,38391,22806,45862,6581,3906,11634,24249,3896,11049,0
10000,29,3,2,0,5,-1,0,0,-1,6838,0,6235,5171,2272,6922,2736,0,3089,1772,404,481,0
66349,30,3,1,5,-1,1,-1,2,3,41503,42182,7742,36077,35116,31082,5493,8079,2691,17862,9312,3213,1
28429,23,1,2,0,3,-1,-1,0,0,19505,11091,15137,12996,9636,5676,3119,1850,6755,7118,1182,0,1
54030,65,3,1,0,0,0,3,6,3,19030,19087,37223,16629,40787,14093,4121,5767,17704,7521,6913,198,0
89678,24,2,2,-1,0,-1,4,-1,0,31455,24262,38137,35164,12061,34762,5653,2920,6275,10952,1535,4904,0
84072,42,3,2,-1,2,-1,2,0,0,51853,45400,5104,65629,55254,12266,7391,6252,1005,20393,19276,4558,0
99924,58,2,1,-1,-1,0,1,6,2,41159,28621,37090,37752,59228,28835,19394,8528,3625,0,13225,0,0
71767,74,1,2,-1,-1,5,-1,-1,-1,34528,18112,27670,19197,37315,44517,14169,1086,8990,7399,17507,3086,1
50619,67,1,2,-1,-1,0,0,0,-1,27484,11884,22492,22715,17476,17562,5599,1199,5757,1229,2124,1961,0
32332,28,3,2,0,3,-1,-1,0,-1,12530,7085,5787,21968,14288,18224,687,1254,2343,8073,6015,277,0
20074,74,2,2,1,6,4,6,4,1,11951,3247,12169,2915,17509,0,108,893,7787,502,540,0,1
41384,56,2,2,0,-1,-1,-1,-1,-1,22375,10125,8428,6649,0,8951,4487,582,4574,1599,0,0,0
38849,30,2,2,0,0,0,-1,0,-1,13707,6423,18030,12022,21226,23733,2588,814,2009,2532,9305,5548,0
26093,45,2,2,-1,0,0,-1,-1,0,16181,16332,19509,5225,10828,6845,3689,3439,1530,58,8805,1649,0
10000,70,3,2,-1,4,1,0,-1,-1,6095,5477,9862,5236,1936,1208,3220,2580,1486,565,681,132,0
24709,42,1,2,-1,-1,0,-1,-1,-1,14484,5540,11636,5023,16444,1091,1140,1038,4536,2172,7378,264,0
10000,30,1,1,0,-1,0,-1,0,0,9421,3163,9622,6146,2800,1970,0,428,2179,3247,884,126,0
38318,68,2,1,2,2,4,2,0,0,5214,25353,13656,8720,27780,20150,48,0,3129,0,19158,12074,1
65407,72,2,2,0,-1,-1,0,-1,0,21662,34734,42245,54331,28505,11924,18220,8409,2176,2635,8266,3274,0
10000,73,1,2,-1,-1,0,-1,-1,1,2196,509,3790,3478,4428,8040,267,129,1028,2072,389,0,0
82937,72,1,2,0,0,0,6,3,0,26431,12000,24873,1695,36031,8029,4245,3400,836,102,32211,1993,0
62223,68,1,2,-1,0,6,1,6,1,32750,14591,27453,47416,16343,13009,4322,2651,3676,0,0,4949,0
26770,45,1,2,4,0,-1,0,0,0,3267,20736,20239,13064,16087,5806,0,0,1539,3903,4527,158,1
48606,31,1,1,4,5,4,0,-1,-1,1834,30363,27714,25572,13024,19801,147,4874,2570,5426,4429,6212,1
159072,54,1,2,0,0,-1,3,3,0,21401,69176,34160,77803,48599,46245,0,0,0,2249,27251,9608,0
22486,32,2,1,0,-1,-1,-1,-1,0,7886,16589,4228,9661,16280,14813,2542,1184,0,2652,3588,4256,0
36548,46,3,2,0,-1,-1,-1,2,5,6788,4824,13312,18098,17442,2116,534,0,0,4876,2428,1180,0
45279,56,3,2,0,0,-1,1,4,2,24713,20150,15121,23824,8112,10682,7841,0,2344,5309,6751,0,0
25393,72,2,1,0,0,-1,-1,-1,-1,5166,11036,10455,5370,8514,10375,0,7459,0,1878,2808,4610,0
153750,36,1,2,0,0,0,-1,0,-1,89993,65493,111044,55368,104406,39845,31005,7960,72167,16351,22243,0,0
47400,34,4,2,5,-1,1,-1,6,6,22365,30248,11560,7730,24831,22493,0,10016,530,0,0,0,1
40073,60,2,1,6,0,0,-1,0,3,1830,30822,13548,25392,8140,25008,0,8064,0,5157,528,3405,1
324679,21,2,2,0,0,-1,-1,0,0,114472,91719,46301,18348,121206,35015,75512,62377,12843,0,24671,3373,0
154281,51,1,2,0,-1,-1,-1,0,-1,69024,117579,28273,5266,19273,44113,1874,12897,20012,2999,2368,1694,0
17810,61,1,2,-1,-1,-1,-1,0,0,5943,3158,12786,8125,11132,11653,760,76,4458,1977,960,605,0
35906,50,2,1,0,0,0,-1,-1,0,15613,21458,14396,15225,13169,9379,7244,9081,4149,0,2020,0,0
352679,41,2,1,-1,0,-1,0,0,-1,106613,105048,246199,234762,98295,91685,37857,19471,0,0,31895,39368,0
31279,65,1,2,0,0,0,-1,4,0,26446,12366,6606,12339,11481,20732,0,0,3537,2943,4601,7365,0
36184,41,3,1,0,0,-1,-1,-1,-1,19005,6048,14133,12866,10971,14878,144,2771,3725,1374,2331,3533,0
131241,59,2,1,-1,0,0,0,-1,0,32210,75281,75601,38006,30486,56212,18845,30766,27576,19320,2411,13170,0
82607,46,2,2,0,-1,-1,-1,0,0,49424,18934,20740,40296,5194,9951,15610,392,2689,735,3091,1358,0
129786,22,1,2,0,-1,0,0,-1,-1,16600,44251,57460,30827,89900,32581,8503,9766,31042,0,25143,22021,0
88439,49,2,2,-1,0,-1,0,0,0,40330,36638,13930,8180,30260,65549,3447,0,8303,989,19202,20672,0
50026,23,2,2,0,-1,-1,0,-1,5,26779,37525,15613,13607,16072,5174,1202,0,5505,0,4782,403,0
36410,71,1,1,-1,0,-1,1,-1,-1,18504,6758,22655,22926,4485,27687,8996,0,9260,4482,670,6563,0
69411,53,2,1,0,-1,-1,-1,0,-1,8089,25175,43433,13417,33621,11114,0,5310,29004,1681,9932,500,0
35517,41,2,2,0,1,6,1,0,0,21813,24317,13859,10793,26631,6364,2058,1339,4717,5693,0,548,1
23347,47,3,1,-1,-1,-1,-1,4,5,15166,9709,16245,4299,0,3956,9223,3701,3497,1782,0,1065,0
224683,54,1,1,-1,0,-1,-1,0,-1,166064,66553,62145,65441,44656,15060,0,5515,0,19946,17298,0,0
25299,35,3,2,-1,0,0,0,0,6,5895,6499,21386,18071,4934,19562,1415,2422,6307,2314,3088,0,0
191933,36,2,1,0,-1,0,-1,-1,0,39660,104081,47796,47446,99633,77039,0,23437,31910,635,0,16865,0
84278,43,1,2,-1,-1,2,-1,0,0,32887,49187,5401,23115,19547,44113,2431,18368,634,4119,8439,2779,0
60424,34,1,2,0,-1,-1,-1,0,0,15319,23278,35077,9284,14448,13112,10298,7181,10291,3087,4108,4744,0
16033,61,1,2,-1,0,-1,0,0,0,9097,14853,6875,12675,15551,5717,1279,0,1204,2629,5778,1114,0
374129,26,1,1,0,-1,-1,0,-1,-1,153994,91451,159405,203709,100113,120607,92392,41223,33660,28536,31943,38486,0
48787,65,2,1,1,-1,-1,0,-1,2,36248,20802,14800,7119,34939,29491,6426,1848,2976,46,0,0,1
10000,39,2,2,0,-1,-1,0,0,-1,5971,10000,9967,3748,6636,1023,0,1937,871,1069,2817,628,0
151244,51,1,2,0,-1,-1,0,0,-1,112292,73278,33810,39990,54480,57158,31372,18798,8502,546,5568,11814,0
32964,29,4,2,0,-1,0,-1,0,0,13818,10003,10415,7456,23022,8939,6228,4113,1922,4521,1003,0,0
32578,41,1,1,-1,0,-1,-1,-1,-1,25697,8605,3146,10469,10190,19216,8098,483,718,1830,1415,7467,0
103253,61,2,2,-1,5,0,-1,0,-1,34096,59752,14602,40637,22087,44102,2853,32011,7927,3421,17246,0,0
10000,35,3,1,-1,-1,2,0,0,-1,2485,2884,2552,3219,8945,812,493,683,767,1184,0,279,1
19381,28,3,1,3,-1,-1,3,5,0,11834,6587,9774,1268,10478,9609,6288,1141,0,0,587,4481,1
38579,49,2,1,3,5,0,0,0,-1,22692,10732,5054,8716,25539,10488,0,1258,351,1721,12588,4810,0
96930,29,2,1,0,-1,2,3,-1,-1,52116,46744,39460,45739,27834,22640,0,13804,0,10344,4780,8408,0
411956,37,1,1,3,-1,0,-1,0,3,84051,241709,142568,46367,109752,149045,10827,36395,38929,14282,59289,0,1
56424,45,1,1,0,-1,-1,0,0,1,13691,43530,15575,8991,46802,23598,0,0,2046,1780,30112,4654,0
70824,51,2,2,-1,-1,-1,0,-1,-1,45597,10103,31690,36412,60200,33156,14289,4463,0,0,22875,11459,0
618580,55,1,2,0,-1,0,-1,-1,6,507486,263483,202843,255309,192462,484107,24472,0,63367,0,137119,199251,1
49206,57,2,1,0,-1,0,-1,-1,-1,20975,20193,25414,15605,41994,12475,0,13523,0,769,14316,372,0
99810,66,1,1,-1,0,0,-1,-1,0,28361,59878,35815,6907,23600,51228,7720,5488,11993,4386,16161,12600,0
12752,24,3,2,3,0,0,3,3,-1,10275,2929,8374,7874,994,7847,1412,888,0,5963,174,1149,1
164498,40,3,1,-1,-1,0,2,-1,-1,107880,85366,27242,25882,58863,40769,0,24044,4598,4795,22175,23499,0
27711,21,2,1,-1,0,0,-1,0,0,23105,4756,7515,27711,4161,10725,8222,1980,3496,0,0,2156,0
60770,21,2,2,-1,3,0,5,0,-1,30556,38583,32762,21803,42253,40715,19717,19510,7611,2645,1609,6669,0
83171,32,1,2,-1,-1,-1,4,0,0,47501,40417,35003,4656,36607,11653,16499,12021,20096,2671,17854,2804,0
73478,53,1,2,-1,0,-1,0,-1,0,29629,13229,34874,63750,14931,40094,0,277,11583,23996,6734,7907,0
34632,69,2,1,0,-1,-1,-1,-1,-1,10190,24215,8356,12060,3805,15040,1796,3681,2684,4910,29,1270,0
59460,62,2,1,-1,0,-1,-1,0,0,20888,36103,33083,12084,19833,43529,7840,21688,20369,1946,938,17344,0
199961,55,2,1,-1,-1,0,-1,-1,0,58378,94892,70888,106368,98293,25464,13854,40957,22097,8920,51157,0,0
303989,63,2,2,0,-1,5,-1,-1,-1,127634,77976,38980,156274,108137,169999,42179,23442,9836,0,17165,12236,0
42611,30,2,1,0,0,0,-1,-1,0,20272,30896,22031,23649,21136,15842,0,11763,3559,6402,0,0,1
47901,66,1,1,-1,0,-1,-1,-1,0,14654,34210,21098,33148,13050,24686,757,8326,10354,14928,0,6117,0
35934,69,1,1,0,0,-1,0,5,-1,23155,18630,19449,1556,9767,18090,7387,5871,8691,400,2851,0,0
420377,26,2,2,-1,-1,0,-1,0,3,110025,168987,122863,129788,189177,274330,30540,8259,10842,13857,25021,146099,0
54342,46,2,1,-1,0,-1,2,0,-1,26299,31404,14664,22886,13957,11030,15249,3267,4969,13206,3709,7913,0
83730,65,3,1,0,5,-1,4,-1,0,3241,4632,27809,20554,9117,37737,877,203,8746,411,6783,8690,0
85590,46,2,2,0,0,-1,6,-1,3,2222,28006,7953,37203,20129,60179,44,4833,593,20871,0,14676,0
286851,66,2,2,0,-1,0,-1,2,-1,205750,69802,128294,176331,71001,130986,34855,0,16339,28736,13198,27830,0
40208,71,2,2,-1,6,3,-1,0,-1,8782,5035,551,20019,3694,7976,0,0,0,5720,2045,3098,0
28305,46,1,2,0,0,0,-1,0,-1,12317,5380,13902,11206,7548,13876,3094,1546,2294,4904,2479,6842,0
216980,24,2,1,-1,-1,-1,0,0,0,9877,135367,54161,23545,165975,103829,0,32182,0,5421,20217,8049,0
100976,39,2,2,-1,-1,-1,-1,0,-1,57482,40893,9973,36118,18023,15265,14725,8665,3691,10298,6598,6923,0
70617,32,2,1,0,0,-1,0,0,0,33808,30559,16189,54832,31182,11043,8613,9588,8111,17697,12414,651,0
234362,46,1,2,0,-1,0,0,0,-1,106845,12567,207705,139546,97561,62518,0,1760,73451,26571,24341,6018,0
51740,52,3,1,0,-1,-1,-1,-1,-1,21001,22192,30253,14898,10032,4842,0,911,12036,4533,1845,2265,0
120480,46,3,2,-1,0,-1,-1,6,3,33287,59598,43373,46581,44117,19094,10773,21388,9670,9879,0,2501,0
83595,31,1,2,0,0,0,0,0,4,12292,16697,48549,15824,21986,32762,1170,2635,28608,12603,5177,19433,0
141213,37,1,1,0,0,0,-1,0,0,80970,100241,36106,41616,85264,103671,5459,28579,13905,4347,45993,45948,0
104567,57,1,1,0,0,0,0,0,0,32753,22665,36543,60250,30852,57911,6389,3403,4422,30996,4909,28647,0
37788,22,2,2,-1,0,0,0,-1,0,19395,12893,4082,3583,4891,3968,276,3481,0,1138,2582,967,0
41593,32,2,1,-1,3,0,-1,-1,0,30571,12780,28959,176,11206,24688,2671,9615,14719,0,0,4556,1
50120,69,1,2,0,4,0,0,0,-1,26769,13244,12993,40148,28004,27356,11832,1670,1943,0,10250,9715,0
60620,26,2,1,0,-1,-1,-1,-1,0,27527,25415,22726,10617,45157,11565,6735,8875,4496,2482,26147,2751,0
34042,43,2,2,0,-1,0,-1,-1,-1,5080,12904,6155,14617,19323,8111,1933,1858,1563,0,513,1314,0
69474,32,2,2,-1,0,-1,0,0,6,34350,24043,10607,9829,21362,10814,3484,0,2308,4456,3674,546,0
67610,26,2,2,0,0,-1,0,0,0,26436,43367,27713,48673,22648,11428,3017,280,0,21244,4613,1340,0
57764,43,2,2,-1,-1,1,0,0,-1,26958,21564,29781,8990,8511,12889,4756,7474,2802,2053,5647,9209,0
58572,49,2,2,0,-1,0,0,0,0,18531,8263,21512,8252,41062,28034,3791,1176,4872,390,3974,3652,0
43631,30,1,2,-1,0,-1,-1,0,0,5628,13156,11055,9528,7322,4518,383,1396,3589,4038,2383,2127,0
39121,25,2,2,0,-1,6,-1,-1,-1,15828,16524,22139,30496,25217,16122,4999,4942,4103,1634,0,3685,0
10000,28,3,2,0,0,-1,-1,-1,3,3195,2222,2083,7261,0,5428,490,78,368,0,0,775,1
44538,56,2,1,-1,0,-1,0,0,-1,36403,28483,30213,11851,10284,11285,3381,16277,9396,4656,1091,1902,0
15594,67,3,1,0,-1,0,-1,0,-1,6190,5060,207,3689,3014,12259,0,782,99,1240,1200,963,0
53097,30,2,1,-1,0,-1,-1,2,0,15682,17371,15519,11720,24297,20792,4056,8637,1299,2752,5941,0,0
27678,38,2,2,-1,1,4,-1,0,0,13393,16895,5745,11588,3502,14260,1859,5241,2098,5701,560,1608,0
13305,39,1,2,-1,-1,-1,0,0,-1,6347,9661,5639,5788,4274,6721,1843,1856,1160,1388,1721,0,0
297138,40,2,1,0,-1,0,-1,0,0,135547,41660,108136,135213,190803,9628,21733,7526,37527,59846,0,0,0
57029,34,1,2,-1,-1,-1,-1,-1,3,16111,33992,10808,24822,26109,25471,0,9992,4209,0,0,10844,0
218407,23,1,1,-1,0,0,-1,0,0,65921,52744,67119,102361,94894,133625,15196,20430,1944,0,0,43427,0
45020,49,1,2,0,-1,-1,-1,-1,-1,25769,34506,9169,7863,12971,8526,7440,14203,1127,1139,0,0,0
266989,40,1,2,-1,0,-1,-1,-1,0,103815,139169,27220,88078,14889,58712,15192,42075,7462,15081,0,6392,0
13656,39,3,2,-1,0,0,0,-1,4,7354,3594,0,3512,5635,9631,1384,2847,0,667,1019,3013,1
39503,35,4,2,-1,4,6,4,-1,-1,16331,18396,33804,361,18037,24664,3990,5085,10631,0,2778,5313,0
20458,71,2,2,3,0,-1,0,0,-1,7583,14460,12298,10066,11522,5880,1957,1980,3467,4008,6648,1498,1
549666,53,1,1,0,0,0,0,0,-1,137567,201688,415464,121663,258394,56372,67546,16542,116284,30702,104532,9616,0
28110,43,3,2,0,0,-1,0,-1,0,17398,24670,4744,18451,20378,16815,4063,12647,1704,0,2509,2761,0
95107,32,2,1,0,0,-1,-1,1,3,10452,38613,31162,79032,41424,48983,3006,31941,7585,28834,2911,7936,0
98413,64,1,2,-1,0,0,-1,-1,-1,25858,35639,45477,35768,25672,20696,2240,10957,14193,0,7338,1921,0
48030,68,2,2,0,5,6,-1,0,0,3457,6926,30772,4892,22618,13371,526,3068,3461,2124,11099,865,0
74174,22,2,1,-1,-1,-1,0,0,-1,22930,25038,56707,32646,36953,12716,4000,11183,16934,7805,3497,190,0
203579,71,1,1,-1,0,0,-1,0,-1,70888,160856,86984,82378,22469,33568,23035,62267,4541,28009,0,5608,0
83664,58,2,2,5,0,0,-1,0,-1,55254,18788,54123,24711,14089,48334,11106,9507,6243,1569,1503,0,1
55824,26,2,2,0,0,-1,-1,-1,0,26061,5229,18828,30698,33335,11739,12116,0,3285,6852,4060,2364,0
103977,61,1,1,0,-1,0,0,-1,-1,2085,72873,46413,18007,69104,19659,1019,0,7034,3418,29433,0,0
226846,26,2,2,-1,-1,0,-1,-1,0,152105,181625,131861,110302,64700,64703,15595,116987,16736,16436,4868,23441,0
35120,23,2,1,-1,-1,-1,0,0,0,16374,9011,15367,30171,7701,9486,0,3550,0,7888,0,3617,0
11124,27,2,2,0,0,0,5,1,0,1720,3693,8086,3032,3008,1151,898,2925,4817,2016,422,427,0
14272,45,3,2,5,0,0,-1,5,-1,4611,7111,8945,3819,5572,297,992,953,0,540,3120,48,1
15148,54,3,1,1,1,0,4,2,5,3158,0,5714,4612,3525,6253,0,0,597,2412,1041,1946,1
24221,42,2,2,-1,1,2,-1,-1,0,14409,9974,19808,2809,18185,10245,5195,0,5091,213,3238,281,0
24896,27,2,1,0,3,0,0,-1,0,2322,18860,8078,2959,18586,6960,303,1728,2754,0,7104,1354,0
48103,31,2,2,-1,-1,0,0,-1,0,36431,32208,18597,8057,21535,28019,0,1295,3836,105,0,837,0
59750,67,2,1,-1,0,-1,0,-1,-1,29151,9330,10776,25473,8398,27057,4042,2304,0,7235,0,8293,0
82934,72,1,2,0,1,-1,-1,3,0,14681,31566,34711,27329,21270,12055,8310,12634,1446,0,6215,0,0
27331,61,2,1,2,0,0,-1,-1,-1,16955,14624,9154,4432,6171,10477,248,0,3934,1141,2547,1175,1
108566,26,2,2,0,-1,0,0,0,5,66818,53451,31317,15297,38910,81380,12520,0,13740,1916,0,6476,0
75174,65,2,1,-1,-1,-1,0,0,0,14829,23022,17858,29697,25536,42390,0,17866,8146,0,12058,9113,0
121585,58,3,2,-1,-1,-1,0,-1,-1,79018,17690,15708,42465,33903,25494,14090,3441,1602,9530,5724,10226,0
96510,49,2,1,0,0,-1,-1,6,6,5217,56001,77125,43147,78141,53099,1223,9527,39922,8166,7076,13048,0
37063,28,2,1,0,0,0,-1,-1,0,8308,2886,17196,25173,22924,13584,1104,813,3949,12075,7847,6329,0
195021,74,1,2,0,0,0,5,-1,0,100351,62624,63903,96850,103597,132066,38982,18622,32420,28312,78221,970,0
85420,44,1,2,0,-1,0,-1,1,0,36913,11106,15274,59110,27607,18296,3286,3506,5978,9839,0,0,0
92816,23,2,2,0,0,0,0,0,-1,63077,46157,23451,28765,27182,46597,19755,20969,7215,18004,13716,7057,0
87233,32,2,2,0,4,0,0,-1,0,37558,46368,25747,25722,25057,15950,13238,17769,0,8665,7558,4570,0
62131,42,1,1,-1,-1,0,-1,0,-1,9014,11971,15499,11812,2757,12834,6396,982,11531,3055,343,2333,0
74539,24,1,2,-1,-1,5,2,3,1,47461,35312,27623,39522,48620,19444,1898,27945,12655,0,3198,3856,0
61782,38,1,1,0,0,0,-1,-1,0,7150,9597,15002,22135,28857,41417,62,2994,0,7785,11074,7895,0
24776,46,2,2,0,3,5,2,4,0,4124,2549,14763,3906,11509,9515,809,575,246,0,0,3264,0
10000,72,2,2,-1,0,-1,0,-1,0,1956,5445,1875,3766,8366,5144,888,1560,0,492,0,0,0
28140,25,2,1,0,0,0,-1,-1,-1,5729,1799,11472,9906,14271,7054,1472,714,1649,926,2175,2739,0
80483,52,1,1,-1,2,0,0,-1,0,40130,17508,26000,19944,30659,45910,0,7612,8854,5939,16149,18626,0
163560,70,1,2,0,3,1,2,-1,-1,21479,99474,54773,49123,63152,71543,14607,50795,0,0,0,21255,0
129736,64,1,2,0,-1,4,4,-1,-1,61690,39033,30814,55067,107380,92780,39720,130,2163,20175,0,12842,0
39195,70,2,1,0,0,-1,-1,0,0,18762,24749,994,11696,16151,27357,2533,0,164,3884,4728,10313,0
39828,30,1,1,-1,0,0,-1,-1,-1,23494,21383,11578,28946,12875,25169,12017,6989,3134,0,3351,7861,0
59431,64,1,1,0,-1,-1,-1,-1,0,19643,20078,24276,33065,7772,30461,11690,0,9247,0,0,8108,0
15729,73,3,2,-1,0,-1,-1,-1,0,7946,5304,7476,5234,5864,12750,5050,1994,2554,1684,1878,3398,0
10000,38,2,2,0,-1,-1,1,-1,-1,5084,3646,0,516,6072,4153,2257,742,0,187,729,305,0
10000,47,3,1,-1,-1,-1,3,6,4,796,4402,3463,0,5971,1432,167,1075,1848,0,1986,426,0
206130,49,1,2,-1,0,-1,0,-1,0,172105,52250,49384,101989,141079,54745,89482,6250,11508,53852,76220,0,0
303246,47,1,2,4,-1,-1,0,0,0,49307,205596,209701,13551,68960,49211,20769,72788,21777,3915,0,9361,1
62722,36,3,2,1,0,0,6,1,-1,21014,21707,9238,8910,27865,22823,8606,0,1487,1343,11354,4449,0
46792,73,2,1,0,0,-1,0,-1,0,11609,18739,6225,12133,14416,33075,2889,4844,905,1074,0,6775,0
16084,72,2,1,0,0,-1,0,0,0,8022,6474,2354,8910,9186,3151,2783,299,1021,1531,3253,507,0
30164,41,3,1,1,2,-1,0,-1,-1,12868,14735,15228,8367,5619,13467,4533,7357,3355,4091,1299,7727,1
79975,64,2,2,-1,0,0,0,-1,2,44321,47774,14762,38774,57077,42278,26136,0,4942,4293,4502,20460,0
133302,42,1,1,-1,0,0,0,-1,-1,77107,46313,64272,51713,44339,11873,8112,22158,33833,18700,15572,2867,0
85054,63,2,1,0,-1,0,-1,0,-1,54467,37005,37584,76247,20975,15820,0,7445,32562,9550,4208,1883,0
180615,52,1,2,-1,-1,0,0,0,0,95022,54819,79109,45499,44374,34312,55309,8247,24100,32025,18768,0,0
324757,46,1,2,-1,0,-1,0,0,0,78073,29282,212760,162041,158040,223956,0,3378,44442,11346,4927,99949,0
49635,27,1,1,5,4,0,-1,-1,0,24110,20083,10462,8625,405,6477,17227,7475,0,887,213,1669,1
323700,56,3,1,1,6,1,0,0,-1,102505,225769,246371,263217,93746,90749,7480,0,40801,87638,8483,54972,1
10000,38,2,1,-1,-1,-1,5,0,-1,1159,9642,6622,3442,1050,3704,107,2733,761,640,44,1758,0
36820,32,1,1,-1,-1,-1,-1,0,0,18701,23718,11192,17963,15816,23673,6604,5673,0,6421,0,9990,0
80537,31,1,1,-1,-1,0,-1,0,-1,14420,13040,10757,14207,16623,45283,4813,0,3290,0,0,5241,0
76055,74,2,1,-1,0,-1,0,0,0,29169,57531,54438,26279,42260,41306,7205,29823,7792,4104,19006,2095,0
29673,26,3,1,-1,4,4,5,2,0,7628,10428,19929,11794,24634,4047,0,0,0,3673,3399,256,0
46159,64,1,2,0,0,-1,0,-1,-1,7593,29612,40312,28776,16354,16694,1627,1534,14097,3445,3308,6528,0
399728,67,1,2,-1,0,-1,4,2,4,82429,247174,242536,44426,75556,104150,21976,49865,25115,0,40321,15581,0
22214,22,3,1,4,-1,-1,-1,2,0,15039,10690,4345,7036,12098,11490,1253,3029,1603,1305,1603,4451,1
15181,52,3,2,0,5,0,-1,0,0,2196,4535,14753,9954,6580,2656,314,1595,7040,4767,2389,231,0
132718,52,3,1,0,-1,-1,0,0,3,80949,18423,67963,52560,69182,94273,17715,0,8301,17312,17016,36667,0
135373,40,1,2,0,0,0,0,0,-1,34748,36262,89832,42242,52651,62938,10911,13616,11332,3306,550,18249,0
164760,57,1,2,0,-1,0,-1,0,0,33382,117437,31968,37486,109368,83211,1962,28863,2735,28643,23207,14138,0
57336,43,2,2,-1,0,0,-1,-1,0,32858,15461,23125,24624,15278,25303,0,3643,4714,9698,722,2280,0
22826,44,1,2,0,6,0,3,-1,0,11502,721,15969,1824,9214,6206,1280,129,4577,656,2112,0,0
36717,44,3,1,0,3,6,-1,4,2,7100,15288,21802,8515,1059,20761,1473,1001,649,991,377,7129,0
20445,64,1,1,2,0,2,0,0,5,16034,1025,20445,7096,8243,2396,4656,289,4032,866,111,0,1
59506,55,2,2,0,-1,0,0,0,4,57204,23779,27040,12906,6436,28331,12664,9827,8549,5773,1571,15986,0
57875,41,3,1,5,6,5,-1,3,3,0,36425,31039,25113,49642,39254,0,9011,8707,1604,7665,10880,1
81118,71,3,2,5,5,6,2,0,3,28068,30926,13362,13220,40709,56848,1881,15843,0,4285,0,21518,1
45528,64,2,2,-1,4,-1,0,-1,-1,25533,27603,16299,12259,19845,19263,9185,6243,6759,3070,0,7101,0
62429,71,3,1,0,-1,-1,-1,3,-1,8973,45141,58070,17716,29784,29858,1584,10072,10457,658,7426,3372,0
33302,60,1,2,0,-1,-1,0,-1,-1,7877,2197,21637,4387,20278,1526,2263,0,10372,748,6319,121,1
106223,42,2,2,3,6,-1,-1,0,0,17232,96178,79696,13624,92077,25611,2794,10477,18772,3118,12558,10279,0
117728,62,1,2,-1,-1,0,-1,0,0,15577,73299,65610,87651,67636,82556,1790,45840,27144,37667,0,0,0
18090,38,4,2,-1,-1,-1,4,2,-1,8760,8177,13841,8469,4373,8518,3139,5228,1272,1180,1508,1215,1
52449,35,3,2,-1,2,0,-1,-1,-1,13515,18863,5861,21744,28200,34479,5093,6468,951,4552,16081,2987,0
164102,45,1,1,6,0,0,0,0,-1,41120,127049,42846,57658,54012,30442,0,14094,17363,5783,6754,10791,0
73085,73,1,2,-1,0,0,-1,0,6,25635,20276,40696,33853,38740,23607,0,8708,7346,14830,7663,2228,0
25386,51,2,1,-1,0,-1,-1,0,0,8613,5609,2559,5041,10683,8780,2366,2728,311,1972,2157,2051,0
79116,41,1,1,-1,0,0,-1,0,-1,19022,49217,52796,28477,5143,11714,1435,0,17946,17444,478,4213,0
53385,45,3,2,4,5,0,0,-1,4,42220,35403,32391,19896,31934,18256,5039,25152,4376,12958,438,2113,1
35328,36,1,1,0,2,6,0,0,0,8498,16156,13775,17147,17737,11567,796,5211,2307,4238,2882,0,0
21892,56,2,1,-1,-1,0,3,3,0,0,9231,14151,4945,4085,190,0,2354,4510,777,1228,57,0
74406,39,2,1,0,-1,3,6,6,0,28169,44724,20338,52266,20755,8867,8634,5042,9103,0,9457,2063,0
94717,50,2,3,0,3,1,1,1,0,27021,34927,19728,8678,27176,30051,15629,13183,2145,2888,3405,261,0
383186,40,1,2,-1,6,-1,0,-1,0,154065,196644,192224,320512,201281,113260,104224,18284,0,167172,36619,43651,0
58448,38,4,1,-1,0,5,-1,-1,4,20771,29352,13931,23073,16000,31271,8407,5668,1110,3150,3072,6996,0
18633,73,2,2,-1,-1,-1,6,4,0,5185,9186,10431,1169,6225,5328,639,591,5561,238,1437,1148,0
250653,39,2,1,-1,0,0,0,0,-1,110603,42533,137367,100314,138802,18899,51527,0,13767,55177,79784,0,0
114004,24,2,2,-1,-1,0,3,6,0,14758,66307,62606,12510,37162,10013,1190,13724,20647,8073,26077,222,0
10000,41,3,2,2,1,2,1,0,3,5674,4895,3538,3876,4489,4586,2334,1183,1049,772,2222,587,1
15049,49,3,1,-1,-1,1,3,1,-1,4972,6791,4049,6964,3240,2222,659,1471,0,4746,229,582,0
33082,26,2,2,-1,0,-1,-1,5,0,17168,10693,4076,15106,565,12356,4830,663,624,2544,297,3717,1
95844,37,2,2,0,-1,1,-1,-1,-1,33655,31459,60630,28397,45034,71533,25782,0,9899,2886,24916,11387,0
10000,29,3,1,0,0,0,0,0,1,5400,567,6235,1404,6188,7280,1940,122,1702,151,2882,1754,0
62391,48,1,1,-1,-1,0,0,0,0,32611,53059,7390,48122,24318,26183,3196,7364,4331,9742,0,6907,0
91568,60,2,2,-1,0,-1,-1,0,-1,32754,19177,8329,50998,35446,48607,14221,3346,686,10579,9896,22499,0
10000,73,2,1,4,0,0,0,-1,0,3167,2232,8120,5474,7211,413,0,638,2714,0,1202,134,1
89090,42,2,2,3,0,0,0,2,4,24822,30540,18550,41845,30429,20798,5394,8246,12272,5877,0,443,0
68657,67,4,2,-1,-1,0,-1,0,-1,56550,39521,45174,46046,12471,13699,17049,2499,8394,14963,3646,2768,0
17430,32,4,1,-1,2,0,3,1,3,9706,3615,8902,6813,3660,8155,2067,708,1232,2253,495,858,0
19484,63,2,1,-1,-1,0,0,-1,0,0,16566,4697,438,10889,3363,0,0,902,55,552,539,0
24591,51,2,1,3,-1,6,-1,-1,0,0,8951,11171,15070,12381,10596,0,998,729,3206,2996,3352,1
10000,61,3,1,0,-1,-1,3,0,-1,4136,3179,1969,570,1937,6549,0,1134,920,171,388,542,0
26433,61,4,2,0,1,-1,-1,2,2,13115,6941,20675,8597,16895,9250,7568,2901,11379,1353,10742,5362,0
58435,49,2,2,0,2,0,-1,2,0,26845,14040,0,30639,18572,16887,12039,6871,0,17743,7400,0,0
25874,34,1,1,0,0,-1,-1,4,-1,9780,5646,3645,9206,2598,4907,4083,0,1430,944,0,1396,0
149359,49,1,2,-1,-1,0,0,-1,-1,59314,40232,31905,82374,64858,107272,12790,14778,9391,4287,54458,18301,0
37248,65,3,1,0,4,3,-1,5,6,13564,16514,17346,13834,12760,23885,5435,1519,7158,2031,1924,2748,0
60355,73,2,1,0,2,-1,-1,-1,-1,46558,38496,24029,38011,52417,26810,10218,14698,770,2409,16170,7866,0
35539,71,2,2,0,0,6,1,6,2,7655,21062,11701,13678,16488,7449,1535,2558,5379,7291,1728,0,1
88826,30,2,1,0,-1,-1,-1,-1,-1,28899,44998,20032,66602,45006,29732,13455,19547,9775,16264,12514,12608,0
137647,53,2,2,0,0,1,3,-1,-1,78935,60090,79441,50317,75114,62788,21856,18342,46044,16924,43513,0,0
35382,26,2,1,-1,1,0,0,0,0,19870,13891,14923,5204,21243,23135,5012,5918,0,2396,5959,4706,0
90113,57,2,2,-1,0,-1,0,0,4,30700,14229,41880,28422,6539,58505,19029,1993,3078,3496,0,12362,0
127273,74,1,2,0,-1,0,-1,-1,-1,6177,57444,69518,31703,26631,0,0,1223,22394,14502,13709,0,0
68479,23,2,1,4,0,0,0,-1,1,47663,49153,52506,30293,14563,21059,12090,16001,7321,9831,0,4497,1
187520,56,2,2,-1,-1,0,-1,-1,-1,101911,122055,97993,127589,20204,31733,18884,75388,0,13624,8208,5930,0
19189,72,3,1,-1,0,-1,-1,0,3,0,218,10875,5540,9558,8958,0,39,1176,1324,0,723,0
48983,66,1,1,-1,0,-1,0,0,0,30306,37690,7800,8197,24205,2685,10439,5394,1319,0,14131,657,0
26329,42,2,1,-1,-1,-1,0,3,1,4821,7013,3038,7714,7971,20607,1518,1669,0,0,1932,4314,0
122576,26,1,2,-1,0,1,0,0,-1,19160,35270,15159,111988,63216,23644,1687,1151,13519,10270,39251,7284,0
55187,70,1,2,6,5,1,2,1,0,30924,30361,48982,19444,9958,6608,17362,15687,24503,6172,5266,819,1
28096,70,2,2,-1,0,0,-1,0,0,8786,11165,7196,13250,11155,8556,2578,3655,1480,2218,0,1418,0
259624,52,1,2,0,-1,-1,0,0,0,82624,111394,177007,196952,117551,154927,10390,36535,9197,99220,61647,0,0
145936,73,3,1,6,0,0,-1,-1,3,78984,91838,70789,119351,18644,55160,43328,24038,0,59902,5191,2800,1
26380,21,3,2,2,1,2,0,-1,3,11947,3034,7902,8644,7455,13173,2519,1235,1145,3881,1513,2560,1
22983,54,1,2,-1,-1,-1,-1,-1,-1,11373,9147,6923,9819,11453,18448,2588,1888,1875,1032,530,868,0
152380,23,3,2,-1,-1,0,-1,1,3,43573,84836,49936,53490,74063,78091,3179,0,6173,40171,5892,10340,0
71437,71,2,2,0,-1,-1,-1,0,5,35921,32645,4386,36372,32309,12708,0,0,1209,20705,18329,6838,0
68636,57,2,2,0,2,5,-1,0,-1,10133,13715,11126,27563,36128,17303,2717,2351,3564,3129,15759,1081,0
37321,70,3,1,0,-1,0,-1,0,0,25423,20777,25665,24196,4606,25747,9457,10391,8723,0,491,18408,0
25841,51,2,2,0,0,0,0,-1,-1,15924,4586,4073,8687,4513,11625,2457,2219,1807,283,0,4484,0
49308,25,1,3,-1,0,0,0,-1,0,37908,40338,32749,14038,20509,0,8515,7322,3780,939,13711,0,0
118024,22,1,2,-1,-1,0,-1,-1,-1,35789,31776,62561,19130,35276,27899,6934,5852,1815,7252,6773,1952,0
34267,39,2,1,0,0,-1,-1,0,4,22472,7946,11810,13643,11146,12632,2012,5208,3039,454,389,7130,0
48519,61,3,1,0,-1,-1,0,0,-1,7990,18155,20823,19027,37481,30529,6265,3463,16307,0,7690,3515,0
49547,29,2,2,-1,0,-1,0,-1,0,9324,17048,11367,17729,27508,14989,2149,5732,723,0,299,9804,0
21046,67,2,2,-1,0,-1,0,0,-1,9050,15081,2796,5319,5216,13001,1415,0,1524,3257,769,1795,0
251042,33,1,2,0,-1,0,0,-1,0,140415,105386,184009,86955,101156,17746,55987,52598,0,8137,30464,5597,0
55190,47,3,2,1,6,0,3,-1,2,29436,14575,35225,17286,13224,43384,15790,6879,11461,305,6193,28093,1
89410,31,1,2,-1,5,-1,0,-1,-1,12818,47735,35136,10999,5278,37209,3962,20795,9802,269,1399,10039,0
76421,46,2,2,-1,-1,0,-1,0,-1,26190,16665,21536,42712,43437,26069,0,8977,0,0,18376,0,0
11680,45,2,1,-1,0,-1,5,4,1,3747,3596,7732,2893,2669,4080,440,771,0,433,1514,1302,1
46255,21,1,1,-1,5,-1,0,-1,-1,25480,6178,10170,18328,27719,15957,0,1640,2069,9414,3883,4793,0
20224,51,1,2,-1,0,-1,0,2,1,13104,0,6451,6598,764,12359,1263,0,1957,1800,0,4382,0
54162,63,2,1,0,0,-1,0,-1,0,11552,8358,5772,34286,25098,25898,64,2056,1500,5717,2430,6295,0
89072,71,1,1,-1,0,0,-1,-1,0,16856,64079,32984,54317,31398,32871,6157,12055,6962,3553,12335,5172,0
54889,38,2,2,0,-1,0,-1,-1,0,9972,25260,26168,21851,12046,43120,4984,9459,1894,1761,6247,6454,0
125853,68,2,1,0,0,0,-1,0,3,31140,23585,40967,49318,22816,36866,8997,0,6587,19832,14480,0,0
20714,68,1,2,-1,-1,0,-1,-1,-1,2270,5655,14982,7250,5772,11419,459,1028,6676,2648,3502,1380,0
25863,74,2,1,0,-1,-1,0,0,0,15991,4123,1126,16396,11893,0,3463,675,201,4532,1503,0,0
95602,41,1,2,-1,0,-1,0,0,-1,8263,68321,32530,2582,42732,44476,3064,18872,0,216,7247,8819,0
84763,66,1,1,-1,-1,0,-1,-1,-1,11915,26017,9777,16177,44050,18115,1676,8099,1103,6576,6571,2283,0
17114,51,2,2,-1,0,-1,-1,0,-1,10780,8021,4852,4840,11077,10070,1896,4425,2323,528,5878,3624,0
127672,24,2,2,0,-1,1,5,1,-1,101331,50346,32677,65223,29750,92445,18396,17008,4689,23024,0,31696,0
168480,35,2,1,-1,-1,0,-1,0,0,56694,47593,112525,66982,89461,50130,119,5396,29650,12524,6045,22094,0
96465,57,1,1,2,1,0,0,0,0,70436,59232,41681,12624,38250,70100,10742,0,16618,0,5329,2295,1
14658,29,2,1,5,5,1,4,-1,-1,5627,6164,13851,2968,3951,10437,1917,2498,1182,1437,1213,3596,1
55702,44,2,1,-1,0,0,0,5,-1,14210,11478,17389,12846,23961,27563,743,0,3106,3472,0,2009,1
45053,62,4,1,5,4,4,-1,-1,-1,6965,35563,20465,8640,4326,19176,668,9528,0,4504,0,3789,1
39439,29,2,1,-1,0,-1,-1,0,0,30488,5772,14080,2809,23042,29799,2541,393,0,0,12164,7616,0
100822,47,3,2,-1,1,2,0,-1,0,77190,22281,57960,52832,47700,32822,39369,5916,15498,0,0,4284,0
62549,32,1,1,-1,0,0,-1,-1,-1,35404,42548,623,24062,16240,6142,6620,10163,51,0,6238,1732,0
263981,49,2,1,-1,0,0,0,-1,-1,150692,113391,81517,197338,44227,75569,26744,3508,0,15568,26167,6252,0
91719,33,2,1,0,-1,-1,-1,-1,-1,47890,22034,54438,25505,31831,40632,0,1639,9092,19058,11071,0,0
61136,73,2,2,-1,2,2,0,1,-1,24875,48100,31523,20441,32298,0,4602,8077,12224,0,0,0,0
102369,25,2,2,0,-1,0,2,3,0,26205,66363,78101,27482,36097,92148,1351,15944,48977,1178,5404,13248,0
166826,73,2,2,0,2,-1,0,-1,-1,24328,39549,58939,58209,81484,49556,4150,12057,7320,1662,11704,3658,0
70443,63,4,2,4,2,0,-1,-1,3,25991,51643,4819,56172,27897,38115,10992,22362,0,39673,20410,14569,0
64589,67,1,2,-1,-1,0,-1,-1,0,21168,39423,15215,31294,9476,30970,0,23623,1521,2864,0,12956,0
20239,66,3,1,-1,5,0,1,-1,2,5025,10580,8811,9814,12618,3242,287,2825,3704,2952,3919,0,0
19976,31,2,1,2,0,-1,-1,0,-1,8736,14872,11658,11328,5642,9583,3387,3079,2295,4198,329,949,1
10000,71,2,2,-1,0,-1,-1,0,-1,8056,0,2417,5124,904,6089,3869,0,465,0,401,1443,0
56352,53,2,1,0,-1,0,0,0,0,9466,13105,6857,4603,14345,16926,0,2411,2100,0,2151,2184,0
50328,72,1,2,0,0,0,0,0,0,23266,13447,0,34557,35327,31620,1812,4630,0,12538,3848,5402,0
26265,68,3,2,2,3,3,5,0,1,15917,2368,4835,15263,6191,21782,596,152,1532,0,1052,1068,1
78152,52,3,2,-1,5,6,-1,1,4,50670,35237,8319,7407,37443,21945,10052,7963,808,849,11419,1979,0
31371,41,3,2,0,1,5,0,0,0,3013,8046,12948,1900,11909,19372,501,266,8396,1029,1686,8606,0
156280,27,4,2,-1,0,-1,-1,0,5,70689,48539,43869,21288,49305,35017,0,12374,0,5940,0,8898,0
30993,26,2,1,0,-1,-1,-1,-1,2,16367,8561,18779,2637,15630,10323,11738,0,11158,816,3394,742,0
22544,42,2,1,0,-1,0,0,-1,-1,9015,9251,8739,11799,13165,8969,1019,3697,2127,402,212,1234,0
12546,64,3,2,0,-1,3,2,1,-1,1930,7093,3955,2573,7247,6668,244,1662,1441,374,2272,3513,0
122353,48,1,2,-1,-1,-1,0,-1,3,82026,40249,33482,79524,57178,51020,25419,0,13385,30503,0,17054,0
86207,47,3,1,-1,4,0,1,3,3,21992,7659,61085,17195,15778,15042,8883,2292,38551,1381,2539,2871,0
30469,34,2,1,0,0,0,0,-1,-1,1802,7770,9346,17251,14121,4728,139,2952,4680,6306,10966,504,0
20927,51,2,1,-1,0,0,0,-1,0,2648,2122,9352,4657,13777,7567,1340,492,4411,2628,1428,982,0
166744,55,2,2,0,0,6,-1,-1,0,92809,98635,41995,85494,31989,55650,45577,31150,11449,7137,5537,35815,0
15362,74,2,1,-1,-1,-1,-1,-1,-1,1518,9301,13242,0,6588,12204,44,1564,668,0,330,5711,0
153990,60,1,1,-1,0,0,-1,0,0,36735,19375,81518,27054,73126,77020,4468,12383,47544,3323,29620,21205,0
31045,53,2,1,3,-1,-1,0,3,-1,2905,13357,15154,14747,13211,18030,1579,3172,7324,4657,1828,3089,0
67351,70,2,2,0,-1,0,-1,0,0,17056,30118,20374,9444,38828,47124,1888,12307,0,4457,2029,2612,0
162431,43,1,2,-1,-1,-1,-1,0,0,116287,41128,129540,90497,54186,83717,18737,15154,83504,2163,12662,2096,0
100456,71,1,2,-1,-1,0,-1,-1,4,44499,55094,53213,19124,56506,36917,20739,15358,27897,2969,16624,15492,0
38707,40,2,2,-1,0,6,2,-1,-1,12878,13855,16282,18572,16965,5290,970,2553,5861,3315,0,0,0
209682,27,1,1,0,-1,0,-1,0,0,43224,42476,42450,152091,126222,130534,0,5588,0,84785,66818,0,0
43243,43,3,2,3,-1,-1,-1,2,-1,18588,12077,22746,5710,16743,18778,5020,0,920,1492,7037,0,1
1000000,27,1,2,-1,0,0,-1,0,-1,386674,556853,432727,659538,669853,482856,89033,184269,7539,121643,260449,9617,0
12529,27,2,2,4,0,0,-1,-1,0,4359,9866,7718,8277,6090,4040,1702,0,728,0,1433,1148,1
17335,68,1,2,0,-1,0,0,-1,-1,9053,0,9134,9576,8045,8924,3147,0,0,476,956,1217,0
108598,63,2,2,0,-1,-1,0,-1,-1,7545,52487,51432,32673,68537,26132,6110,11667,3401,2567,25082,8605,0
47791,32,2,1,-1,0,-1,-1,0,0,28460,17948,8557,19747,12122,9556,9110,4023,3888,0,3488,552,0
92418,66,2,1,-1,0,4,4,-1,0,46879,24264,50915,48318,41969,33410,0,1107,34058,9777,7545,1948,0
20359,24,2,2,0,-1,1,5,-1,0,13966,6291,16920,15699,16604,13025,2461,368,2098,9087,1769,2854,0
51190,36,2,1,0,0,-1,0,-1,-1,14677,26327,32537,14366,31733,19677,0,9307,0,2839,6553,7995,0
98945,59,1,2,-1,0,0,-1,0,-1,69039,24912,22916,41235,19855,54914,27045,8488,10703,4779,559,13926,0
31730,37,2,1,-1,0,0,0,-1,-1,24630,16992,11353,4316,5450,24446,0,11910,3268,1483,912,11056,0
59010,60,2,2,0,-1,0,-1,0,0,21795,13538,19499,3444,25042,30488,6829,1789,896,171,877,11621,0
16494,68,2,2,-1,0,2,6,0,-1,3381,5785,0,10147,10714,2582,742,3359,0,5345,2165,745,0
67228,24,2,2,0,0,-1,-1,0,-1,27598,8775,40362,11989,38107,13681,8349,5,7402,0,9461,6654,0
155804,22,2,2,0,-1,-1,6,4,-1,55185,68525,48538,121945,20548,85926,21828,35485,29839,50540,0,21393,0
18213,71,2,2,-1,0,-1,-1,-1,-1,6695,10925,7264,4760,17416,8072,1918,806,0,1704,0,1283,0
24297,49,1,2,4,0,-1,-1,-1,0,13653,5612,10546,6663,20777,1522,1561,1384,0,1360,6574,97,1
177799,48,1,2,-1,6,0,-1,0,0,52895,66871,26495,119162,72824,74257,11495,36075,636,15744,15270,0,0
23955,46,1,2,0,0,0,0,6,0,12931,10644,16332,20507,13236,1831,5508,5719,8536,8199,0,73,0
96036,44,2,2,0,0,-1,-1,-1,0,25347,45786,35738,72188,52245,24846,10712,0,9196,19326,6777,0,0
35868,58,3,2,0,-1,-1,4,0,0,10814,21136,9056,15068,20740,11842,1385,6029,5801,4320,1961,0,1
35092,52,2,1,0,0,-1,0,0,1,22318,10891,19015,12274,12306,16612,17003,3222,0,1301,3172,5290,0
158454,29,2,1,6,-1,0,0,4,0,18797,80291,42519,134924,35947,39366,11520,0,0,112512,3242,21631,1
144204,54,1,2,0,-1,0,0,0,0,10753,56516,25090,63521,65428,101385,5112,0,512,17080,13768,0,0
42920,57,3,1,2,-1,0,0,1,5,19803,18227,18941,23505,28936,10861,65,1426,5261,10155,8993,0,0
12262,27,1,2,0,-1,0,1,-1,0,11460,6488,5163,9410,5100,2059,4325,1987,0,4146,1402,728,1
86664,41,2,1,-1,-1,-1,0,0,0,40909,10825,38650,29160,38714,20466,10065,2086,3524,0,18449,10174,0
14568,63,3,1,0,-1,6,4,6,-1,5295,7521,6029,10588,8193,7714,1033,0,731,2309,209,1977,0
41064,54,2,2,-1,-1,-1,0,-1,-1,10422,1893,23147,14756,835,21542,3388,829,625,898,367,9152,0
69032,28,1,1,-1,0,6,3,0,0,43257,43547,14979,0,4046,21371,9626,19916,1008,0,0,6271,0
313105,23,1,2,-1,-1,0,-1,-1,0,187060,144862,58703,180128,138263,60960,56391,9381,6639,0,31606,30523,0
40030,52,2,3,-1,-1,0,-1,0,-1,6587,24929,12436,9604,18377,6152,0,18436,3979,5075,1413,338,0
21988,45,1,2,0,-1,-1,0,-1,-1,4374,6942,0,4604,6612,13613,1235,1128,0,2533,2113,2369,0
158849,72,2,1,0,0,-1,-1,0,0,94644,109389,80590,61422,42672,61991,8101,51094,33785,0,0,11098,0
87604,49,2,1,0,-1,0,0,0,-1,52910,7535,44862,28210,43214,26847,30992,1909,19844,2138,25416,3785,0
126355,71,1,2,5,6,-1,0,1,0,72514,42668,28004,78817,18845,65157,34793,4884,10909,5316,7447,5180,1
225755,32,1,1,0,-1,-1,-1,0,0,36436,154804,36120,14786,98251,101784,6314,0,3251,2671,40988,13300,0
136201,45,3,2,3,0,0,4,2,-1,26669,54808,114501,45979,54085,44154,5552,1285,7195,9244,15997,11225,1
24019,28,2,3,-1,0,2,-1,-1,0,10631,7861,18529,8589,6796,8328,0,1790,3993,1453,975,1988,0
16110,52,2,1,0,0,-1,0,0,-1,10276,4110,9527,5462,2877,6928,3805,838,116,597,2128,2639,0
96179,31,2,2,-1,0,0,-1,-1,0,30986,46823,75884,63112,36301,7851,8496,1588,8040,18823,3349,4003,0
55631,47,1,2,0,-1,0,1,1,0,30948,17824,22677,30191,12115,24041,5157,6541,15210,1915,2498,4737,0
42726,39,2,2,-1,-1,0,0,0,0,25120,7814,34003,19085,17225,27035,813,737,17103,3074,6566,8543,0
19983,31,2,1,0,-1,6,2,0,-1,3320,9438,3864,13778,8988,4859,825,1536,2507,1805,1190,591,1
78207,26,2,2,0,0,0,-1,5,5,21999,56240,13307,35106,13609,57397,2235,16142,6572,0,5178,23467,0
67623,48,2,1,-1,0,0,-1,1,0,25661,7151,2901,39903,47014,49539,14592,1737,607,3955,10128,0,0
30300,72,3,2,-1,2,-1,0,-1,0,16436,3022,7519,6143,14451,235,1804,1606,670,1770,1269,109,0
16144,31,2,2,-1,0,-1,0,0,5,16144,3930,1976,8505,920,3272,0,1081,175,1911,388,221,0
128968,42,2,2,-1,0,0,-1,1,5,56666,72109,41444,65726,25687,10826,17741,20429,0,11144,0,6846,0
60148,33,2,2,0,0,-1,0,0,0,25558,37002,12806,36588,15214,42228,1382,0,8488,0,1212,19321,0
119883,64,2,2,4,4,-1,0,0,0,60482,36949,71481,70479,73185,1895,13797,7831,2507,24463,27591,391,1
12759,43,1,2,-1,3,-1,0,0,5,5304,6279,8976,2384,313,3278,2629,86,2971,1077,35,878,0
51300,73,2,1,-1,0,-1,0,0,-1,16025,16621,29718,22197,36833,28184,545,4369,0,0,4008,4026,0
19337,34,3,2,-1,-1,-1,0,-1,1,6706,6760,9233,10313,1634,7075,704,2053,0,2577,493,0,0
70642,25,1,1,0,0,-1,6,0,-1,51414,28506,35814,16192,17069,19675,787,0,17642,0,5493,7157,0
72976,52,3,2,4,0,-1,3,5,1,9781,25253,26064,22882,27205,51210,1400,4538,7027,2531,2494,19504,0
46132,56,3,1,2,4,-1,-1,0,1,18562,32353,33416,36957,13663,37922,5643,0,1034,18269,2002,983,1
49736,74,2,1,0,0,0,6,5,0,33669,7120,27586,8903,6593,7293,2493,176,2875,3562,1036,2170,1
34667,68,3,2,2,3,0,0,-1,1,15168,25473,9731,30575,29020,20220,2530,5422,756,1729,0,9663,1
19705,68,1,1,-1,0,-1,4,0,-1,41,6826,6167,9126,12697,7792,3,2250,1217,0,4261,2441,0
33230,55,1,2,0,0,0,0,6,5,10550,7444,7061,7579,2622,29489,2795,2461,856,0,909,7739,0
168299,40,1,1,0,-1,0,-1,0,-1,16343,33384,68066,82802,125316,59461,1369,14357,33527,0,34468,0,0
32714,44,2,1,-1,-1,-1,-1,-1,-1,12456,14126,19894,3773,8555,717,763,3755,2272,0,2984,0,0
122068,28,2,2,3,-1,0,0,0,-1,34287,18416,70139,101440,60900,84146,22492,2218,3519,2045,12661,31123,1
66464,44,3,2,0,-1,-1,0,6,2,26050,21030,38878,28283,18177,6479,2937,2955,4042,7057,11098,1529,0
138667,40,1,2,-1,0,0,0,-1,0,20884,80176,19852,96244,35710,56411,2748,6809,2672,0,14770,3760,0
89572,22,1,1,-1,3,5,3,-1,1,65039,21915,11540,32529,17160,11401,29473,0,0,4551,3392,0,0
34585,32,2,1,-1,-1,-1,-1,5,0,7667,22973,23666,1383,21211,4075,2687,10064,4823,242,8481,924,1
60812,49,1,1,-1,-1,0,-1,-1,-1,46968,32485,37492,20307,14852,15338,4774,9746,1509,2199,623,2519,0
81822,40,2,1,0,0,-1,0,0,0,12956,33661,26633,14330,13233,16114,6498,13994,18289,0,2710,2322,0
10000,74,2,2,0,0,0,0,5,-1,1482,8327,6704,0,1832,199,257,3186,247,0,235,113,0
92813,46,3,1,0,-1,-1,-1,-1,5,24437,48403,12086,62813,69644,83537,5581,16019,0,21971,26945,32357,0
32856,72,2,2,6,-1,-1,4,0,0,4641,6079,17963,23505,14349,17861,362,1782,2629,5549,1404,3698,1
64051,56,1,2,-1,-1,0,0,-1,-1,8397,25188,13118,6751,24540,9666,2569,13291,3932,2543,3138,3389,0
64494,23,1,1,-1,0,-1,0,-1,0,29345,33529,6091,41685,25261,23505,6930,408,0,9338,5121,6021,0
66476,31,1,2,-1,0,0,-1,-1,-1,42396,28479,19640,14312,7225,20896,9078,4025,0,5886,350,1536,0
11996,59,3,1,1,5,-1,5,6,3,3772,3872,3016,8902,0,2539,462,251,2336,0,0,229,0
55347,50,2,2,-1,-1,-1,-1,-1,0,21970,11546,18659,15351,9705,24105,7603,0,4748,4262,2919,6087,0
78864,37,2,1,-1,2,1,0,0,0,35476,25515,41605,10806,55815,20613,1755,1944,6227,2630,12038,0,0
13371,49,1,2,-1,-1,-1,0,0,-1,4073,8340,3358,4153,12412,10688,1127,0,448,0,2929,2684,0
12121,69,3,1,-1,0,1,4,0,-1,2826,5914,1081,5915,5264,1215,579,3503,464,635,2689,272,0
140528,41,1,1,2,0,0,-1,0,0,37863,69835,34796,36358,56813,66599,4668,7327,0,16108,23631,0,1
86494,23,2,1,0,0,0,2,0,0,72364,31209,39108,39720,54168,51505,8659,18357,25065,17948,13193,11307,0
62254,37,2,1,0,0,-1,0,-1,-1,8886,28357,31902,28052,9695,23117,2379,9099,7038,14148,1720,12227,0
39765,71,1,2,-1,0,-1,0,-1,-1,5952,9185,15174,8032,10725,12256,30,781,2243,1206,0,956,0
86897,62,2,1,-1,0,-1,0,0,0,36754,65318,69491,39965,54348,58541,9521,7653,0,0,23032,8558,0
26216,66,1,2,0,-1,-1,0,-1,0,20913,371,5960,6667,14226,9604,3560,78,1727,4019,0,0,0
43920,70,2,2,0,0,-1,4,3,0,26861,24065,2253,14009,17081,24480,13865,12613,332,4014,5528,1064,0
12065,27,3,1,3,0,-1,0,0,2,6351,2333,104,9846,0,0,1603,1591,54,1623,0,0,1
43062,36,2,1,-1,0,-1,0,-1,0,22264,24405,9575,7807,31439,22591,1433,12886,5268,2390,17018,3801,0
15048,24,3,1,0,2,0,2,6,-1,3155,2443,0,4339,7440,8853,1528,189,0,1227,0,4106,0
89737,21,2,2,-1,1,5,-1,0,0,14402,24952,48206,19223,26414,23349,4232,0,1914,1041,192,6659,0
97053,66,1,1,-1,-1,0,0,-1,-1,84059,42913,31266,49138,36482,62744,0,17299,11098,22766,23997,13449,0
31055,71,2,2,0,-1,-1,-1,0,0,6166,9840,22460,3345,28621,21691,1828,887,6795,965,0,0,0
117270,29,2,1,0,5,4,-1,0,-1,48573,42580,37438,27883,54804,36260,12154,0,0,0,1429,12757,0
31933,59,1,1,-1,0,6,6,0,-1,1397,8060,0,7673,2059,0,192,1078,0,563,243,0,0
47656,49,2,1,5,-1,-1,0,2,0,26510,16193,42120,26665,14092,1287,8144,0,5674,13003,4198,288,1
29975,24,2,2,-1,-1,0,0,0,-1,19167,12497,13275,24573,15873,16272,3375,6138,3787,0,3543,2851,0
88778,70,2,2,1,-1,0,-1,0,0,32720,36095,28556,60279,17325,5461,7918,918,0,30931,0,0,1
114832,68,1,2,0,0,-1,4,0,0,5126,84579,84111,59139,89173,85734,2400,20877,2769,23810,6888,0,0
97235,51,3,1,0,4,-1,6,-1,-1,2230,45866,61631,32875,27513,12718,0,12683,34394,1362,20355,3803,0
52385,59,2,1,-1,0,-1,-1,-1,-1,23258,8333,21059,11134,10295,18425,0,5105,11159,8958,171,4282,0
10000,42,1,2,0,0,-1,-1,-1,-1,4559,6210,0,2884,6127,2297,0,0,0,424,0,0,0
48619,63,1,2,-1,0,0,0,-1,-1,10902,22684,10473,11889,14964,26056,1379,6867,0,0,224,4930,0
171477,45,2,2,0,4,-1,-1,0,-1,106493,14020,50121,70076,75503,42983,8371,0,11187,9497,43926,6581,0
37797,74,2,1,2,0,0,4,2,-1,9597,32209,13140,8082,10991,20177,3689,15886,2429,910,0,6622,1
10572,24,2,2,0,-1,0,-1,-1,-1,3711,3043,5370,3353,74,4773,339,0,2486,1182,18,1271,0
98315,30,1,1,6,0,0,-1,-1,5,48608,25418,45370,4056,38967,32673,0,1757,0,445,0,14456,1
74551,73,2,3,-1,0,0,-1,6,0,28916,47003,56817,39307,47867,48915,9451,20058,3446,115,35392,9834,0
27398,36,2,1,5,0,-1,0,0,0,18219,2580,7052,11864,16954,25228,1459,968,993,2823,4067,9212,1
56335,37,1,2,0,0,0,0,0,0,17986,28045,14517,26068,7683,30947,0,7419,5712,19224,0,17774,0
17421,63,3,1,-1,2,1,1,5,0,9374,4840,4256,478,1812,4956,5135,571,1835,0,1031,713,0
104248,31,1,2,-1,0,-1,0,-1,-1,14765,59454,55024,26933,31751,79877,1825,32194,9428,12135,2572,18660,0
71808,48,1,2,2,0,0,0,0,-1,9137,49918,26062,10027,58264,11421,0,25859,2143,0,16515,1405,0
19290,36,2,2,0,-1,-1,-1,0,-1,8209,14500,809,8106,6918,2705,3412,5342,300,1424,1742,188,0
48647,31,2,2,-1,3,0,1,-1,0,29902,22360,9666,9391,29874,10364,7529,2122,2647,1781,10385,4264,0
38179,73,1,1,0,0,0,0,-1,0,29755,4297,22064,16149,24461,11646,12250,833,4258,866,3648,1861,0
157762,31,2,2,-1,0,-1,0,0,0,80824,56544,96718,107362,67470,7413,0,18547,62727,36157,28958,0,0
140284,26,1,2,0,0,-1,-1,0,0,49536,16180,72403,43790,40487,85139,9809,6264,21255,5930,17023,37629,0
44452,57,2,2,-1,0,-1,0,-1,-1,31786,31401,31948,1444,19100,13244,20947,8647,6935,117,10462,0,0
52305,67,2,1,0,-1,-1,-1,0,2,23363,14356,20285,8697,18085,18557,0,9920,4950,0,1404,8124,0
77214,27,3,1,6,6,-1,-1,6,3,25409,20114,16666,45464,11072,3829,6841,1752,367,4053,1070,2026,1
42664,59,2,1,-1,-1,0,2,-1,-1,3311,3988,21038,15190,2498,19735,1165,430,2347,6054,1100,1742,1
89923,50,2,2,-1,6,5,0,0,-1,3409,48374,14657,34524,34204,8487,1297,16632,3849,2513,17389,1260,0
159836,65,2,1,0,0,-1,-1,-1,0,21082,85728,55982,91425,103763,74570,0,29651,22658,54409,0,14849,0
46340,27,1,1,-1,-1,-1,-1,2,0,12637,3828,13232,18435,14966,5176,5776,2680,7231,7057,10975,2620,0
256116,73,1,2,0,0,-1,-1,-1,0,91801,55717,49774,60780,90914,126154,35500,2838,32768,22629,12262,0,0
101459,54,4,2,-1,0,-1,4,5,-1,30709,41846,15335,15249,34278,69183,5771,14792,988,846,0,15957,0
83727,66,1,2,-1,-1,0,0,0,0,40034,35836,38812,28611,9801,19414,0,14866,0,4082,672,8069,0
34367,40,2,1,0,-1,-1,-1,-1,-1,16918,14264,13976,10105,4620,10822,0,12585,456,0,1245,3565,0
82897,71,1,1,0,-1,-1,-1,-1,0,48448,24209,18307,15989,16730,52752,13649,6910,3192,7951,5622,14021,0
40311,54,2,2,0,6,0,0,-1,2,16856,12320,15546,13991,13739,24372,561,8743,8212,1048,1652,0,1
36397,27,1,1,5,0,0,-1,4,4,5652,10180,10119,26103,9566,10217,0,1916,2957,0,5106,1244,1
52530,70,3,2,3,2,0,3,2,4,18103,0,19683,23309,0,14977,928,0,2955,2372,0,7257,1
21615,63,2,1,0,2,4,-1,-1,-1,4810,9990,6330,4250,4497,9209,265,1935,4115,2137,1027,1839,0
52345,37,1,2,-1,-1,0,0,-1,0,17980,8823,9655,28551,10994,26480,2603,1879,1568,7535,890,7836,0
37785,50,2,1,6,0,-1,-1,0,-1,13699,24461,8224,21305,18780,15157,3783,16089,419,2614,3051,0,1
16445,41,2,2,-1,-1,-1,-1,-1,0,3797,5735,6519,5833,7903,10258,1510,2054,1346,466,4284,5398,0
116221,50,1,2,-1,-1,0,0,0,0,81788,29220,45180,98550,66108,79403,43730,0,14065,45985,21664,15576,0
57170,73,1,1,-1,0,4,0,0,0,12808,5415,17545,19100,25686,37267,1536,1617,340,1280,7795,264,0
138562,69,2,2,-1,-1,-1,-1,0,0,62804,18347,70032,102705,44401,14302,16194,565,7816,0,27613,6693,0
40306,32,2,2,-1,0,-1,-1,1,0,13363,34055,7705,12586,10541,32492,9188,3832,1534,772,295,21709,0
49572,73,1,2,0,-1,-1,0,0,4,22219,5121,28474,12937,20580,34114,4151,189,14792,0,827,1401,0
16640,44,3,1,-1,-1,5,-1,-1,0,5425,5421,5705,8095,7809,5188,175,1530,2423,1545,354,1565,1
70805,59,1,1,0,0,0,0,-1,-1,3307,32897,9144,22265,29475,42496,788,8832,123,2559,2110,9146,0
71126,62,1,2,0,0,0,5,6,1,12370,11509,22353,14604,11532,25210,0,3301,547,9213,1386,7533,0
88735,47,2,2,0,0,-1,0,-1,-1,22458,40867,59587,13319,53168,53478,10396,0,20859,0,11752,0,0
72409,45,1,2,-1,0,0,0,0,0,41248,6646,34907,30514,13084,53150,0,1891,0,1304,6142,1407,0
366445,45,1,1,-1,0,-1,-1,0,0,230142,87337,254602,183881,182360,306487,62157,27396,48029,24641,63941,196575,0
70613,67,2,2,1,-1,-1,0,0,0,13551,30296,49612,17819,44576,51762,7669,18989,0,330,10936,20523,0
31163,41,1,1,-1,0,0,0,-1,-1,13887,7784,14249,15516,9574,4650,6107,5045,2486,2552,603,629,0
29123,36,1,1,-1,3,0,-1,1,0,26031,7516,21663,15266,13726,11379,9751,2957,0,10105,0,949,0
75194,40,2,2,-1,-1,0,0,-1,0,40186,15727,40478,9510,17149,21761,0,2389,0,2046,2173,0,0
21705,31,2,2,0,0,0,0,-1,-1,5221,4947,10271,9264,6518,8402,1630,897,5457,981,0,0,0
55226,42,3,2,0,0,1,4,-1,0,17659,33644,30269,13635,23015,37186,3060,13610,0,792,7244,7118,0
100359,27,2,1,-1,0,0,-1,-1,-1,70382,15223,61914,37005,52517,39365,14857,4276,23840,23911,4878,15097,0
102313,25,2,1,-1,2,0,5,0,-1,48887,61167,44011,69945,73583,34255,33262,5608,18477,21463,3705,846,0
34239,60,1,2,0,0,0,0,-1,0,14769,12880,7810,0,15368,30285,7252,6040,1521,0,3285,6536,0
102454,25,2,1,0,-1,-1,-1,-1,0,54691,6399,46794,26052,52092,71449,15552,640,25980,2704,22903,21600,0
88835,51,1,2,5,-1,-1,-1,-1,-1,49178,56195,35642,20666,30477,29879,14427,22438,9218,11142,0,10791,0
42199,63,1,2,0,0,0,0,3,-1,17527,8673,7495,25394,10427,8459,9803,668,2621,14656,0,1605,0
30206,60,3,1,0,4,0,-1,-1,-1,14851,16797,4566,10078,20175,22209,4697,2928,0,1897,8495,3552,0
71469,45,2,2,-1,0,4,0,0,0,16077,37068,38903,30974,16326,21949,0,24755,8722,14543,3455,0,0
28615,31,2,2,-1,-1,0,0,0,-1,5051,8104,7778,1339,8706,17456,0,3088,3412,289,1608,2351,0
87374,71,1,2,-1,0,-1,0,0,0,50976,37877,67230,22638,55281,41646,20974,8767,0,13726,39093,0,0
218153,66,1,1,-1,-1,-1,0,-1,-1,59878,119968,156842,126816,64126,132223,0,43407,74474,5284,13668,16402,0
106005,54,2,2,0,-1,0,-1,-1,4,31046,24694,38292,60713,22412,39554,4255,5284,9342,19140,956,9813,0
52343,25,2,2,0,0,-1,0,-1,-1,41558,37580,29630,41001,25424,33032,20249,5769,4415,10356,7290,2336,0
59119,22,2,2,0,-1,0,0,0,-1,16775,36408,8318,30787,1225,9381,3241,0,3679,8805,0,1173,0
44623,38,1,1,-1,0,-1,0,-1,-1,16028,22501,28739,34068,4466,30328,942,2030,8083,2475,912,6557,0
45640,29,1,1,0,0,0,0,0,-1,21605,35462,11359,30865,20312,8543,9244,13488,1161,0,2269,6084,0
14331,67,2,2,-1,-1,-1,-1,0,0,2224,5704,4528,7090,0,2659,456,1743,1751,325,0,1217,0
59927,32,2,2,-1,-1,-1,-1,-1,0,12482,31461,29672,8937,8085,17948,0,0,5386,7007,3506,1456,0
118476,36,1,2,0,-1,-1,-1,4,3,57335,36616,46575,45693,32303,101561,11905,0,17398,4026,2803,21710,0
64847,73,1,2,-1,0,0,0,5,0,3467,30974,16607,35576,15696,39981,0,13357,5013,6208,1404,12561,0
34016,65,1,1,5,-1,-1,4,0,0,8104,17177,16178,27039,13941,9390,1466,1671,3821,1765,1286,0,1
72357,32,1,2,-1,0,0,-1,-1,0,47746,11018,5042,21893,11987,10338,11181,0,665,12272,4310,555,0
143402,41,2,1,-1,-1,-1,4,6,6,57730,40684,72340,67605,41964,41743,19391,1574,10598,12539,28725,8619,0
140766,48,1,1,-1,-1,0,-1,0,0,20126,58873,62271,95481,37252,51919,7382,17103,25042,33425,1699,7464,0
47878,56,2,1,1,-1,-1,-1,0,3,21308,31201,9456,20668,8927,21195,1050,3151,789,11214,4250,5646,0
252191,71,2,2,-1,0,0,0,-1,-1,165011,173519,47442,190063,6622,85050,46539,89545,11125,8093,1848,26847,0
297241,68,3,1,-1,-1,-1,-1,0,0,134152,195076,200573,73959,123647,54090,39448,19056,39082,14023,0,1513,1
23370,73,3,2,-1,0,-1,3,2,0,3131,8449,8984,6896,10833,6630,994,1245,2473,2196,4558,0,0
56374,23,1,1,-1,0,0,0,0,0,9571,23593,33652,23309,26072,13079,579,6222,5421,3946,9221,6391,0
119507,33,1,1,0,0,0,-1,-1,0,15272,74162,29154,99267,43883,92765,2359,7772,17982,9196,15934,40325,0
33060,51,1,2,0,-1,0,0,0,0,12797,27076,23673,13712,12429,8275,4004,2596,8324,4779,544,2140,0
96694,23,2,1,0,0,0,-1,-1,-1,62239,69884,48217,30075,43008,30245,8907,24249,21143,12027,7324,6121,0
74432,40,1,1,0,-1,0,0,-1,0,58745,33297,31992,9074,4827,20973,38660,4691,6443,2075,583,2759,0
65993,29,2,2,0,-1,0,-1,6,0,33910,19975,39421,38853,31285,8255,1084,5350,1376,16265,3698,1123,0
43309,71,1,2,-1,0,0,-1,5,0,18891,2641,29981,18285,27685,21850,3890,1406,7482,0,5346,6942,1
36545,24,1,2,0,0,-1,0,5,2,7616,11200,14413,14466,12953,6275,1306,4861,1714,798,919,156,0
10012,29,2,2,-1,-1,-1,0,1,3,3122,994,4189,1588,9830,2011,0,0,1415,0,0,930,0
160785,31,2,1,-1,0,6,0,0,0,127372,5902,123908,86767,65484,57935,66905,2166,22361,0,0,25413,0
104105,29,2,1,0,0,0,0,-1,0,37648,86237,80980,42474,71640,17555,7588,1376,14258,20071,7658,0,0
58806,51,3,1,4,3,1,2,4,1,29147,22607,9944,25276,10773,17042,639,2703,3429,8195,4632,6350,1
90683,40,1,2,-1,-1,0,-1,-1,0,51379,30421,28024,13516,42113,30080,2656,799,417,5493,22093,0,0
10862,70,1,1,0,0,5,3,-1,0,1864,8703,1610,1317,6832,4772,517,0,0,350,19,277,0
26879,35,2,1,0,0,-1,-1,0,-1,12262,6063,12779,3959,12671,19684,290,1575,925,1155,2429,5259,0
39940,50,2,2,-1,-1,-1,0,-1,-1,23756,5107,31847,30809,10631,20550,14390,1797,0,3917,2954,5774,0
20638,56,2,2,0,-1,0,-1,0,-1,2660,6229,8399,4320,8367,9660,296,3601,1603,1391,1344,0,0
17705,54,1,1,5,0,-1,0,-1,-1,11270,15196,8191,5926,4172,4586,0,7337,6037,1033,0,1535,1
15700,64,3,2,0,-1,0,2,-1,0,656,0,4673,12454,11903,2524,48,0,1405,0,2262,1374,0
71380,31,1,1,0,0,-1,-1,-1,-1,45836,26416,18694,34047,12531,32223,13640,8389,7515,6986,5079,11294,0
50996,48,2,2,-1,-1,-1,0,-1,-1,22118,25076,44294,28358,13826,5742,0,2742,3855,12444,2317,0,0
101317,64,2,2,0,-1,-1,0,0,0,40663,15696,26692,40313,55085,82747,0,0,454,10020,11385,0,0
178772,67,3,2,-1,3,0,0,3,0,41265,102344,35176,50505,106328,90381,4465,22671,7646,25770,13331,0,0
84847,54,2,1,0,-1,0,-1,0,0,40638,18167,15691,22275,43856,69027,27284,0,4977,6363,3518,17224,0
29818,56,3,2,0,-1,1,3,0,0,21562,5397,15681,9783,13189,22651,3576,0,2088,1484,3690,4436,0
289738,67,1,1,0,-1,-1,0,-1,0,41739,106410,217201,69177,95626,154329,12926,32445,57749,5305,0,27046,0
13828,54,2,2,-1,6,3,3,0,-1,4816,2066,5368,7729,3492,8157,2021,857,2688,2284,1168,0,0
10000,72,3,2,2,-1,3,1,-1,0,1600,2661,2592,6462,4003,2684,231,351,929,0,131,1471,1
24115,27,2,2,-1,0,0,-1,-1,-1,14393,2659,9911,11866,13506,7120,1388,61,1498,418,4821,2035,0
93877,39,2,2,-1,0,0,-1,-1,-1,84901,14151,34557,71262,27867,36527,19745,2550,19152,32328,19056,10110,0
39268,27,4,2,0,-1,-1,-1,-1,0,24685,8128,8452,27604,9200,2386,3505,1169,2426,4780,3350,361,0
27828,25,1,2,-1,0,2,1,6,0,17675,5489,12389,17036,9176,12263,3868,3046,2557,2073,1669,2650,1
27400,46,2,1,0,-1,4,2,0,0,9491,19032,2321,13271,18896,13946,264,8020,573,7067,3098,6763,0
12709,33,3,3,-1,-1,4,-1,0,1,1859,1301,2949,3705,4076,2067,863,182,912,160,1015,1062,0
12709,42,3,2,0,-1,5,4,3,6,1816,10560,98,335,4334,6654,903,1131,24,115,203,1704,0
118678,44,4,1,0,3,3,0,0,0,54695,55669,18389,56467,31188,53561,16495,24777,10325,8891,0,3894,0
30594,54,3,2,2,6,2,-1,-1,2,25304,9117,19713,7370,13068,11018,8444,763,0,1674,3328,0,1
282698,72,1,1,0,-1,0,-1,-1,-1,37368,157481,162256,83767,144782,178162,5812,27296,70889,12499,36550,53162,0
16836,66,3,2,-1,0,0,-1,0,3,8595,9329,5988,7161,5080,2857,801,823,307,3916,571,151,0
72613,41,2,1,-1,0,0,-1,0,0,35141,26350,33843,35735,30088,13861,21570,1949,7464,0,11765,2848,0
58786,38,2,1,0,5,4,-1,-1,0,36144,19141,26653,18706,29764,49076,13193,343,2253,1473,8106,24578,0
99086,62,2,2,-1,0,-1,0,2,0,23851,40194,22432,46339,38294,33810,14367,0,6397,3283,1121,5968,0
60092,27,2,2,0,0,-1,0,-1,-1,33052,33315,9086,18424,35775,29639,2628,1709,3193,1611,0,11645,0
107803,50,2,2,-1,-1,0,0,1,4,35550,51320,27421,45236,26983,80127,18429,0,0,31297,0,21361,0
53459,43,3,2,-1,-1,-1,-1,3,0,10973,5831,28204,34470,32497,25568,4945,1514,11671,19245,0,3867,0
28665,30,1,1,0,0,0,-1,0,0,11889,8350,12129,13614,10605,11965,2087,0,926,8291,0,4683,0
123333,54,1,1,0,0,0,-1,0,-1,27433,95759,67242,46085,59181,36678,2581,0,19970,13148,14709,10657,0
45139,38,2,2,0,-1,-1,-1,0,-1,14322,600,12785,17910,13316,14622,4546,0,2820,10768,2693,8778,0
36867,31,1,2,3,-1,0,0,0,0,1274,5747,26475,8089,28931,10275,99,2672,2232,2657,2930,4748,1
85406,56,2,2,2,2,-1,-1,-1,-1,22785,67549,62994,24124,73833,22901,1748,2603,14557,1816,40621,10644,0
143446,30,1,1,-1,0,0,-1,0,0,57635,61691,68772,34918,59449,57533,17265,13005,18799,0,2859,10670,0
33294,57,2,1,0,-1,-1,6,6,0,20108,4526,18944,5644,10175,24351,0,2190,14295,0,358,3034,0
51845,29,1,1,5,0,1,0,0,0,19574,5267,5117,10153,35265,25147,2359,2522,2566,6406,17639,0,1
22624,44,1,2,0,-1,0,3,0,0,20013,6825,11981,10115,11852,8175,6246,1091,527,0,2280,1556,0
11570,64,2,1,0,-1,-1,-1,-1,-1,7434,8926,2809,2601,5278,6180,2134,2806,141,0,1543,482,0
56535,33,1,2,-1,0,-1,-1,-1,-1,32361,26316,22308,22170,15070,29288,0,14766,742,5612,8164,11798,0
129329,62,1,1,-1,0,0,0,-1,0,27349,63143,59550,38374,27849,33807,0,488,0,11789,9529,0,0
43384,59,1,2,-1,-1,0,-1,0,0,32115,6799,13179,22160,21878,15197,12108,3976,2182,5944,8241,0,0
215067,69,1,1,-1,0,-1,0,-1,-1,101894,46422,67953,31085,120151,123591,8192,5092,6582,6886,20448,38727,0
41603,30,2,2,0,-1,-1,-1,4,0,3430,17372,13313,18744,4253,12340,1088,3542,2665,2631,2088,3348,0
58434,59,1,2,6,2,5,3,0,6,21536,5654,13429,23052,20792,24327,1316,0,1546,0,0,9705,1
38899,71,2,1,0,-1,0,-1,0,0,24246,3862,22282,7085,12380,27573,976,0,6407,3937,1760,4968,0
107503,62,2,1,-1,0,0,0,-1,-1,26708,36858,20561,39187,18049,29108,8883,0,9656,0,0,1856,0
22762,31,2,1,0,6,2,-1,-1,0,9390,3602,13410,12776,11057,6939,245,243,2875,0,850,0,0
44215,65,2,2,-1,-1,5,0,0,5,9871,15742,13216,13412,15139,27654,2575,1255,4210,0,11512,0,0
44292,26,1,2,0,0,-1,0,0,0,14898,20212,10472,5428,17120,13311,2791,896,0,797,5897,2688,1
21896,52,3,1,0,-1,0,2,6,0,8590,9118,8228,6418,2231,6915,0,3863,1658,1058,1541,2644,0
50419,47,2,2,-1,2,-1,0,-1,1,12140,37778,10858,26444,26481,16306,0,15391,951,11042,16995,0,0
62680,49,1,1,0,0,0,3,0,-1,31768,7660,18516,28675,14280,22707,6476,2128,575,5777,3057,4384,0
79591,49,3,2,4,6,3,-1,5,3,25796,50819,32079,45337,45541,3530,2506,31203,12276,19299,19829,721,0
48600,22,2,2,-1,0,0,-1,0,0,15395,17186,23686,17324,21561,30320,1158,4040,0,11084,0,13194,0
76420,48,2,2,-1,0,-1,-1,-1,-1,28402,32109,17529,25538,8945,4182,4266,5650,2825,3950,515,0,0
39400,71,3,1,-1,3,4,3,-1,6,15269,6100,31826,6922,7868,30336,305,2409,12712,0,0,4258,0
210971,44,1,1,-1,-1,0,0,0,-1,46002,54961,143551,63661,26565,23914,10552,1281,68672,38562,8840,0,0
26941,35,3,3,-1,-1,0,0,3,-1,19216,21601,18895,15184,9747,13257,8520,0,2168,6348,0,1986,1
38574,74,2,1,-1,-1,0,3,-1,-1,21437,19495,17229,7372,9903,12741,10391,5053,9463,502,3550,8597,1
88967,26,2,2,0,3,0,-1,0,0,69248,51667,64635,68634,66350,21237,17693,20060,9303,0,17703,0,0
53298,47,1,2,0,-1,0,0,0,0,18136,25497,14724,24374,26778,16188,0,10445,2267,5302,2857,0,0
102250,48,1,2,-1,-1,-1,0,-1,0,60930,12359,85491,90733,11865,40781,1804,321,45027,48621,1786,11088,0
222716,46,3,2,0,-1,-1,-1,1,2,68732,28838,139721,50942,63667,133659,14088,8572,38676,25795,20451,60488,0
31360,70,1,2,-1,0,1,3,5,2,20188,12367,17152,117,10183,9801,11468,0,10057,15,3863,1562,0
233703,43,1,2,0,0,0,0,-1,-1,57668,50687,88723,110477,121041,124660,15498,32014,13027,17874,33050,4976,0
33065,73,2,1,-1,-1,2,-1,-1,0,11790,1895,13192,14047,7010,4690,0,0,7202,3187,1364,0,1
142934,24,2,2,-1,0,-1,-1,0,0,75421,85102,112871,3732,24474,138676,0,35240,74807,0,2394,13697,0
118813,60,1,1,2,-1,0,0,-1,4,30519,94790,53903,41624,24708,63880,3403,39066,0,8579,10051,12746,1
79242,53,2,2,0,0,-1,0,-1,-1,44203,54693,25455,40734,29650,22817,15312,5139,14435,19141,6623,9329,0
43444,33,2,2,-1,0,0,-1,0,-1,22824,19517,25293,7461,14822,25213,6942,0,12618,2449,7187,3489,1
28083,33,3,2,6,-1,-1,0,1,3,12178,4405,15082,11120,20206,7847,2913,0,0,0,1121,0,1
38517,59,1,1,-1,-1,0,0,0,0,14155,6114,5236,19074,30189,21078,3665,1134,1873,3179,2810,6246,0
68974,55,1,1,0,0,0,0,-1,5,19194,32452,58232,45915,47520,9818,467,12580,32655,17162,13700,4655,0
42313,54,2,2,-1,0,0,-1,-1,-1,9518,21477,12837,10451,12109,16022,1095,7607,1832,2351,4845,3281,0
79960,23,1,2,-1,-1,-1,4,-1,0,20322,39235,20123,36311,33490,39431,7463,11633,10426,13528,5458,26841,0
15858,53,2,1,-1,0,0,0,-1,0,9530,8128,903,7812,5615,9001,3163,68,364,0,1442,0,1
69883,73,1,2,-1,0,-1,0,-1,0,36579,37023,18157,18112,16947,11105,2440,7274,0,7410,13532,1582,0
134608,21,2,2,0,0,4,0,2,5,100885,79112,63680,52726,50979,37376,27702,16964,15981,7978,29207,14432,0
73025,46,3,2,0,3,0,-1,-1,0,17335,18460,37912,31029,49554,56712,3867,2527,0,19498,0,12668,1
34951,47,3,2,3,0,-1,-1,3,2,13745,10907,18028,15630,1559,4683,1183,618,0,1742,291,0,1
266534,69,3,2,-1,0,-1,-1,3,6,22936,108740,121284,151048,48257,86051,6137,67686,60264,0,9357,30483,0
21621,36,3,2,-1,-1,5,0,0,-1,4264,18876,7963,18201,3444,6359,531,2565,4089,1422,1137,1802,0
45736,46,2,1,0,6,0,0,-1,0,0,28443,14615,3699,8265,23287,0,6366,6921,143,1314,6660,0
15361,59,2,3,-1,0,0,0,0,-1,8949,5643,9986,13712,10653,8509,3129,0,1623,2317,0,2099,0
24845,24,3,2,4,-1,0,2,6,0,13836,10906,5181,14528,14938,11583,4762,1253,221,0,3554,312,1
143426,64,3,2,-1,0,-1,4,1,-1,25931,13737,95975,77534,65199,69683,5836,9375,37725,13244,38125,13214,0
25615,65,3,2,0,2,4,2,3,1,19832,12510,2745,15282,14976,1324,5765,9827,2221,2810,7765,239,0
14439,59,2,2,4,-1,1,0,-1,0,11708,4777,6556,8555,6191,11143,3558,450,3998,2844,98,2384,1
137870,56,1,1,-1,0,-1,-1,-1,0,21851,41011,31701,60260,80398,29965,3531,15493,7370,12774,24119,5193,0
46849,61,3,1,-1,-1,0,1,2,4,8299,7046,27213,11272,26548,24814,3467,2482,0,6622,7074,5362,0
66692,63,3,1,0,0,0,0,-1,0,50118,15558,57719,16608,54639,34354,27890,8238,12189,3115,6600,9948,0
38652,69,2,2,-1,-1,-1,0,-1,0,24604,8089,14520,13332,11054,2098,1382,2447,960,2902,0,0,0
15330,44,3,2,6,4,3,0,2,4,4752,5477,4356,1605,4102,8771,0,3138,58,0,1220,2908,1
42323,45,2,1,0,0,0,0,0,-1,27723,22046,13877,11428,5564,27325,16224,0,0,4783,725,4027,0
53487,55,3,1,0,3,4,4,-1,0,8015,18044,39693,20511,20710,0,800,6666,2133,5038,5682,0,1
64770,31,1,2,0,0,-1,-1,1,0,36358,29256,27649,18208,10982,39938,5914,1395,2084,3524,1024,5289,0
46802,67,3,1,-1,3,1,0,-1,0,4221,23846,7460,29296,2122,21776,726,5670,0,10032,82,7662,0
44668,62,1,1,-1,0,-1,0,-1,-1,22634,28123,14079,31629,10372,31812,737,3085,3254,3870,5658,2094,0
96427,55,1,1,0,0,-1,0,-1,0,40092,19718,15126,12896,59319,30434,16359,10586,5831,2939,18232,6387,0
68463,37,1,2,0,0,0,0,0,0,36271,19248,29995,9796,13958,15001,10115,7174,5041,1244,1082,0,0
27869,39,2,2,-1,-1,0,0,0,0,6810,23716,15353,17724,17985,6671,1061,0,4095,7108,10857,5163,0
76759,44,1,2,-1,-1,6,-1,0,0,18657,32723,8920,62802,31412,36480,5370,3565,0,11439,2162,4386,0
25184,56,3,1,-1,1,-1,-1,-1,5,6580,14894,6622,15990,3672,9055,1806,10973,956,1986,1973,1326,0
80316,63,2,1,0,-1,-1,-1,0,2,12965,63204,65509,6742,21894,24920,2107,13861,5376,2473,12372,2253,0
68999,57,3,2,1,1,0,0,0,0,17768,18007,49234,11163,47993,20030,2274,8488,10661,2024,6802,4529,0
102508,71,1,3,2,6,5,-1,-1,0,38851,61206,47274,3557,60579,78397,6265,25048,17205,1186,21333,40107,1
18554,72,1,1,0,0,-1,-1,0,0,10656,3437,4602,3807,8776,11850,2096,817,1919,907,0,636,0
22656,59,2,2,0,0,4,0,0,0,11475,10289,3889,12438,9635,4392,5145,1558,1074,3562,2926,0,0
29458,41,2,2,0,0,0,0,-1,-1,14878,12101,11161,13388,20320,9476,3099,1041,4115,4501,11181,276,1
25924,53,2,2,-1,-1,-1,-1,-1,-1,16059,20825,5192,17997,25043,7186,1140,0,3332,15079,0,0,0
31752,43,2,1,0,0,-1,-1,-1,0,5222,15641,11824,13301,16395,14708,2815,2201,4687,0,3192,2397,0
71935,54,3,1,-1,0,3,0,0,0,52382,34572,13083,25843,7287,36272,5258,13621,2306,0,730,17169,0
85727,64,2,1,0,-1,6,0,-1,-1,11905,47457,55030,44287,16327,22488,0,0,0,0,675,1107,0
24446,40,3,2,-1,4,-1,-1,3,3,7434,7317,6425,6999,6629,5669,2269,979,1139,1136,68,0,0
78702,48,2,2,0,-1,0,0,0,-1,7035,32778,36860,28553,52005,24721,3005,1279,8458,12885,7982,2141,0
63772,23,2,2,0,0,-1,0,0,-1,24886,49159,38406,9255,35531,24487,0,30142,5156,4356,6360,4730,0
47748,60,2,1,-1,0,-1,6,3,0,24309,19146,13434,26992,28915,16524,2850,4534,2832,17720,0,9280,0
171965,47,1,1,0,-1,-1,0,-1,0,69936,19751,73905,60656,97180,67119,40535,10224,51176,17114,25381,21832,0
40434,45,1,2,0,0,0,-1,-1,0,7151,16009,20869,34358,13625,11407,0,8013,9380,20758,1049,738,0
51134,49,2,2,-1,6,-1,-1,-1,-1,4987,30227,9282,13820,6798,38249,408,5441,3472,0,4216,11034,0
21148,32,2,1,-1,0,-1,-1,6,4,12328,12757,6302,6885,14666,9736,6084,855,370,1516,6066,1764,0
30764,53,1,2,-1,-1,4,-1,-1,-1,10864,5030,2157,15064,16234,17976,6051,1086,579,0,779,5905,0
16504,61,2,2,0,0,-1,-1,0,4,3868,6253,6067,6137,8824,10894,281,0,0,128,924,6726,0
31187,39,1,2,-1,-1,-1,-1,-1,0,14833,11323,13826,9746,9538,23719,9847,2587,5071,2374,0,4880,0
73346,28,1,2,-1,-1,-1,-1,-1,0,13016,9852,21533,27592,25659,44076,4473,1398,3160,2849,5343,35293,0
26939,41,3,1,-1,0,0,-1,0,0,15853,14711,14170,14502,16516,14473,0,6476,1676,3433,5630,1376,0
39501,31,2,2,6,-1,0,0,0,1,17733,20400,12529,16012,29704,19734,3474,0,448,806,4183,0,1
54021,41,1,2,0,0,0,0,0,0,33551,18121,21844,36980,22621,29404,8403,1641,5254,0,2273,7309,0
202439,54,2,2,0,0,0,-1,0,0,174508,93294,104246,103330,128518,139511,59746,16905,2257,32747,33974,3723,0
19737,27,2,2,0,-1,-1,0,0,0,6875,10568,12862,2020,11711,5454,3999,705,2484,287,3054,496,0
18119,61,2,1,0,0,0,0,0,0,4397,9662,10964,3432,8754,6283,2169,2937,2972,1400,1795,955,0
17448,33,3,2,0,-1,-1,1,3,1,11552,6691,4234,0,1731,4456,0,4554,622,0,135,803,1
46280,69,2,2,0,0,-1,0,0,0,4692,7143,20202,25654,24865,29841,2601,1424,15770,942,0,17530,0
73999,60,2,1,0,0,2,6,2,2,29840,24966,59790,40557,31904,23216,8094,2689,11068,24098,1800,4976,0
80408,35,2,2,0,0,-1,0,0,-1,20990,7525,17946,23517,30683,61136,2429,0,9682,15452,4367,11606,0
104371,51,2,1,-1,-1,0,-1,0,0,25168,77256,55988,30647,41577,20144,9632,19398,36217,2288,10046,3258,0
62936,26,1,2,0,0,0,0,-1,-1,49082,45609,23890,28788,27534,5379,19907,15634,2984,0,0,1146,0
49981,26,1,1,0,0,0,0,0,0,17199,29032,14730,35068,14385,11356,7242,7664,8787,8631,582,1149,0
126765,72,3,1,3,3,0,4,3,-1,25949,18145,110314,103758,61250,50088,2259,3297,18813,0,33726,6521,0
10000,64,2,2,0,5,-1,0,-1,0,6235,2257,4817,5749,4528,1057,3181,368,1538,606,0,207,1
51544,29,2,2,-1,0,0,0,-1,3,35682,36351,0,13759,15294,3285,4137,2082,0,1792,3937,1276,0
96807,36,1,2,0,0,-1,0,0,-1,13938,70748,46754,42249,27462,43111,5312,2589,9929,10371,14100,10469,0
153625,31,3,2,6,0,-1,0,0,-1,27623,121741,70301,43886,81026,9779,3240,38524,42605,8153,15696,1324,0
18178,42,1,1,0,-1,0,0,0,-1,8516,6146,16367,11260,8465,15900,1083,0,5536,5821,1275,5341,0
35027,36,2,2,0,-1,0,0,0,-1,3049,18856,31338,20200,13467,8781,1501,3365,10437,9103,7683,607,0
11582,38,3,2,0,4,0,0,-1,4,874,4150,977,4642,8933,4422,42,0,169,0,676,0,0
11630,49,2,1,0,-1,-1,-1,0,-1,9289,2889,2333,8609,0,6108,477,328,349,420,0,196,0
29135,31,3,2,0,0,0,-1,0,1,5703,11792,6807,11178,6701,3997,0,3960,3711,666,1758,926,0
133645,68,1,1,-1,0,0,0,0,0,16793,59592,40734,28473,88086,78523,2058,9713,30954,9203,24611,3378,0
128640,60,2,1,0,-1,5,0,0,0,55807,62525,8845,59408,23137,58318,9959,43838,2990,2947,1029,21867,0
22422,62,3,2,-1,0,-1,0,2,4,8879,7969,4554,16091,12743,3415,1449,0,1623,5948,7871,601,0
83551,30,2,2,0,0,0,0,-1,-1,7224,44226,52076,62478,55106,26136,0,14142,0,22764,17344,8924,0
41849,59,2,2,-1,0,0,0,0,0,27823,25492,2379,34858,14090,19774,3807,8774,107,9476,4311,1063,0
76516,66,2,2,-1,0,0,0,-1,0,15056,26515,31474,25133,30829,18155,4660,9648,5376,629,21322,8248,0
123448,30,2,1,0,0,-1,2,0,0,12781,67651,2377,80952,31265,38022,0,4553,0,18279,0,2602,0
29376,61,3,3,0,2,2,5,-1,0,8064,14703,16865,25864,3747,14836,0,0,898,11990,944,4605,0
116027,40,2,1,-1,0,-1,-1,2,0,66849,67071,42045,49852,34072,57604,35006,19315,0,19281,4713,0,0
13002,63,3,1,0,0,3,0,-1,-1,1792,8896,2793,3726,2929,6623,463,0,1667,2339,766,1854,0
82884,46,2,1,-1,-1,-1,0,-1,0,35148,38666,12382,20407,22622,9928,1002,0,3414,0,2946,0,0
112076,64,2,1,-1,-1,-1,0,1,3,70699,56305,27952,15501,29036,9782,16894,27966,7241,613,5167,7258,0
144442,28,1,1,6,3,5,-1,-1,-1,87754,83769,12211,60159,48345,46902,26819,46127,8065,45031,9730,12274,1
18995,42,2,2,-1,0,-1,0,-1,-1,13909,3607,4739,16961,4093,7710,0,63,1523,6702,0,1679,0
29105,35,3,2,0,-1,0,5,-1,0,4483,9436,19495,6575,18448,8545,0,2808,0,1698,5742,1098,0
62426,34,2,2,0,-1,-1,0,0,-1,28083,7254,15910,37723,18174,15910,0,904,10705,22453,3406,330,0
97822,37,1,1,0,-1,-1,0,-1,0,52328,11942,19521,14865,20548,34857,16516,0,0,0,3378,14461,0
53782,41,2,2,0,0,0,0,0,0,22375,23889,20164,28808,20769,17198,3846,2517,4514,6610,4341,0,0
153790,27,2,1,-1,3,0,0,6,0,136497,103452,50948,36826,39668,25245,43119,22014,12940,22719,13848,1391,0
12170,59,3,2,0,-1,3,1,0,3,5904,3117,3396,4590,2204,3419,0,89,520,1252,444,34,1
56628,50,1,2,0,-1,-1,0,0,-1,9368,19032,25637,18498,19429,36469,4450,1205,5681,2743,6951,11785,0
17787,65,1,1,0,-1,0,-1,0,0,4769,6316,628,6666,6161,5142,1279,614,132,1762,3821,359,0
80579,59,2,2,-1,0,-1,-1,-1,5,6983,31205,31200,33383,43095,32047,5491,0,6249,23014,13557,18008,0
106955,29,1,2,-1,-1,0,5,0,-1,35421,27156,32252,32584,16524,57881,0,8201,0,0,2474,16685,0
499922,24,4,1,-1,-1,0,0,-1,0,213608,252094,218437,281951,364762,92744,43122,0,26385,0,40035,23255,0
111422,43,2,2,-1,-1,-1,0,-1,-1,40856,15804,35922,29212,52611,33406,25632,0,1458,0,15875,21748,0
63901,46,2,2,0,6,-1,-1,0,-1,13401,37246,26792,46205,10900,16848,1960,12264,1763,25675,1551,3045,0
84152,33,1,1,-1,5,5,-1,0,0,6797,15997,55721,36298,5941,43346,543,0,17320,10352,417,6085,0
38052,63,2,1,0,1,-1,-1,0,1,27094,15744,7724,12550,25534,4823,6748,7571,2204,550,2687,0,1
38090,52,4,2,3,-1,5,0,6,3,21850,25367,7541,5510,12567,6435,9566,7888,447,822,6197,492,1
61144,61,2,2,-1,0,-1,0,-1,0,8028,8422,16169,40121,26513,26686,3027,0,3732,23938,3155,0,0
14252,26,1,1,0,0,0,0,0,0,3180,8953,2904,10011,6063,7698,750,3454,1267,2716,244,234,1
80338,65,1,2,1,-1,-1,-1,-1,-1,15736,33926,30203,60170,45179,58094,936,10548,480,19832,16402,17058,0
37202,32,3,1,6,6,2,5,4,5,29053,25622,746,15535,17357,12863,4940,7665,221,3478,1963,9021,1
139599,45,4,3,-1,0,-1,0,-1,-1,106768,13343,76208,41926,90847,54951,11337,549,43759,0,0,15408,0
61767,44,1,2,0,0,-1,-1,-1,0,27578,27826,37528,26826,24392,43468,1293,20435,317,4128,3998,13598,0
26570,65,2,2,-1,0,3,0,-1,0,2172,3864,10192,1484,18584,174,0,803,3611,664,1804,86,0
85075,35,1,2,-1,-1,0,0,-1,0,37018,64761,12343,13862,67271,51420,8380,4881,405,3371,12479,20359,0
52024,34,2,2,-1,0,0,-1,-1,0,41380,36372,10946,33385,11668,8655,13859,10498,5069,10168,1188,2468,0
61820,39,1,2,-1,-1,0,0,0,0,22573,33538,9855,7305,50580,15485,3375,8670,0,0,6926,2924,0
17620,40,2,1,-1,-1,-1,0,-1,0,6483,12482,7449,11539,4887,1807,1809,0,0,1975,2481,441,0
30288,30,3,1,-1,0,-1,-1,4,0,17455,3665,12811,5323,16923,8766,5329,1677,8190,2432,0,373,1
43179,30,1,2,0,0,0,0,0,-1,20236,7038,14445,15375,16811,18569,2022,4934,6765,1428,7385,696,0
41225,33,2,1,0,-1,-1,0,-1,-1,10074,19276,16179,29266,17788,10060,2554,3900,3178,18085,353,6151,0
123277,46,1,1,-1,0,0,-1,0,-1,46379,38657,51940,37867,45935,61992,20950,0,32422,0,5562,21716,0
40009,39,1,2,-1,-1,0,-1,-1,-1,33904,11968,10684,20568,25859,19213,8944,962,1744,9410,3193,3831,0
57496,42,1,2,0,-1,0,-1,-1,-1,36641,8866,14338,16337,10979,41335,5710,0,1697,2049,2186,3807,0
105813,59,1,1,-1,-1,0,-1,-1,0,53612,38371,61086,16896,40088,76063,23829,0,15496,4403,18668,15407,0
27661,34,4,1,0,0,-1,-1,-1,-1,1657,1984,9630,16531,8120,11699,206,427,0,1773,4270,1066,0
553391,70,1,1,-1,-1,-1,-1,-1,0,129138,208143,302239,191548,372618,177231,49244,100606,60354,20731,53627,56959,0
41873,61,3,1,-1,-1,0,2,3,0,15246,3101,26747,28258,19300,65,3409,958,0,9513,1998,9,0
25411,30,1,1,-1,3,6,0,0,-1,6801,15913,15327,3125,5248,8413,3374,3075,589,932,474,1377,0
25048,37,2,2,0,1,5,-1,0,0,15691,7137,19581,5232,19443,8754,434,0,284,590,7881,5235,0
23110,30,2,2,5,0,0,0,0,-1,10386,767,11820,15150,569,7160,3123,308,4693,0,0,2067,1
17735,35,3,1,-1,-1,0,1,0,-1,5101,12414,8455,2153,3548,8604,484,2030,6030,312,2441,524,0
105456,40,1,1,0,-1,-1,0,-1,0,57965,35691,26572,51493,57084,27811,8796,6367,0,0,30291,0,0
28318,28,1,2,-1,-1,0,3,-1,2,8029,8580,9993,6266,5508,7772,2534,3961,2906,638,1361,2818,0
37610,21,2,1,0,0,0,-1,6,0,13683,5118,11225,17684,11782,17636,9906,1089,1822,2714,0,2614,0
122295,44,2,1,-1,-1,-1,0,2,0,73864,67388,63584,62983,61273,69997,512,9997,26108,29895,5168,41642,1
32343,58,2,1,0,-1,-1,0,-1,0,5678,8818,16676,12276,8820,8886,1605,3639,3276,2152,6296,4516,0
117437,37,1,2,0,-1,0,-1,-1,-1,20142,19474,80464,75951,39801,44809,6218,0,23609,19097,29305,11019,0
17856,67,1,1,-1,0,0,-1,-1,-1,5960,9743,11897,10340,6824,5859,3320,2394,1999,803,738,377,0
25510,40,3,1,6,0,0,6,2,-1,10205,14986,13146,2399,14018,4249,3359,1837,2914,1161,0,1509,1
24130,69,2,2,0,-1,-1,0,0,3,5667,9561,8067,21742,9539,16955,1954,1841,1962,1258,391,3195,0
62306,33,2,2,0,0,0,0,0,0,25208,26369,39234,47179,41445,26527,4796,0,21106,16770,0,0,0
29990,50,1,2,-1,0,0,1,-1,0,12508,23533,14355,7104,13745,7213,0,370,6632,4752,0,77,0
359402,62,1,2,0,0,0,0,0,-1,171793,312044,70837,227245,237547,67304,13601,35935,3087,113206,93813,0,0
10000,24,3,2,-1,5,-1,-1,0,-1,8177,6379,4614,7409,3742,2757,1190,1206,680,3127,2571,1018,0
121616,71,2,1,0,-1,-1,0,0,1,44082,39867,91109,8851,46791,16817,20147,0,19219,1202,19270,657,0
138564,40,1,1,-1,0,0,0,0,-1,62832,35559,69891,62592,31292,44106,12757,13053,40395,0,9330,14321,0
43967,47,3,1,2,2,0,-1,0,-1,16760,12538,11329,14048,24782,15077,5084,7601,369,1889,0,9873,0
51202,54,2,1,0,-1,3,0,-1,-1,7584,34670,20601,17280,19312,26851,0,17564,4934,4509,2548,9667,0
302682,55,1,1,0,0,0,0,-1,0,90213,75364,149758,140687,103752,137789,17517,8464,0,50627,5076,38790,0
353900,22,2,1,0,0,-1,0,-1,0,196305,123860,43426,137559,71817,186403,68436,20823,0,19383,0,64841,0
41530,67,2,2,0,-1,-1,0,0,-1,14583,21068,6041,19624,4698,32041,4642,579,1776,3651,0,8838,0
55615,54,2,2,0,0,-1,0,0,-1,13788,12002,2526,15600,31814,10291,382,582,728,0,7595,2906,0
31510,74,2,1,0,0,-1,0,0,-1,16220,1697,20339,18842,12860,14457,3482,546,8235,2118,0,5211,0
19236,46,2,2,-1,0,0,-1,0,-1,7134,6593,14452,6416,7807,3461,1423,1901,5568,0,0,683,0
99405,54,1,1,0,6,0,0,-1,-1,43865,35729,57276,31187,44900,31509,0,2093,17844,5622,0,3746,0
41899,44,3,2,-1,-1,0,0,-1,-1,13228,23878,13104,3689,15864,13913,4285,1942,8177,870,3174,6533,0
13518,69,2,2,0,0,-1,0,-1,0,5432,3402,7656,3851,5858,2994,2760,951,659,452,1176,1975,0
70601,65,2,1,-1,0,-1,0,-1,-1,41985,26548,59386,41758,37992,6574,20020,0,19445,19122,7432,1425,0
61482,70,2,1,-1,-1,0,1,1,0,18940,22993,29990,38716,35020,8832,5350,0,14389,9967,3492,0,0
30303,48,2,2,-1,0,0,0,-1,0,3725,4589,21351,13460,2947,15317,0,0,1898,1107,1726,10156,0
28761,63,2,2,0,0,4,0,0,0,15086,11884,8604,7867,3679,10609,2254,6485,3183,4601,2160,4339,0
68804,40,2,2,-1,-1,-1,0,0,-1,41710,44846,41196,24881,9040,4562,8960,11269,12586,1228,0,0,0
124297,45,3,1,0,-1,3,0,0,0,83154,39999,30398,13401,83977,68418,24663,3845,6947,1078,3790,18814,1
67421,62,2,1,-1,2,0,0,-1,0,17480,20297,23357,31822,14751,8309,10242,1414,1890,21553,529,2445,0
64068,25,3,1,-1,-1,-1,1,3,4,27804,49994,36805,17837,47642,32868,2806,13420,22402,5572,19320,1536,1
35267,59,1,2,0,-1,-1,0,-1,0,8080,17196,22254,19525,18497,17951,0,2256,6826,5652,5904,0,0
35192,21,2,1,-1,-1,-1,-1,0,6,12809,26197,3521,19616,5371,23252,5117,5423,0,3351,0,0,0
79730,52,2,1,0,0,0,0,0,-1,29247,61142,28402,42795,50699,47324,6395,5693,0,20773,7518,3662,0
23151,46,1,3,2,3,1,4,-1,4,9660,14539,7044,6764,11600,10965,0,3975,2996,519,1875,1107,1
57858,46,2,2,0,-1,3,-1,0,-1,21908,27688,23900,39192,9120,29482,8743,2792,8941,0,2086,9209,0
101845,47,1,1,0,-1,0,-1,3,5,42381,42929,12755,21727,18781,60951,8763,0,5208,167,7472,0,0
66545,47,1,2,-1,0,0,-1,0,-1,27550,57772,16583,38953,17270,12001,6557,0,8749,18421,0,314,0
88607,42,1,2,0,-1,-1,-1,3,3,59093,66887,40944,50935,52232,62007,27486,26090,8491,8644,21250,7778,0
71878,45,1,2,0,-1,0,0,0,0,3757,9886,33394,13706,7779,50584,1106,4782,1944,0,1788,7348,0
41720,51,1,1,0,0,0,0,0,0,35567,9547,33377,18573,15522,21392,17694,7102,4235,3131,3733,879,0
19101,62,2,2,0,0,-1,-1,-1,0,9852,6744,2254,1544,2066,7870,0,857,0,480,234,1949,0
45603,50,2,1,0,0,0,-1,-1,0,33327,20916,6458,29271,19429,14762,940,0,707,7631,5920,3422,1
194867,55,1,2,0,-1,-1,5,0,-1,77223,4392,82225,56961,64068,92341,27162,872,23651,14480,16042,7751,0
155745,66,1,2,3,1,5,-1,-1,0,83520,129036,73916,47251,55458,43281,4166,67787,19445,17784,13266,10440,1
26031,74,3,2,0,-1,0,-1,0,0,1205,10237,9133,15332,12779,18201,503,2360,245,0,3100,2768,0
51204,26,1,2,-1,-1,-1,2,6,-1,11515,20541,43157,40244,28277,23552,0,7180,29166,0,3932,0,0
34483,59,2,2,0,-1,0,0,0,-1,12226,5405,17503,8631,15279,15671,3986,2143,487,145,7272,3453,0
34486,33,2,1,0,0,0,-1,-1,0,9914,13585,23524,7806,19156,15997,4882,3351,13657,2619,1724,0,0
61709,31,2,1,0,0,0,-1,0,0,17597,17065,19098,22738,25945,3418,2182,4300,8102,1151,0,173,0
79962,63,3,1,-1,5,6,5,0,-1,28030,21616,21539,58880,32468,25949,0,8469,3640,40191,13894,7129,1
299613,24,2,2,-1,-1,0,-1,-1,-1,88534,42688,91574,106733,222458,143334,46247,2204,24611,0,92293,34868,0
17666,66,3,1,2,-1,0,0,0,-1,10527,10851,17226,0,12509,11800,1129,5961,3655,0,0,2527,1
57772,62,3,2,5,1,0,0,0,0,31507,46459,4923,20247,599,18216,4997,8047,678,2132,129,1264,1
105909,74,1,2,-1,0,-1,0,-1,4,49752,99719,4901,29835,26123,83733,8634,35994,838,19316,6681,31549,0
52716,57,1,2,0,0,0,-1,0,-1,15567,17508,14176,43354,11824,21605,7599,0,3347,9264,4912,14948,0
30202,68,1,1,-1,0,-1,-1,0,0,2640,4129,5225,12643,12323,5779,932,1396,3318,4989,2211,1011,0
61101,27,2,2,6,4,0,0,-1,-1,32273,35344,24389,25283,20778,14427,5222,19416,5241,1004,3471,0,1
267240,69,2,2,-1,-1,-1,0,0,0,111755,97360,53874,111992,40682,74405,821,42850,24171,72449,4594,6161,0
85110,29,1,3,-1,0,-1,1,6,4,50565,70355,33077,52122,70533,10195,12580,0,3738,10509,17037,646,0
36559,37,1,2,0,0,0,2,0,-1,15081,19890,27179,4254,9211,13793,3272,12151,13563,826,4356,7979,0
43225,27,2,1,0,-1,-1,0,-1,0,28594,22447,12553,20064,28048,23873,3434,8199,949,13535,10846,6144,0
19689,42,2,1,0,-1,0,-1,0,0,4148,9968,5650,5735,12862,13037,1379,3559,742,2967,5253,4674,0
49752,61,2,2,-1,0,-1,0,-1,-1,29823,30318,34056,38497,5628,14395,0,11107,3653,15159,679,3934,0
59281,35,3,2,0,0,1,3,3,6,26422,9034,45242,17282,39231,16531,3859,1085,0,2072,0,3052,1
39434,65,1,2,-1,0,0,0,-1,0,8027,20424,23803,15926,4327,9189,2617,0,3998,3454,2337,0,0
10000,53,2,2,-1,-1,0,-1,0,0,4727,6312,7679,2035,9554,3190,1954,408,4178,192,842,1884,0
42822,54,3,2,2,3,1,0,-1,-1,16013,11959,6228,9965,10338,17698,2642,3924,0,493,2785,2790,1
32818,71,2,2,-1,0,0,-1,-1,4,21028,12981,7196,7163,10661,13414,6817,3685,2720,1506,8257,4103,0
26888,44,2,2,0,-1,-1,0,-1,-1,21694,11724,6695,22291,5264,7655,775,5987,0,0,2621,493,0
26703,39,2,2,0,-1,0,-1,0,0,9034,14154,19332,19079,9435,8144,0,4032,2612,1060,3751,2483,0
94530,74,1,1,0,-1,-1,2,-1,0,27476,5995,80843,20673,26789,55924,6739,391,20097,6288,14940,6805,0
24760,51,3,1,0,-1,-1,1,0,6,16374,12274,4629,0,13035,2436,7609,0,419,0,4445,181,0
103193,54,2,1,-1,-1,0,0,0,-1,48689,71641,13242,44997,35945,24131,17696,31677,823,2677,5128,5843,0
105025,37,2,1,0,-1,-1,0,-1,-1,13754,11795,74032,45062,78047,40310,3592,720,13010,5571,34977,17388,0
39477,32,2,2,0,-1,0,-1,5,0,13365,33023,8380,26489,19344,18607,1807,0,3265,12101,1518,959,1
32315,30,2,2,-1,0,0,1,2,0,19058,9463,15088,10767,1433,11549,6700,3839,3400,2443,27,1550,0
76011,33,1,1,-1,-1,-1,0,0,0,20484,15431,33160,54594,34088,28101,0,3372,10374,12540,10423,22821,0
43638,31,2,1,-1,-1,0,0,-1,0,12475,31148,27643,23887,18317,8004,90,3931,890,0,1082,1185,0
12064,61,2,2,0,0,-1,0,-1,-1,3840,0,11322,10880,597,4364,1131,0,6228,1766,132,2764,0
317348,24,1,2,0,-1,-1,0,-1,-1,55969,91408,164853,230232,121718,105759,5202,47885,63354,62870,0,8181,0
86809,54,2,2,0,-1,-1,0,4,5,37238,34169,51182,22631,29007,16520,6145,0,4714,11337,6721,884,0
23683,72,3,1,1,0,2,6,3,6,12896,14684,3457,8930,5352,8828,2370,0,1710,0,755,1327,1
10581,62,2,1,-1,0,0,-1,-1,-1,6657,2879,4927,6222,5852,1811,186,794,548,1886,1877,309,0
42431,42,2,2,-1,0,-1,0,-1,0,25195,24080,20605,30390,21014,4877,12026,6578,9013,4777,1067,1565,0
30626,24,2,2,0,-1,-1,0,-1,-1,8212,13642,20128,16808,9240,920,2976,0,0,757,920,624,0
46701,66,2,2,0,0,3,4,-1,-1,13332,10497,16703,17366,31581,26505,2493,5752,4304,0,6790,1607,0
10000,21,2,2,-1,-1,-1,0,0,0,1582,4802,6575,4532,3583,0,839,588,2159,1282,1130,0,0
23518,57,3,1,0,0,1,-1,0,3,2241,5512,2595,15993,7610,6691,0,1597,471,4990,0,503,0
49385,57,1,1,-1,-1,-1,-1,-1,-1,26000,17385,36876,19129,27339,28470,11796,3888,7983,1487,9704,8377,0
29422,31,3,1,1,4,3,5,3,6,8340,4886,20061,13145,5153,8134,3638,1110,6457,3626,0,5770,1
28406,60,3,1,0,0,0,-1,-1,0,13846,6557,24889,10693,9109,20164,4186,1620,6587,0,2358,1773,1
51113,30,2,1,0,-1,0,-1,-1,-1,23605,15247,26117,24111,30007,17957,11962,5898,3948,0,19878,11696,0
165535,33,2,1,-1,0,6,3,-1,-1,33087,109926,81959,45317,77200,72708,3423,13502,27186,8416,3051,44053,0
45454,64,1,1,-1,-1,-1,-1,0,-1,29734,14056,16482,11731,32373,25303,1444,2174,506,0,20277,19830,0
23648,73,2,2,0,0,0,0,0,-1,3885,7898,9359,10788,7255,2184,2943,2475,0,2587,3617,278,0
17233,35,1,1,0,0,-1,-1,0,-1,14029,8299,0,0,5571,9658,2585,1793,0,0,174,3702,0
45596,70,1,2,0,-1,0,1,4,6,21863,34791,26047,11283,4513,30202,748,6887,3342,0,1254,1331,0
11184,70,4,1,4,0,0,0,-1,-1,5760,3259,4632,4084,2715,5572,3397,496,176,620,1134,0,1
147938,62,1,1,0,0,0,-1,0,0,76790,23361,14125,64369,63391,49469,1593,12580,7336,6824,20934,0,0
45393,28,2,1,-1,-1,-1,0,-1,-1,28769,14127,8262,11474,1623,31928,0,1857,4355,2475,604,0,0
145516,37,1,1,0,0,5,2,1,2,13304,26772,58022,23742,38164,115332,0,1564,14871,10985,24051,10314,1
158349,57,2,1,-1,0,-1,-1,0,-1,71298,44754,75678,100338,86466,113255,14418,15468,33668,57399,18666,26425,0
24537,74,2,2,-1,0,-1,-1,0,0,6508,16754,12122,3224,13413,17267,1421,9083,2384,228,0,809,0
51978,64,1,2,-1,-1,-1,1,-1,-1,9669,19128,28197,10415,13326,12259,5577,2535,14002,2191,4532,2067,0
142251,43,2,1,-1,0,0,-1,-1,-1,17299,20534,66502,26720,85045,29220,3926,4261,38774,16380,44100,5705,0
39922,33,3,1,0,-1,2,4,-1,0,19321,13512,27898,12785,14713,24188,2622,3583,7373,1935,6927,0,0
74399,72,2,1,-1,-1,0,-1,3,1,55424,22420,7401,8603,29291,10601,0,10863,2461,0,4767,3843,0
78410,35,3,2,3,1,-1,0,-1,2,45053,28886,10292,5667,24608,29368,987,0,1396,933,946,6510,1
100429,39,2,1,0,-1,5,-1,-1,0,36917,38193,54076,39052,67231,22657,808,18073,27015,8500,21777,1955,0
68069,73,2,1,-1,0,0,-1,6,1,37961,33390,1434,44427,8706,20493,24957,3135,117,5206,4170,2798,1
209726,51,1,2,0,-1,0,0,0,-1,38530,13418,90413,77842,89299,87856,21162,2205,0,17198,19238,26861,0
64982,35,1,2,0,-1,0,0,0,-1,36564,47333,1626,27027,20606,4647,0,31202,29,0,2468,630,0
51992,21,3,2,1,3,-1,6,4,1,29991,16154,32012,42205,36853,24533,2694,0,4575,23055,10136,1863,1
42556,44,2,1,-1,-1,0,0,-1,6,13750,15201,21821,18544,28312,24845,4904,3578,6676,9936,7278,6184,1
110906,74,2,1,0,0,-1,0,-1,0,49054,60291,42235,10844,56459,20281,21099,15509,9961,674,0,6402,0
27984,44,2,1,0,0,-1,0,0,-1,4900,7070,10223,13686,4516,3632,731,920,0,7542,726,597,0
17857,58,1,2,0,-1,-1,0,-1,0,15785,7123,9209,4175,954,7431,6959,3741,0,1630,341,1987,0
82779,34,2,2,0,0,0,0,0,-1,56278,36218,50575,5762,72573,47555,20289,1230,7803,283,18242,17063,0
30344,62,1,1,-1,0,-1,-1,-1,-1,15874,17622,11243,15075,10292,8632,8296,5851,1633,6130,3318,0,0
14015,62,3,2,-1,4,4,5,6,2,3722,3486,9031,5064,8101,1672,2849,2598,3047,1939,3056,749,0
188794,53,1,2,0,-1,-1,-1,0,-1,75010,64714,114460,28190,110041,52697,9438,36063,0,4538,0,10089,0
148671,62,1,2,0,-1,-1,-1,0,-1,83241,115083,81656,76246,27905,3142,0,0,2163,28096,9710,905,0
37272,52,2,1,1,-1,0,5,0,0,6530,12704,17015,21279,7103,17331,1359,8059,5441,5205,1293,1059,1
10000,41,1,1,-1,-1,1,3,-1,4,3690,5456,4520,874,1661,4544,883,2072,1365,129,505,429,0
52570,60,3,1,-1,4,5,0,0,0,13112,37231,15836,13718,28907,42760,6438,3760,3184,7448,5606,27776,0
83283,66,2,2,-1,-1,-1,0,-1,-1,21582,47513,28806,54744,31433,46920,3361,3866,11775,28089,0,11728,0
103768,66,1,1,-1,0,0,3,0,-1,39076,34617,50013,19597,48259,76228,6485,0,0,0,11202,0,0
100022,32,1,1,-1,0,5,-1,-1,-1,44371,14185,79910,4859,83150,34334,11805,5529,12602,2757,40935,0,0
29679,57,3,2,-1,-1,-1,5,-1,0,6147,10560,17849,10403,9359,17303,1502,2300,3379,0,4406,7927,0
35299,21,2,2,-1,0,-1,0,-1,-1,1096,12667,10235,6791,5595,10728,389,286,1141,2657,1088,1813,0
14163,51,3,2,2,-1,-1,0,-1,-1,9050,5055,6981,9793,2695,14163,0,316,0,5639,395,3899,1
39283,51,1,2,-1,-1,0,-1,-1,-1,29831,28327,20213,15140,12816,15275,15959,9095,6356,10969,3635,4731,0
44378,40,3,2,0,1,-1,0,6,0,10055,34619,5308,26866,29196,16997,1837,0,288,2240,5645,11264,0
64237,74,2,2,-1,0,0,0,0,1,22549,30964,41206,31261,22635,9084,15407,6758,4750,2358,1609,3772,0
92213,68,2,1,0,0,0,3,3,-1,54785,44185,33411,19192,29397,54874,1371,11333,8094,1540,14376,10550,1
15912,23,2,1,0,0,4,0,-1,0,8323,2312,10304,6635,5646,10642,2856,71,3062,3755,1868,1520,1
18198,32,1,1,6,-1,-1,3,-1,-1,1542,4995,6072,8369,3966,98,409,0,431,1446,0,25,0
25325,32,3,1,0,5,1,4,1,5,15854,13200,2471,1912,10423,10444,9529,190,1536,545,1205,6053,1
15174,69,4,2,-1,3,0,2,-1,-1,2841,6708,6574,8567,2779,4153,696,301,2526,1339,357,1717,0
56885,49,2,2,-1,0,0,-1,0,-1,19738,21592,10806,25491,14838,49117,8181,1260,0,21091,3393,23866,0
12033,60,3,1,-1,0,-1,0,0,5,8178,3139,2505,1594,10455,3022,764,740,828,373,2732,643,1
176426,64,1,2,-1,-1,-1,-1,3,0,72379,147200,57838,95229,35728,57378,2996,55446,14490,53023,14748,19327,0
35554,62,1,2,-1,0,1,6,4,-1,21074,6117,4876,17059,16543,26680,8892,651,0,3834,0,0,0
245391,25,1,2,0,-1,-1,4,-1,0,66089,31442,132828,223169,144199,151867,9654,3014,15961,78792,18529,22891,0
74566,28,2,2,-1,0,-1,0,-1,0,31683,38565,13352,11205,35165,46311,9098,7797,3793,2575,960,14039,0
29504,42,1,1,0,-1,0,-1,-1,0,12577,8570,12713,13353,19354,10517,0,2362,7299,3377,4665,2946,0
261920,39,2,1,6,0,-1,0,0,0,94532,153026,149121,149234,110969,156136,25967,39308,50402,68969,0,0,1
84866,61,1,1,-1,-1,0,0,0,6,27086,10483,48452,45240,15215,48056,1815,4680,2052,24800,674,3582,0
55988,29,2,2,-1,0,0,0,0,-1,24684,46715,49586,8066,38237,39269,9202,4625,8123,1585,0,22049,0
32570,41,3,1,0,-1,0,4,3,-1,10550,27546,19142,6545,19232,18131,1751,5674,2197,3173,5576,3980,0
71199,33,2,2,0,0,0,-1,0,0,48350,30641,28247,13085,19572,31658,163,6137,263,9497,7641,2251,0
104486,31,1,1,0,-1,3,5,0,5,72380,10044,46032,52961,90641,22550,28717,2941,15852,41508,32662,576,0
24539,30,2,2,3,5,0,-1,-1,4,5925,8783,14061,7592,8180,11819,888,6309,0,0,1878,4846,1
57851,31,1,2,0,0,-1,6,-1,-1,31210,34922,41222,26368,24081,28195,4364,5903,4064,2272,6322,4343,0
53774,51,2,1,-1,-1,-1,2,1,2,26777,34099,14506,20011,18722,10923,4988,0,7074,4248,6038,815,0
78134,43,2,2,0,4,5,-1,0,-1,47878,11980,54693,49070,50413,44108,0,0,13960,6242,0,21105,1
79201,44,2,2,-1,-1,2,0,6,0,38146,19067,45404,32536,30242,27403,9305,116,3297,12002,11362,4343,0
78284,46,1,2,-1,0,-1,0,0,0,27721,16296,29822,23406,33691,5605,0,5637,6330,0,12319,752,0
22094,61,3,2,-1,5,0,-1,0,-1,113,2459,8978,3671,14749,21498,98,226,1587,0,0,12246,0
21206,67,3,2,0,0,-1,0,2,-1,6429,8093,10041,5835,9127,5444,1654,2329,0,1787,0,1029,0
18897,49,2,1,-1,0,-1,-1,-1,0,2797,9603,9638,4133,6548,12146,0,2284,0,1902,2024,5723,0
55127,55,3,2,3,-1,0,0,0,2,18755,32619,13365,26264,28203,23928,0,19144,0,10090,8696,0,0
20963,60,3,1,1,3,1,1,3,5,15180,7618,1103,6335,11644,7801,11226,3193,0,3022,2376,1787,0
58868,58,1,1,-1,0,0,-1,0,-1,20041,15622,46705,32728,23950,30421,3150,3336,922,0,6250,4736,0
59289,28,2,1,0,0,0,0,0,0,3900,23146,35019,20489,32325,26449,0,2666,3587,4962,11784,12071,0
68845,74,1,2,0,0,0,-1,0,0,12991,13344,30890,41949,23443,13374,765,6776,3781,5468,9642,4271,0
48801,29,2,1,0,0,0,0,-1,0,34918,32259,14456,3245,30142,19838,0,3836,1119,1273,6666,0,0
33273,43,1,3,0,-1,-1,0,0,-1,17641,18892,4747,24437,22494,151,100,2718,195,6930,6708,67,1
42549,56,3,1,0,6,3,-1,-1,-1,32911,29267,20154,14525,14467,11606,13040,15703,9296,4636,8249,2306,0
38167,42,2,1,0,6,0,0,0,-1,22615,12821,21912,30965,24517,9999,3660,0,15247,10424,993,3414,0
64045,34,1,1,0,-1,-1,0,0,0,36658,7202,23688,15293,22863,13706,19175,2881,7507,1946,601,1653,0
123794,70,2,1,0,0,-1,-1,0,6,28119,59586,33263,88124,59093,65034,15103,0,5037,0,0,29664,0
73442,24,2,1,0,0,4,0,3,5,18364,35696,36663,21867,50793,51288,5604,0,12185,12172,12458,36418,1
31050,34,2,2,-1,0,-1,0,0,-1,17595,14735,3601,0,18064,3204,3491,2708,302,0,11614,379,0
30460,74,3,1,0,0,-1,3,0,-1,17646,19296,8021,16267,23927,14495,5731,3339,2610,8640,11741,2424,1
246723,60,1,1,0,-1,0,0,-1,-1,186534,59790,139899,82400,21643,43962,19389,36518,40398,39618,832,17122,0
38334,25,2,1,-1,-1,0,3,6,4,23909,21954,20541,11532,31337,11528,13333,2340,6622,842,5097,3965,0
50610,61,2,1,1,0,-1,0,-1,-1,10036,37539,29203,29914,13550,8685,0,11158,90,12490,550,764,1
83392,73,2,2,6,4,-1,-1,0,-1,62740,7863,45707,28177,14007,27941,7725,519,12442,11818,3837,14540,1
58229,26,2,1,-1,0,-1,-1,0,5,32782,7827,7599,48198,31679,19234,6246,3730,1411,29597,2023,0,0
50930,43,1,2,0,0,3,0,-1,-1,13206,24713,12906,34589,22572,30989,3642,6484,5087,0,3273,7067,0
37863,46,1,2,0,-1,0,0,2,6,20892,18373,22602,28008,32451,14911,6237,0,3023,14084,1976,3679,0
48626,28,2,1,0,0,-1,6,-1,0,19003,4124,4469,19876,14608,27035,3400,811,1003,5730,3009,9041,0
58089,31,3,2,0,4,5,3,3,4,32929,14320,25261,18061,25008,18543,0,1813,8184,3778,6067,7016,0
197440,30,1,1,-1,-1,-1,0,-1,0,30379,107650,84512,77052,59658,59359,10457,51740,8833,14809,24120,13409,0
21251,31,1,2,-1,0,0,0,5,-1,7885,17049,4564,2374,12536,9677,0,2499,87,103,2771,2945,0
200832,42,2,2,-1,0,0,-1,-1,0,72697,30149,155575,161746,121275,94977,5030,7804,38163,48897,28616,0,0
27244,46,3,1,6,6,1,0,0,-1,15830,12189,13852,12358,16601,23145,4172,5280,4233,3921,7485,875,1
102730,33,2,2,-1,1,-1,-1,-1,0,34328,17340,46160,64676,38403,88583,515,0,2490,5610,14449,12919,0
38041,36,1,1,-1,-1,-1,0,-1,-1,26983,20599,19330,29785,18416,11971,15538,630,0,0,5897,0,0
13511,31,2,2,0,0,-1,-1,-1,-1,6058,1758,4501,4044,8532,7006,983,418,665,1932,1013,309,0
17148,63,2,2,-1,0,-1,0,0,-1,4036,4282,7565,4121,3212,7927,0,2329,2038,680,2039,4849,0
37617,32,2,1,0,0,-1,4,2,2,20295,8832,21547,25145,23381,11112,12210,4177,4072,6084,0,4324,0
104375,70,1,1,0,-1,2,-1,-1,-1,61487,79167,44460,32180,12841,42330,19800,50810,819,12835,2938,19380,0
70363,50,1,2,0,-1,-1,1,4,0,11226,21464,17512,23826,30152,14772,4612,5369,0,8757,5559,4891,0
56178,64,1,1,-1,-1,0,-1,-1,2,33707,19102,10161,7482,23510,18405,19446,6319,3012,2316,883,588,0
119900,55,2,2,-1,-1,6,3,-1,-1,66544,2295,78448,78582,60995,48658,0,64,2477,41021,1462,0,1
49098,35,2,1,-1,-1,0,-1,0,1,16122,9291,33251,27910,6198,18894,8368,549,14449,10597,620,1898,0
85845,53,1,1,-1,-1,0,-1,6,-1,42843,7016,18341,20423,33532,23891,1779,0,3619,0,11790,0,0
590557,35,2,2,-1,0,-1,-1,0,0,252164,293457,25411,273376,237210,184988,63842,0,10272,43541,40938,105684,0
48706,27,2,2,4,-1,0,0,-1,0,18098,15354,25756,2442,12954,23512,7481,0,6350,402,4096,0,1
39332,34,1,2,0,4,0,0,-1,-1,20809,22619,24552,128,12207,7771,2236,375,2582,42,4436,0,1
72024,35,2,2,-1,-1,3,3,-1,-1,13923,22499,41507,22364,27764,53685,7715,6519,15224,5751,8686,19522,0
88191,28,2,1,-1,-1,-1,-1,-1,0,25578,37401,42542,30342,41794,61901,6233,213,2355,15600,3460,9849,0
62366,22,2,1,-1,-1,0,0,-1,0,10602,3782,26623,60620,46152,21514,4367,324,16451,0,12285,5226,0
38904,71,3,1,4,0,0,0,0,6,33174,11804,19092,17894,15397,7124,11644,689,3018,0,0,736,1
112320,48,3,1,0,-1,1,1,-1,-1,34023,68923,23747,74541,18779,61317,16966,28915,2021,14984,0,6122,0
203265,42,1,1,-1,-1,0,-1,-1,4,131648,27107,73607,92583,97977,52650,3100,1148,7784,14949,73861,29716,0
62491,71,1,2,1,3,0,0,0,0,39200,36101,13933,19806,11178,22697,0,6911,3768,8885,3151,9307,0
41014,33,1,1,3,2,5,-1,1,0,37380,9002,26358,31389,7284,11342,10539,2181,0,7197,1648,3821,1
96745,42,1,1,0,-1,0,-1,0,0,41330,32301,44986,14933,56851,61926,29398,4814,6213,3818,4085,0,0
29161,66,2,2,0,0,0,-1,0,0,11878,12152,8058,4496,17500,2127,3705,90,2730,1522,8395,218,0
69665,55,3,1,0,0,3,0,0,3,35666,51938,0,35045,28585,17059,7211,0,0,11241,5792,4405,0
48173,42,3,2,0,0,-1,2,3,6,12957,8473,29506,12735,20504,20371,678,2039,9840,3108,9925,1229,0
580994,34,1,1,0,0,-1,-1,-1,-1,73724,221217,335531,150151,186079,277816,12258,72424,163549,57762,95913,99030,0
159314,22,2,1,0,0,-1,-1,-1,0,84470,12752,84478,81103,32002,33544,38537,724,44114,45340,4440,7143,0
28954,25,1,2,0,-1,3,0,0,0,13995,15425,12274,14302,17631,17877,97,7475,3971,0,4460,0,0
32369,29,2,2,1,0,-1,2,2,0,25018,4894,5527,14460,607,7324,8081,488,438,4412,121,825,1
14843,63,1,2,0,0,-1,0,-1,0,6323,9273,263,2034,5908,4541,40,1326,52,547,836,1771,0
10000,55,3,1,-1,-1,-1,0,0,-1,9000,2724,0,2359,0,0,3414,0,0,733,0,0,1
37585,44,3,1,2,-1,5,1,0,6,11347,147,0,15659,656,12709,585,115,0,0,246,0,1
26438,63,1,2,-1,-1,0,3,0,0,0,12585,1016,23743,12157,8446,0,0,184,8281,4058,1421,0
182216,29,2,1,-1,-1,-1,-1,-1,-1,47099,54082,112401,83032,67459,28624,9419,20272,20055,31725,14248,2592,0
123788,32,2,2,3,-1,-1,-1,0,-1,87624,53051,68508,65405,31473,50507,0,11888,39637,8301,5262,18904,0
39450,42,2,1,2,0,-1,-1,2,2,13666,13650,17923,13186,0,23413,5000,4120,664,1217,0,10087,0
37697,70,2,1,-1,-1,-1,-1,0,-1,9364,14560,24837,13859,22018,12567,2182,7389,0,5437,1077,1434,0
225205,54,1,1,0,-1,0,-1,-1,-1,106567,65349,56339,109174,48337,141600,22176,19172,0,0,9623,0,0
193239,66,2,2,0,-1,0,6,0,0,121008,40236,58853,80383,34011,84516,0,10318,10422,39981,688,8060,0
32545,34,1,1,-1,-1,-1,-1,0,-1,16587,29772,18912,20003,20481,7233,418,24093,2780,8002,3788,1345,0
20974,66,2,2,0,0,0,-1,-1,0,6619,5913,1587,1905,5921,11990,1333,0,1035,0,975,0,0
53938,24,1,1,-1,-1,0,0,-1,-1,31191,24673,16736,9448,10466,36824,7435,0,4686,1883,3037,7298,0
69213,33,2,2,0,0,3,2,1,0,38445,43289,22118,6599,21234,25862,0,18054,12092,2415,6643,5276,0
22751,49,3,1,0,0,6,3,5,-1,7931,3905,17698,5859,11292,8913,892,1808,901,2061,4550,0,0
98542,23,1,2,-1,-1,-1,6,-1,-1,21213,13126,13103,2988,33763,33876,3790,2496,9039,929,3587,5160,0
233336,67,2,2,-1,-1,0,0,-1,-1,34623,118023,45558,83175,47058,81981,15782,52110,0,26915,16356,8799,0
15917,67,2,2,-1,0,-1,0,-1,0,6162,7582,1051,11088,3896,6001,590,4806,373,1820,1043,186,0
48046,50,1,1,0,-1,-1,0,0,-1,24207,40016,19116,11137,20936,17735,2514,0,6573,2669,10198,4372,0
16161,37,2,2,0,-1,-1,-1,-1,-1,11584,5596,8631,2008,10576,10394,1242,541,2821,1278,2970,736,0
25102,26,2,1,-1,0,0,0,2,0,22208,24597,10413,10421,18696,2760,6223,9728,991,2250,0,751,0
38725,54,2,2,-1,0,-1,5,0,-1,23322,10633,11652,13350,11044,10416,4738,3677,1199,3160,2967,2423,0
19178,50,3,2,6,-1,0,-1,0,-1,8611,15972,3528,9831,5501,12130,3971,656,1018,2762,0,0,1
74308,62,2,1,0,-1,-1,0,-1,-1,36754,14861,38616,3149,13597,46171,0,0,14876,922,4697,8848,0
55313,53,2,2,-1,0,1,1,-1,0,25071,12200,5179,12535,21590,27216,15725,3683,1371,4039,7381,13019,0
87176,27,1,2,-1,5,-1,0,0,-1,7756,31034,47247,25056,64638,44872,3211,1751,20974,3758,8180,6451,0
53697,27,1,1,-1,0,0,-1,0,0,29131,13454,18635,21089,24905,5522,7662,3520,9255,3572,8367,1328,0
57802,63,1,1,-1,-1,0,-1,-1,0,17114,18971,30914,46133,8071,10466,3401,6295,1930,9578,5697,1452,0
25920,29,3,1,6,6,2,2,-1,-1,8921,9099,1681,6343,14369,5992,0,3614,422,0,5544,2869,1
28124,71,3,2,0,0,2,6,-1,0,19375,22608,4970,11789,15595,9938,6308,11513,2380,6602,7736,0,0
68542,26,2,2,0,0,0,-1,6,-1,15369,34114,32403,35911,50950,18619,0,2646,2351,13326,18645,3436,0
14730,60,1,1,0,0,-1,1,0,-1,10164,5310,5197,1355,4612,4016,7491,983,0,469,36,0,0
61719,73,2,1,-1,-1,-1,-1,0,-1,29919,24524,36045,27609,17670,13519,0,12755,0,13693,2406,6252,0
24465,44,2,1,-1,-1,0,0,0,-1,2946,14201,15758,13042,11038,11256,753,7815,6504,6955,6585,8459,0
37380,24,2,1,0,0,-1,0,6,4,5245,21413,23851,23451,16736,1634,3159,1317,3659,0,4795,71,0
19677,68,1,1,6,-1,-1,1,0,-1,11858,7821,12065,479,9475,15963,0,3720,1847,192,4930,8136,1
25755,31,3,1,0,-1,0,0,-1,-1,14565,7774,19457,11826,11653,6712,3445,881,5274,2024,6271,536,0
85714,49,1,1,3,4,5,4,0,0,56355,39898,54188,20577,27651,37403,4684,2219,9923,5049,12647,9624,1
98927,74,1,2,-1,-1,-1,0,-1,0,23207,32473,71295,38657,27938,93217,1283,26944,10681,1437,2856,0,0
13283,61,3,2,0,-1,-1,-1,0,2,4552,8179,0,2439,4104,2989,2578,1562,0,947,967,1505,0
67986,23,2,1,-1,-1,-1,-1,-1,0,13470,36186,4706,7902,33274,20706,0,20767,0,4340,10300,9119,0
122005,65,2,2,5,-1,0,-1,-1,3,85003,34232,48490,8168,83964,36182,14260,8926,32925,0,5046,0,1
33025,29,2,1,0,0,-1,-1,-1,0,5426,20093,7441,18955,21764,10761,2316,2108,1259,6208,0,2356,0
34339,61,4,1,0,0,4,-1,0,0,18299,3619,1976,3265,4256,17969,5577,763,212,685,673,5950,0
13116,54,1,3,-1,-1,-1,-1,-1,-1,8874,5595,7347,8877,4599,3487,1661,553,1907,358,822,640,0
23917,36,2,2,0,-1,-1,-1,0,0,9991,15345,5956,9274,10138,6350,20,1428,2308,3371,5277,873,0
85211,43,1,1,-1,0,0,-1,-1,3,29046,13237,11559,9759,40432,33039,3716,620,0,1807,16189,12539,0
147391,27,1,1,0,3,-1,0,-1,0,66199,48646,36347,15287,36279,55466,8678,22364,7675,7572,12727,7544,0
30350,74,2,2,0,-1,0,1,0,-1,16773,25874,26708,3683,2431,18251,4940,7053,5802,0,842,1408,0
414782,33,2,1,0,-1,-1,0,0,-1,124128,206968,202581,184811,247666,241444,14882,0,14813,120456,73435,0,0
88219,37,1,2,-1,0,-1,-1,-1,0,11036,58480,43200,36089,54039,16478,3536,8166,3351,18200,19615,2242,0
17699,48,2,1,0,0,5,3,0,0,11137,29,3750,9303,10228,999,194,5,459,2836,3581,524,1
137275,57,2,1,0,0,0,0,-1,0,25972,46536,31137,34957,49161,76124,0,16915,0,3264,0,15789,0
17991,48,2,2,-1,-1,-1,-1,-1,0,4739,6990,2613,3535,8675,3873,1328,1610,1189,775,2399,2363,0
63751,48,2,2,-1,-1,-1,0,-1,0,40990,36595,36693,52125,12857,9872,14183,5012,8808,20418,196,2243,0
16316,52,3,2,5,4,5,5,2,3,6461,7881,7747,4068,5853,3720,0,0,2513,340,2722,1391,1
16548,67,2,2,0,3,0,-1,0,0,10523,5082,7785,8098,6902,2699,1647,605,1416,358,85,129,1
105844,42,2,2,0,0,2,-1,0,0,59672,7780,57937,60260,45183,76571,19151,2495,6424,10144,23364,15906,0
39822,65,2,1,-1,0,0,-1,-1,-1,16822,21529,18468,7287,17263,6191,955,4559,8043,591,0,0,0
194957,63,2,1,-1,-1,0,-1,5,-1,56037,106191,72817,113580,76451,34776,3339,55318,58529,0,48290,0,0
30397,72,1,1,-1,-1,-1,-1,0,-1,26992,25324,9996,19708,23819,6254,4694,2838,6096,27,11882,1777,0
19707,70,1,2,2,0,0,-1,0,-1,12516,3528,1279,8970,5212,6933,3171,366,395,41,2937,2044,1
46757,64,1,2,0,-1,-1,0,-1,5,14124,30915,4228,18506,35611,11890,1780,10140,1681,0,19916,2631,0
495046,34,2,1,-1,-1,-1,0,0,-1,130622,193108,267911,106780,287422,140801,11034,58586,136652,16244,82843,32483,0
66866,62,3,2,1,-1,6,5,-1,-1,26948,53330,34044,16030,29121,48673,0,30074,5410,885,6793,0,1
76352,60,2,1,0,0,0,-1,0,0,25998,15390,14949,32315,20340,23092,12896,3554,4111,10750,3789,11400,0
78397,36,2,2,-1,5,0,0,0,-1,8723,4549,25064,39247,64909,46847,4934,1145,9723,11419,8920,0,0
33260,57,2,2,-1,0,0,0,-1,-1,9176,18534,5628,6985,10842,21315,2152,0,436,1175,0,0,0
435164,34,2,1,0,0,0,0,1,-1,210928,129730,182164,251535,76976,85347,92715,23099,27577,0,8885,23446,0
70718,49,2,1,0,-1,-1,0,0,0,35834,29192,30564,1546,15747,49903,5090,2767,5432,883,0,7046,0
65608,64,2,1,0,-1,-1,-1,-1,-1,25550,6839,14951,25452,39979,38841,3930,2678,4377,0,12600,1840,0
107784,31,2,2,6,-1,-1,-1,0,-1,30633,35473,14666,12803,43719,29314,7637,10034,8750,0,24023,8293,1
24782,39,1,1,0,-1,-1,-1,-1,0,6284,4848,7913,12453,13594,2075,3087,203,1693,0,6686,813,0
24258,63,2,2,-1,0,0,0,0,-1,5504,16273,12689,12621,7488,11593,1079,5264,2591,4310,223,1279,0
40279,45,2,2,3,-1,0,5,5,-1,28488,18930,9748,16828,14296,2812,3566,2981,1672,0,10374,854,1
108343,72,2,2,0,0,-1,0,-1,-1,42027,31276,10499,58515,50739,39311,10115,6966,1574,4289,11127,4729,0
12147,21,4,2,0,2,-1,-1,-1,4,3339,3934,6884,7512,0,8747,633,1078,252,2966,0,3072,1
46449,59,2,1,-1,-1,0,0,-1,-1,21709,22583,9994,18693,21317,23682,125,5956,6139,12469,3434,3705,0
41478,64,2,2,0,-1,0,-1,0,0,27268,24956,9377,16407,20663,25346,5539,9679,0,1340,3548,6655,0
19476,70,1,1,0,-1,0,2,0,-1,9693,2634,14865,11725,8453,7261,624,151,6468,0,0,3233,0
32625,29,2,1,-1,-1,-1,0,-1,0,15582,23349,14859,10287,12348,4521,3453,9237,792,5082,2065,1558,0
52951,74,3,1,0,2,0,0,0,0,19523,18021,26885,15885,0,13024,6360,2472,4019,3575,0,6412,0
10474,42,3,1,-1,0,-1,0,4,3,7288,5585,1625,2113,10474,3320,0,3438,507,262,2844,1070,1
106127,40,3,2,-1,6,1,0,-1,0,83792,17225,47375,43128,22810,40326,27323,9913,0,29567,11451,15964,0
99798,40,1,1,-1,-1,0,0,0,-1,60010,67442,59893,40059,12719,14029,25219,10242,6978,20403,3877,286,0
64654,55,2,2,0,0,0,-1,3,4,32313,10078,28507,37668,49869,11574,4065,0,3546,12403,18118,0,0
34540,56,3,1,-1,0,0,-1,0,2,14696,12813,21580,21587,17977,6223,1049,3797,7389,0,6957,201,0
20458,46,2,2,0,0,-1,0,0,-1,9850,11430,8766,5015,8779,10955,371,435,767,2278,1246,1648,0
29150,24,2,2,-1,0,-1,0,0,-1,13058,11302,8184,12314,3823,9120,1674,4655,239,5523,1418,2522,0
65478,74,2,2,-1,0,0,0,0,0,40577,8534,38406,6342,24509,33979,13424,2063,28638,2105,0,8339,0
29105,32,2,3,-1,0,0,0,0,-1,18777,11667,6856,7038,16308,7023,3151,4573,3712,3105,6194,1389,0
79815,26,1,1,0,-1,0,-1,-1,4,2881,27010,22159,26859,33440,23077,0,0,3188,0,0,3388,0
33435,53,1,1,-1,5,-1,0,-1,-1,8525,11216,110,949,18322,515,935,655,39,0,5156,17,1
49240,43,3,2,1,6,1,4,-1,0,12709,1426,5262,19208,14363,17673,1297,230,3038,345,2272,9499,1
52270,54,3,1,0,-1,0,-1,2,2,16195,2132,12534,8736,6984,21786,445,171,399,0,0,2369,0
10000,68,3,2,2,2,0,1,0,6,5903,5560,1917,4762,1800,0,856,0,162,3322,608,0,1
72425,26,1,2,0,0,5,0,-1,-1,25116,63724,34964,37407,43905,40421,0,12411,15076,16665,5622,6705,0
20315,36,1,1,5,-1,0,0,-1,-1,9137,2781,5437,11968,11923,11902,612,0,2822,3464,3491,186,1
15485,48,1,2,0,0,-1,-1,1,-1,4924,6845,5389,0,9226,5782,0,1430,2008,0,2180,0,0
21337,63,3,1,-1,-1,5,-1,0,0,9468,12726,2657,5839,11759,10813,279,2529,682,1380,1339,0,0
459334,53,2,2,-1,-1,-1,0,1,5,162591,157599,193011,214419,82644,57321,97910,19409,63099,71459,4340,15640,0
63808,41,3,1,0,5,-1,0,4,0,4308,45588,15078,20629,12010,16535,964,14228,5443,10046,797,4111,0
209013,53,1,2,0,-1,0,0,0,-1,77161,75578,105253,80151,172075,127408,16121,0,56351,43412,90533,24816,0
79756,73,2,1,0,0,0,-1,0,0,27591,23406,24679,33566,35116,39323,11204,6393,6441,5910,0,31263,0
57777,46,2,2,0,0,0,0,-1,0,51187,14299,30204,16995,44167,38671,13499,2844,483,3985,0,3520,0
140475,68,1,2,0,0,0,2,-1,-1,62958,35185,48609,56791,23265,78908,0,4154,14862,16900,13829,11053,0
20571,63,3,2,-1,-1,2,-1,0,-1,11985,15679,12781,4895,5496,7164,5610,4626,3146,1680,731,1745,0
71425,37,2,2,-1,0,-1,0,0,0,27309,33545,31143,14564,4377,27826,17248,8703,2242,5843,1890,18072,0
175984,34,1,2,1,-1,0,0,0,-1,51189,65242,68808,41629,116635,38717,12983,17807,18249,0,14986,12200,0
120091,62,1,2,0,0,0,0,0,3,53174,89350,12936,57562,65364,52789,11412,4332,4534,11903,0,11287,0
92739,32,3,2,0,0,-1,6,5,5,62938,14812,48237,49999,16922,35477,6536,372,17267,4772,6464,206,0
56731,39,2,2,-1,-1,-1,-1,0,1,25075,10557,30986,8185,36839,33357,0,1508,1976,3027,8580,11669,0
189788,33,2,2,-1,0,4,4,2,5,100251,118619,77019,54846,27726,134403,35282,0,37879,0,3142,62260,0
41498,53,2,2,0,0,5,1,-1,6,21396,20389,9003,15879,6707,7363,2437,1898,0,1282,2479,868,0
266773,36,2,1,0,-1,0,-1,-1,0,87049,138507,100056,152260,149234,146413,10740,40810,23741,100392,69263,6137,0
77566,56,2,2,0,-1,-1,0,-1,-1,62469,29562,9401,13537,32184,17509,13480,14605,298,1084,6857,4671,0
25239,71,3,1,-1,-1,0,-1,-1,-1,887,8885,21856,11206,13029,11806,50,0,8353,3781,3132,2718,0
26720,65,1,1,-1,0,-1,-1,-1,0,10360,20790,4431,9086,15466,3155,2331,5586,3473,5201,3911,1366,0
25683,72,2,3,0,-1,-1,-1,-1,-1,13762,9617,5305,13598,7804,10593,3748,3797,398,1173,0,0,0
31856,22,1,1,-1,-1,-1,-1,-1,-1,25978,11880,5515,14454,28553,14321,8448,1008,2930,0,7049,3979,0
63926,45,1,1,-1,0,0,0,-1,0,23527,10819,32102,24502,15129,45169,1545,0,0,0,6020,16918,0
17691,32,2,2,-1,2,-1,0,-1,-1,5091,8915,13038,7929,8621,2566,1917,1497,544,4066,0,621,0
96522,70,3,2,0,0,3,0,0,1,33257,68925,48701,41993,68071,21554,17667,29074,1712,6786,22561,5338,0
74985,59,1,1,-1,-1,-1,-1,-1,0,31335,21453,19535,59079,17172,50605,2329,10631,3514,18879,1339,23067,0
51850,38,2,2,-1,-1,0,-1,-1,0,15662,6519,23833,21997,13788,14592,2348,959,403,4606,3303,7991,0
19296,51,2,1,-1,0,-1,0,0,-1,801,8740,9158,6683,2920,4115,14,2120,2931,206,1033,703,0
37095,53,1,1,0,0,0,0,0,-1,10981,20452,3477,9850,6534,14991,4013,4418,2240,2686,1427,0,0
10000,47,2,1,0,-1,-1,-1,2,3,0,4201,2615,5938,7423,1707,0,1073,0,0,662,277,0
125187,46,3,1,0,-1,0,6,0,0,59158,40888,42153,57314,41903,59345,13992,14405,3045,33814,6677,24109,0
22077,23,1,2,-1,-1,1,-1,0,-1,0,5760,0,8002,13354,3570,0,861,0,3257,3658,0,0
23457,45,1,2,5,6,0,0,-1,0,4646,12599,8981,12166,17243,12477,1612,8550,2907,2297,1686,1991,0
106283,39,3,2,-1,6,0,0,-1,0,18712,37475,54420,23492,12719,94536,0,986,31550,10768,6247,20756,0
93575,65,1,2,0,-1,-1,-1,-1,0,72453,26057,33718,18374,41153,6263,0,0,2414,9192,11546,879,0
75588,67,1,2,0,0,0,-1,-1,0,48097,41849,46910,48677,56183,22288,25825,17723,12356,2139,0,5895,0
45050,61,3,2,4,2,0,-1,2,0,25370,0,6960,20173,39053,17252,7596,0,1262,4036,6252,2467,1
73603,22,3,1,6,0,-1,-1,3,0,50872,15738,48378,30992,34114,32639,24738,5176,3218,8924,8448,5704,0
53098,66,2,2,-1,-1,-1,0,0,0,38408,11661,10639,36061,41991,24616,11396,1564,990,16973,10219,1769,0
14259,42,2,2,5,2,-1,0,0,-1,0,11585,2487,2954,5286,6696,0,8991,0,20,503,0,1
61689,43,3,1,0,-1,6,4,-1,0,35781,35770,13265,7903,19355,13424,5727,0,7949,5763,0,7878,0
68725,72,2,1,-1,-1,0,-1,-1,-1,45617,26689,29889,14506,18443,45070,23102,19653,9716,0,2933,0,0
125146,67,2,1,0,1,-1,0,0,-1,21076,115567,90909,20710,9436,66451,4705,42402,36892,1088,7158,0,0
12632,23,3,2,0,-1,-1,0,0,0,5124,8327,5578,5923,8919,4574,892,1262,901,669,6036,0,0
27351,40,2,2,0,-1,5,6,1,3,16229,691,4504,5478,4129,13325,9659,0,84,0,345,0,0
67082,61,2,2,-1,-1,0,1,1,0,30534,46392,31984,26730,38534,19134,5820,3302,2564,0,12518,0,0
23026,50,2,1,0,0,5,0,-1,-1,15850,3085,9937,11839,5840,10432,5941,574,0,7709,1898,1379,0
10000,34,2,1,0,3,3,2,0,0,1279,3807,7986,1997,5147,7360,225,322,4666,792,2380,1753,1
57403,49,2,2,-1,-1,0,-1,0,0,38437,15351,361,23874,40816,7520,3240,881,46,5145,12306,511,0
100308,67,2,1,0,2,5,-1,3,0,32813,25643,74208,9879,44405,40221,11561,0,12450,2699,31787,14977,0
44216,33,2,1,2,-1,2,0,0,-1,5456,9104,19036,27371,25617,9820,584,1385,0,630,6154,940,1
76001,61,2,2,0,-1,4,3,-1,0,56806,16855,46078,34569,26436,47563,15094,4587,14111,5597,8102,8833,0
67690,60,2,2,0,0,-1,0,0,0,24441,53935,31580,31441,27277,29479,10368,15875,8058,17172,0,21238,0
69207,68,1,2,0,-1,5,0,0,0,36113,22674,30268,8261,8119,36603,9041,4306,10799,5147,0,0,0
76515,37,1,2,1,-1,0,-1,-1,-1,21507,7866,39666,19284,35835,56063,1724,549,669,12918,26347,28233,0
201951,32,1,1,-1,-1,-1,0,0,-1,71707,46714,103270,119685,102297,87758,20031,13486,21724,16978,0,8013,0
22665,50,2,2,1,0,-1,-1,3,0,17156,12876,10268,10860,7085,5767,0,414,3289,1247,1772,0,0
90983,49,2,2,-1,0,0,-1,-1,-1,6150,29495,11891,36237,33421,33755,528,0,0,0,23533,21023,0
26682,43,1,2,0,-1,-1,-1,-1,0,8465,15001,1862,4091,2615,5318,1083,2691,243,1739,995,1209,0
25956,63,2,1,0,-1,0,0,-1,-1,18732,6327,13608,18056,7558,4662,4739,1992,0,7721,2224,0,0
178653,64,1,2,-1,-1,0,-1,0,-1,23157,129322,154965,28600,45423,26024,3297,92179,80743,4106,2619,7629,0
26071,34,1,1,-1,-1,0,1,3,-1,13219,23496,22036,12027,5839,10674,2051,10823,1292,4914,855,5482,1
28284,63,3,2,0,-1,2,-1,1,0,18886,20081,15280,5693,5573,16995,8113,9497,7136,0,741,5754,0
324187,33,2,2,-1,0,-1,-1,0,-1,93042,10892,111482,213872,141000,167305,53845,2213,6304,39699,65670,99342,0
111350,43,2,2,-1,-1,-1,-1,-1,-1,60366,67179,51500,54581,49220,31754,5801,18678,32497,22195,2244,7238,0
19026,22,3,1,-1,-1,0,0,0,6,10147,1413,5197,9276,11371,5323,778,627,2829,2019,0,1958,0
21821,39,3,2,0,0,0,0,-1,0,15204,10998,4223,13594,6582,7579,163,1352,765,8455,3796,4667,0
59896,72,1,1,-1,-1,-1,0,-1,0,20072,41707,8522,24939,18698,29869,7921,15117,0,5758,0,11330,0
140022,44,2,2,-1,0,-1,0,0,0,66542,45067,39209,51273,99819,55050,2548,21142,0,3391,0,1671,0
21997,59,2,1,0,-1,-1,0,-1,-1,14367,925,9134,8005,4940,11570,6985,177,3132,1175,2377,4009,0
29340,26,1,1,0,0,-1,4,0,0,16493,14769,7034,7236,8334,16463,0,3612,713,1067,1415,6742,0
60718,55,3,2,0,0,0,0,6,3,13663,45196,21449,24489,17034,47212,5179,5502,9234,7529,2570,15024,0
12773,41,2,1,-1,0,3,0,0,0,2079,5379,6383,4378,4869,4224,1031,539,3668,1577,2166,0,0
16555,61,3,2,0,-1,0,4,0,3,10964,7847,7702,0,8775,5249,2767,2510,2221,0,2066,871,0
45794,71,2,1,-1,-1,-1,-1,-1,1,15621,11350,18588,20229,18482,17888,912,0,1915,3727,6073,329,0
47712,49,2,2,0,-1,-1,-1,-1,-1,33862,22409,7031,6113,18854,26584,0,8449,1303,0,5377,3817,0
23035,26,1,1,-1,0,0,0,-1,0,10631,13466,10380,6048,10335,9381,1074,1446,5353,241,409,2862,0
45538,46,3,2,5,2,4,2,-1,5,23794,33733,8149,20184,25991,26770,14590,8498,0,5946,12334,11589,1
76344,27,2,2,0,-1,4,6,0,0,26556,3722,9273,31562,27652,18433,9558,1368,3036,0,0,3336,0
40395,45,1,2,-1,-1,-1,0,-1,0,24260,26782,15793,16470,19956,17157,761,4966,1921,5843,0,0,0
259128,24,1,1,-1,-1,-1,-1,-1,0,218135,127141,72118,95319,80621,182042,0,54942,5571,13160,8780,110465,0
64323,55,2,2,-1,-1,0,0,0,0,47356,44085,11221,13762,47740,39644,15893,7861,3496,231,12115,9396,0
30717,37,1,2,-1,0,-1,-1,0,-1,3493,8919,14887,18153,4065,15200,1209,2285,9918,1348,1380,2443,0
179265,31,2,1,0,-1,-1,-1,4,4,20298,45863,28962,127491,81196,150438,7207,10304,11819,53406,15989,73015,0
32252,21,2,2,-1,0,-1,-1,0,-1,19042,4059,18790,20126,18992,6940,0,992,0,11646,2135,0,0
79187,68,1,2,-1,-1,0,0,0,-1,35530,43717,50514,11988,39042,29652,5965,14549,9158,4967,13373,6291,0
33208,66,2,2,2,5,-1,0,-1,0,4913,28181,3234,13724,8428,17519,0,20366,2501,0,245,4473,1
113073,64,1,1,1,1,0,0,-1,-1,62496,47396,28419,55668,36479,10640,12820,3166,5622,23565,10892,1552,0
23344,24,3,1,0,0,5,4,-1,0,13708,10050,8522,11204,13359,16996,0,2640,2952,4161,8284,10086,0
24505,39,3,2,-1,0,6,-1,0,-1,4119,13121,13474,10975,11523,6049,947,4589,5724,2615,4655,1438,0
60384,73,1,2,-1,0,-1,-1,-1,-1,25787,27449,22044,15167,24643,17254,8061,3993,4131,11616,3025,4072,0
32808,52,2,2,-1,0,0,0,-1,0,4352,8182,8527,12256,20448,4585,1348,2401,398,2634,3819,0,0
115549,27,2,3,-1,-1,0,0,-1,-1,40548,47743,85662,9234,14961,33555,1244,0,0,4668,4576,4529,0
12545,28,3,1,-1,6,-1,0,5,1,1612,8409,2077,4235,9911,2848,555,1132,192,1946,0,0,0
47585,35,2,1,5,0,0,0,0,0,29676,22338,20547,16447,17293,7997,10044,2257,5757,529,5671,1002,1
52657,73,2,2,-1,0,6,6,2,-1,9906,20358,18115,28246,25717,19349,425,10193,0,2719,3872,0,0
31058,30,3,2,3,6,-1,0,3,2,24374,15173,3079,12532,14951,6362,2411,0,812,1247,3833,885,1
148912,69,1,2,5,0,-1,0,3,0,81932,109644,35408,71727,71377,21876,17800,17022,10617,0,35130,6433,1
14718,57,2,2,0,-1,0,-1,-1,-1,3313,7365,2037,5384,5266,10043,1528,1636,530,3508,1401,1046,0
108099,70,1,1,0,0,-1,-1,0,2,27537,83588,25683,35304,53212,57182,1862,36046,2899,5655,30695,6540,0
18106,65,2,1,0,0,0,-1,0,6,11642,0,2366,8954,2421,2884,314,0,590,294,0,916,0
32629,38,2,1,-1,-1,0,-1,-1,0,3562,18068,4579,5633,13876,13409,263,1306,0,0,1634,768,0
11674,65,3,2,5,-1,4,1,-1,-1,5929,8018,8861,4860,5243,2489,2446,708,2052,3028,138,832,1
37583,30,2,1,3,6,-1,0,0,-1,12130,17159,6647,20548,9148,24374,673,6387,2104,4677,0,0,1
43213,36,1,2,0,0,-1,-1,0,0,18756,36448,12392,7070,13673,11242,2150,1097,2025,0,893,191,0
127254,32,3,1,-1,-1,5,6,-1,6,6067,71101,95077,24720,52210,36518,0,19493,44490,14902,21696,17129,0
41623,28,3,1,3,3,0,-1,0,0,22785,1891,12533,15856,21909,20615,9258,509,4613,2108,9519,3227,1
69691,25,2,1,-1,-1,-1,0,0,0,29854,14670,36273,30072,7708,49289,10502,3196,9815,12798,1356,8566,0
20211,31,2,2,-1,-1,2,-1,0,-1,8372,3653,19159,7846,5423,7553,3952,1860,0,0,1406,0,0
124061,27,1,1,0,-1,-1,0,-1,0,82008,86940,50948,78767,70469,43619,26712,6139,29085,306,40755,3551,0
181785,41,2,2,0,-1,0,5,-1,-1,120410,15508,15796,64835,73540,63308,19957,4041,6942,25776,43636,0,0
137640,24,1,2,0,-1,3,0,-1,-1,47756,69850,21796,31539,49316,24668,0,36598,710,0,0,4718,0
24025,24,1,1,0,0,-1,-1,-1,-1,14377,18024,7022,18395,9157,15481,7759,2914,2920,9378,432,5336,0
23671,74,3,2,-1,-1,6,1,2,1,9123,15634,0,4254,12462,6010,0,8067,0,0,1045,707,0
53465,25,2,1,-1,0,-1,-1,-1,0,11692,24603,29566,23012,31932,6269,5419,0,15848,1866,11362,743,0
43249,24,1,1,-1,0,0,4,-1,0,17716,16138,16883,14047,25093,4308,4282,6920,5049,973,0,1107,0
520666,22,1,1,-1,0,-1,-1,-1,0,219817,103167,291189,252367,300406,39835,8485,2132,43140,65834,44835,910,0
23330,28,3,2,0,0,-1,2,4,0,15653,13202,0,5853,4206,8532,0,9713,0,1116,1986,0,1
66289,49,1,2,-1,0,-1,0,0,-1,44322,14326,27440,35829,20267,21875,13599,6378,0,0,2521,10402,0
42458,65,1,1,-1,0,-1,-1,0,-1,32889,9791,15781,18181,22506,9888,4597,3744,10816,0,5881,417,0
82604,60,1,2,0,-1,-1,0,2,4,31121,47200,45947,37135,12933,27095,834,10223,2830,18407,0,0,0
207389,52,1,2,-1,0,0,0,0,-1,113212,56132,128908,162643,82974,27663,30316,13903,45135,4981,14900,9360,0
75233,25,1,2,-1,0,-1,0,-1,-1,18726,37808,44469,32981,54300,50870,8510,2604,0,0,13412,6180,0
28799,62,3,2,0,0,6,1,-1,3,2807,19716,8308,24671,7142,13173,1070,1377,532,3435,0,0,0
29066,23,1,2,-1,0,-1,0,-1,-1,16946,4863,11763,23718,8393,14091,0,0,4776,13482,3719,1209,0
128935,55,2,2,5,-1,0,0,0,-1,17013,33532,76121,66984,28006,25547,4076,14195,0,15187,18875,7425,1
43697,43,2,1,-1,-1,0,0,-1,0,9419,23597,16794,22547,9467,7074,987,0,12223,6971,1183,741,0
42219,68,2,2,-1,-1,4,-1,0,0,6183,1930,9422,1818,8043,17301,1543,649,904,1356,0,5417,1
10000,37,2,1,-1,5,0,-1,-1,3,6030,7326,2436,10000,5040,1996,4729,4899,1073,1256,1799,499,1
44277,55,2,2,-1,0,0,0,-1,0,12748,21332,20059,12518,20707,13422,7156,2857,3872,0,0,5346,0
35564,44,2,2,-1,0,-1,-1,-1,0,8861,2049,10234,17650,6132,11619,2661,0,5517,5510,637,882,0
11375,49,2,1,0,0,-1,-1,-1,4,4275,7578,1269,8180,6279,5659,0,1459,728,2768,1014,1875,0
108194,71,2,1,6,0,-1,-1,0,0,73672,8945,22154,37506,73379,60429,43571,893,0,8429,21429,8423,1
31946,59,2,2,-1,0,0,0,-1,-1,23605,3644,12951,15991,15893,6039,8490,354,5586,0,1380,2215,0
223341,43,2,2,-1,0,0,-1,0,0,39314,128022,149016,33876,7787,90181,2101,51371,21803,0,690,21007,0
212782,45,1,2,0,-1,0,-1,0,0,71382,76932,17338,73073,67784,84962,0,24077,2286,30556,31847,0,0
27558,59,2,2,-1,0,0,0,-1,0,6935,10056,7348,14373,2674,8132,347,4924,0,4811,854,2446,0
146598,39,2,1,-1,-1,0,3,0,-1,59870,48987,77158,25976,32794,12303,1714,22914,0,0,13865,1577,1
248924,30,1,1,0,-1,0,-1,0,-1,92512,91158,78926,32774,136332,77129,0,16194,21624,2802,9805,7093,0
21940,46,3,2,0,-1,-1,1,5,-1,9385,8110,6459,15019,1672,5199,2115,561,0,4417,317,1412,1
30041,24,1,1,4,0,0,0,-1,0,11643,16718,1759,3463,20758,18343,2832,4982,42,0,588,4956,1
12236,30,1,2,-1,-1,-1,-1,0,0,5422,6126,4289,4346,2363,441,1526,596,2148,901,989,247,0
46521,43,3,1,0,0,-1,6,0,-1,39262,7220,9332,21106,31551,7502,2711,2363,720,9239,6090,1573,1
31502,64,1,1,-1,-1,6,0,0,-1,5554,18039,12696,13267,24102,23630,1348,3099,0,5503,3075,13432,0
68076,63,2,2,0,-1,4,3,-1,0,38928,31043,49390,25343,14334,15757,0,15969,0,0,4845,0,0
31123,35,2,2,-1,0,0,0,0,5,2944,12335,13749,15481,19824,7494,1278,3632,1408,6927,1894,474,0
18389,43,3,2,-1,-1,-1,4,2,-1,6310,305,7310,5969,12299,8849,1241,96,3154,762,1107,4867,0
31282,29,2,1,0,0,6,-1,0,-1,18377,12102,24405,13568,13781,17299,2688,4788,1361,3063,5542,3105,1
17329,61,2,2,-1,0,0,-1,-1,-1,693,3089,4431,16231,4467,6202,51,315,163,0,914,1430,0
31270,34,2,2,-1,-1,-1,-1,0,-1,21146,15890,19198,14167,2896,5985,3125,13159,1409,8983,267,364,0
27192,64,2,2,0,-1,0,-1,0,0,21720,12256,15120,13593,21083,13849,2905,1489,3093,3845,7745,8124,0
33928,66,3,2,6,2,4,0,-1,2,10709,10879,13109,7053,15794,15919,6614,3103,2783,1199,5465,7772,1
53284,58,2,1,-1,-1,-1,-1,0,0,45535,19906,38629,30249,12215,3708,3859,3889,21418,3608,3511,569,0
20807,38,2,2,0,-1,0,0,0,-1,6321,8491,10139,7910,12047,18861,1045,1337,4423,792,52,0,1
82782,72,3,2,4,0,4,0,-1,5,10859,35158,48388,33664,26361,15989,4304,0,7713,1158,5416,5826,1
43146,58,2,2,0,0,-1,0,-1,-1,36024,31681,26846,10464,17776,16535,3406,264,8510,1790,2525,4304,0
228301,55,1,2,-1,-1,-1,-1,-1,0,57795,118036,35232,81565,76554,73361,7450,198,916,14680,18603,2914,1
83227,67,1,1,-1,-1,-1,0,0,0,17697,38694,41105,19560,32072,25403,0,249,13487,3457,10852,6773,0
51807,68,2,2,4,0,0,-1,-1,0,30122,36257,17992,10470,28160,6497,3255,8746,7848,0,1253,3100,1
46336,25,1,1,0,0,-1,-1,-1,6,25682,5589,24914,16057,18975,19426,14246,2492,2352,4545,6772,9871,0
80167,68,2,1,2,3,0,0,0,-1,22736,41474,6995,24236,18991,22304,4004,1540,2046,11347,6928,13177,0
50355,62,2,2,3,0,0,2,3,0,21546,36392,16808,11766,15112,10158,6865,6677,751,2098,4740,1716,1
97418,32,2,1,5,-1,0,-1,0,-1,58013,31094,39573,43105,16962,49385,0,8108,0,13375,4394,39056,0
247756,37,1,3,0,0,-1,-1,0,-1,115902,121290,75144,107977,43119,169735,37310,2139,2858,14259,3420,44156,0
19184,61,3,1,2,-1,-1,6,-1,0,7260,4736,9774,8805,6353,14739,3337,842,3092,4487,1255,4071,0
80079,32,2,1,2,-1,0,-1,0,3,27272,32666,28473,22911,35203,32430,10620,9709,1500,5788,1506,22081,0
109596,45,1,1,0,3,0,0,-1,2,54940,44706,21882,23882,45164,78387,0,16287,0,2984,10470,8982,0
70720,58,2,1,-1,4,0,-1,-1,0,24251,59172,35435,39689,41744,15195,5377,18323,17762,0,12554,2178,0
34663,56,2,1,0,-1,-1,-1,0,-1,11856,8071,9543,10906,12270,18060,1892,2153,2206,3081,7224,5861,0
35229,70,2,1,-1,-1,0,0,-1,-1,23120,4745,23747,974,23639,24172,6987,1791,0,220,2250,7753,0
30726,27,2,1,-1,-1,-1,0,2,-1,24918,4195,669,378,6815,11098,3589,1137,20,117,4319,0,0
42340,36,1,1,5,-1,0,0,-1,0,4966,12964,20924,13872,7204,10300,19,3267,3337,1263,1703,4716,1
17522,74,3,1,-1,-1,-1,-1,-1,3,5560,15928,4365,2110,14052,2469,2728,1522,1547,564,1212,621,0
45089,51,2,1,-1,-1,-1,-1,0,-1,18128,7907,9788,9150,3506,6848,4148,0,3556,2810,162,1398,0
37429,34,1,1,-1,0,-1,0,-1,-1,6068,16625,10916,13929,16663,25897,2858,5448,3634,2667,9490,5764,0
69460,36,2,1,0,2,5,4,-1,0,40078,39830,27718,42259,44686,30169,3135,3891,7128,21347,21392,3012,0
51306,39,2,1,0,6,5,-1,-1,-1,29848,30768,34159,19047,21181,16360,0,12440,7587,0,3584,1645,0
56122,50,2,1,0,0,0,-1,-1,-1,27693,28651,9315,5474,27933,24846,0,2349,0,192,2393,0,0
39387,36,2,1,0,0,-1,0,0,0,22759,14345,10771,8346,15798,27034,6255,3798,0,2545,384,1837,0
51798,54,2,1,4,1,2,-1,-1,-1,29121,29776,29008,30790,14041,21604,16443,2578,3499,0,0,2811,0
40220,45,2,2,3,6,5,0,0,0,14201,25020,2588,8079,12911,30187,0,4730,342,1932,1868,18371,1
128041,53,1,1,0,0,0,-1,-1,-1,61094,53458,55148,6609,76911,68239,30773,4548,25765,3986,7140,57898,0
48173,29,1,1,0,-1,-1,0,-1,-1,16933,20498,10766,8532,24173,29691,1310,3365,2297,2056,2840,169,0
46339,54,4,2,0,-1,-1,0,-1,-1,11461,2941,17081,14375,14240,6867,2486,0,0,5595,6684,614,0
17238,70,2,2,-1,0,-1,0,-1,-1,4837,3034,4712,5115,2292,8628,2572,0,838,873,0,0,0
86652,28,2,1,0,-1,0,-1,1,3,20229,51165,23736,11429,17177,51002,5878,4052,5888,2130,5362,12000,0
43873,38,1,2,0,0,0,0,-1,-1,11260,24744,25659,5057,10466,22461,134,7981,6263,0,0,0,0
23627,58,2,2,-1,-1,0,0,-1,3,5101,6988,15731,14985,10440,9590,1089,0,5947,7565,1799,4020,0
27596,54,1,2,0,2,0,-1,-1,0,5729,14251,4729,19353,10780,15515,2684,6017,513,3414,864,5866,1
25903,57,1,2,0,-1,0,0,3,1,9367,8674,12654,14373,11411,6331,312,2706,5577,5376,1866,2686,0
46690,51,1,2,1,4,3,0,-1,0,32425,12157,20208,11238,17907,28295,9010,364,961,5697,819,3788,1
162576,57,2,2,0,0,2,0,-1,3,33222,53854,93494,102758,59449,37026,8140,4992,6758,16610,5253,5172,0
29299,53,2,1,-1,-1,0,5,-1,0,2689,10052,16768,4434,10910,23325,880,0,5729,570,66,1687,0
11720,24,1,2,0,-1,0,-1,-1,-1,3770,3796,2230,2655,1111,2157,459,1431,516,353,0,0,0
91935,61,1,2,-1,0,5,0,-1,5,33569,20218,46403,23638,8268,56864,13372,0,14774,0,0,12054,1
20102,45,2,1,-1,0,-1,0,6,0,13696,2495,9441,6852,6956,7173,4143,579,2084,477,723,1564,1
94074,23,2,1,0,6,6,2,-1,0,45201,29169,52484,39532,12211,29121,2321,0,0,752,2549,10662,0
35001,43,2,2,1,5,2,1,6,0,9048,16467,21246,14167,7296,12923,3453,1683,0,0,3123,380,1
55119,44,1,2,0,-1,-1,-1,-1,-1,37062,25796,11313,24311,19125,19282,4720,0,2274,13100,5681,0,0
127752,25,2,2,0,0,-1,-1,0,-1,33570,26720,91221,38905,24670,14984,10172,3635,14492,16441,0,3369,0
56247,74,3,1,0,-1,0,-1,1,0,7178,35683,11660,18148,28334,929,728,15129,2810,722,14181,445,0
18086,33,2,2,2,0,-1,0,0,0,1679,11639,5920,5322,5325,5350,480,2598,2860,0,1145,849,0
28483,38,1,1,0,-1,-1,0,-1,-1,12783,10788,12907,23200,12877,8894,4098,6324,5188,7076,822,1502,0
11768,44,2,2,-1,0,-1,0,4,4,8126,4785,5871,3287,0,900,795,0,1096,1268,0,314,1
550757,65,1,1,0,0,0,0,0,0,419565,346993,185144,186932,141661,114971,64596,103326,44933,56373,54469,26802,0
34417,61,1,1,0,0,0,3,0,-1,16129,17763,12433,11622,12017,14583,1518,0,278,5676,6495,938,0
174961,62,1,1,0,-1,-1,3,-1,0,25997,23105,116656,124063,83006,143976,6869,0,67151,26224,28775,34770,0
22415,33,3,1,-1,1,-1,-1,-1,0,4657,1964,6563,10275,3630,5956,3462,921,1004,773,0,340,0
20663,66,2,1,0,-1,-1,0,-1,0,13785,8803,8847,14472,0,233,6776,176,5416,10535,0,33,0
34911,65,3,2,-1,-1,0,4,0,-1,15802,14903,18062,4272,16445,8343,5085,4430,1696,1730,9155,794,0
37747,46,2,1,-1,0,-1,0,-1,-1,12683,11781,17990,11432,24596,18579,6674,0,1156,5137,1979,2273,0
93106,50,2,2,4,-1,1,2,0,0,46107,32171,35998,13791,16641,26346,26711,4629,11753,1661,0,6503,0
131660,23,1,2,0,0,3,-1,0,-1,12395,69157,13070,43222,101400,55505,1657,21283,1726,8496,12416,10861,1
30573,62,2,1,2,0,0,-1,-1,4,9029,6205,5147,10076,8353,17611,2573,0,1492,843,3104,6137,1
21687,72,1,2,-1,0,-1,0,-1,-1,5274,5322,9786,1404,17082,420,1291,0,0,0,10922,71,0
18812,46,2,2,0,-1,0,-1,4,3,9930,10584,8748,9572,12402,9005,2134,2789,4456,1933,3800,2444,1
11053,50,1,2,0,-1,0,-1,0,0,6591,5223,9803,597,0,902,820,449,4915,319,0,17,0
39357,47,2,2,2,-1,0,-1,0,-1,7906,33636,19457,26599,7068,6579,3498,3652,7525,10336,210,770,0
48560,25,2,2,0,0,-1,-1,-1,-1,28913,23567,17994,11942,28455,4556,13196,5583,10626,1573,2260,2237,0
27507,54,1,3,-1,0,-1,0,0,-1,19163,12868,12858,22225,4273,5333,0,2136,5997,4149,747,690,0
24973,59,1,1,0,-1,0,-1,2,4,24669,5336,17368,7603,6966,9018,0,0,6874,707,797,5447,1
33875,71,4,1,-1,2,-1,-1,-1,1,17588,11706,6506,5400,13157,5213,1486,1997,2246,1465,2390,1321,1
41394,71,1,2,-1,0,-1,3,1,1,13229,13103,25635,18857,24487,32477,1746,0,0,12365,7643,15918,0
57880,47,1,1,0,-1,2,0,0,-1,42475,45,38079,10275,17707,39075,2557,6,7316,1465,0,6389,0
51158,72,1,2,-1,3,0,-1,0,-1,16377,24734,34319,23506,38126,31879,2558,4382,6849,5298,7866,2310,0
59813,49,2,1,0,3,1,0,-1,-1,36495,27563,33510,15852,38184,42020,16564,13748,3336,3101,0,787,0
31187,55,2,1,0,0,0,0,0,0,18888,5267,4671,5215,11342,10078,1341,2595,394,3942,2248,5962,0
46419,53,1,2,5,5,-1,0,-1,0,3552,10557,13657,22706,26265,6926,685,1708,7319,4050,13229,488,0
10878,74,2,1,0,0,0,0,4,0,9474,6450,1621,10141,9171,6810,2615,688,274,6394,3669,849,0
47086,60,2,1,2,6,0,-1,0,0,24406,13829,20339,11033,16563,12631,13193,2728,13152,5811,3245,2294,1
73675,27,1,2,0,1,0,0,0,0,15618,28350,55365,25841,19940,36625,2098,18935,10548,8014,6111,4005,0
29767,24,3,2,6,0,-1,0,0,0,5289,8571,8129,5091,7569,17302,241,1643,3615,2777,0,7320,1
158386,43,3,2,-1,-1,0,-1,-1,-1,76664,77181,30589,30204,64079,65565,14865,14748,9285,11501,3995,0,0
78174,48,1,1,0,0,-1,0,0,0,56060,22224,33386,54256,27184,25671,14017,9196,4901,9245,0,12935,0
60553,57,1,2,0,0,5,-1,-1,0,24529,15773,32218,25430,21086,23683,1936,9435,17393,335,9069,9380,0
102312,47,1,2,-1,0,-1,-1,-1,-1,69702,39291,83969,5467,48778,74450,25523,17405,12020,593,0,42008,0
372042,48,1,2,0,-1,-1,0,-1,-1,52734,129587,85853,91831,140945,252330,28663,0,35853,60814,38243,18853,0
60004,70,2,1,0,0,-1,-1,2,-1,22429,41162,32852,41963,29841,14441,11361,5364,6223,0,1688,1066,0
10000,39,2,1,-1,-1,-1,-1,-1,-1,2502,2728,3200,0,2386,4853,290,253,518,0,1327,2207,0
69261,47,2,2,0,0,0,0,0,-1,32077,4689,48656,14078,24124,51331,0,921,0,2141,11391,6655,0
33964,51,1,2,0,0,0,-1,0,-1,13096,4943,18573,12503,7722,13649,4727,1610,2765,1270,1992,0,0
14742,46,1,1,0,0,-1,0,-1,0,6668,1312,8367,7436,6433,3412,1638,205,3966,1437,1196,192,0
133435,73,4,2,-1,-1,-1,0,-1,0,37051,107217,99505,40182,60110,59086,3600,0,24162,8114,21111,31830,0
112249,72,3,2,3,6,4,6,5,-1,57054,57681,99048,32175,22204,18681,12927,36442,16888,9357,5480,8723,1
33267,48,1,1,0,0,-1,-1,4,0,5388,10327,9481,25852,6713,22476,94,1782,1632,5693,1550,4617,0
23887,45,2,2,0,-1,-1,-1,-1,-1,10204,13576,9048,15305,16550,4598,2471,0,2621,1540,2865,1942,0
55722,52,2,1,0,-1,-1,-1,0,4,15006,41132,15024,25051,50565,34974,1204,15835,2991,7284,7473,785,0
24145,30,2,2,-1,-1,-1,-1,0,3,8506,5125,16923,10687,4414,11138,4529,3399,5457,3269,201,7463,0
43999,44,2,2,-1,0,-1,-1,-1,-1,22793,28611,30101,13790,10312,35712,834,2647,7768,0,3129,14618,0
19395,32,3,2,0,0,3,-1,0,-1,7646,4781,1110,3004,9097,0,432,0,119,940,0,0,0
49818,28,1,2,-1,2,-1,-1,0,-1,22172,11369,13247,9555,40011,28257,1332,1340,1041,0,3273,6013,1
22314,26,1,2,0,0,0,-1,0,-1,12244,9000,12355,10143,5027,14407,4893,1536,1941,2383,1514,992,0
66492,52,4,1,-1,5,0,0,-1,4,29344,8615,0,25661,30321,17329,2061,423,0,2639,0,7356,1
179782,21,1,2,4,3,-1,0,3,-1,94634,107434,92951,44484,52090,84570,40450,2972,49081,0,34053,55811,1
63342,55,1,2,-1,0,-1,-1,-1,0,25223,20053,10327,25051,50917,24381,13208,9062,0,5327,28426,261,0
47619,44,2,1,0,0,0,-1,0,-1,20879,27874,20882,21960,21577,10737,14556,6634,0,5397,0,0,0
81090,40,2,2,-1,0,4,0,0,0,14015,58599,34940,30958,32353,36784,2224,37590,1924,1094,0,0,0
49095,62,2,1,0,5,4,-1,-1,-1,37009,16064,20714,16966,12601,10039,13341,6824,0,0,2052,1219,0
195565,50,2,2,0,-1,0,-1,-1,0,60764,113204,127332,79599,4272,68984,13817,24155,8950,10563,251,3418,0
17101,60,2,2,-1,0,-1,0,0,-1,7812,13448,6536,7557,4431,2373,350,2588,0,2538,1214,41,0
136656,59,1,2,5,-1,0,0,-1,0,65895,107861,21651,74745,42118,73633,7749,40740,9729,15346,0,17311,1
44740,22,2,2,0,0,-1,-1,0,0,14174,16409,14902,36536,22830,6914,1431,2306,6409,12962,8922,0,0
19990,32,2,1,-1,-1,-1,-1,0,-1,4076,869,14069,4884,8789,16409,821,0,0,490,0,2341,0
207108,51,3,2,0,-1,-1,6,-1,-1,75470,106941,157025,126030,90465,99223,24167,67812,19407,31395,4144,17897,0
462606,73,1,2,0,-1,-1,0,-1,-1,212256,182753,299937,241265,163997,268820,32776,33624,151717,31758,13867,13419,0
58114,29,1,1,0,-1,-1,0,-1,0,31218,30479,36723,22029,17155,45191,3252,4156,0,2859,7589,0,0
69967,26,2,1,-1,0,-1,-1,-1,0,8133,18175,44606,25548,23492,18549,3028,5546,15443,3024,9855,1423,0
47076,71,1,2,6,0,4,0,0,0,6017,35702,20145,23410,11087,32514,1065,0,2779,12576,1634,2951,1
53542,73,1,2,-1,-1,-1,0,0,0,8669,4788,15978,43779,22930,23376,4640,2397,3355,8503,10616,997,0
13867,30,3,1,-1,0,-1,0,0,1,5395,7373,13243,0,6237,6448,394,2131,3210,0,4226,1507,0
17602,42,2,1,0,0,0,0,6,-1,3742,8012,5172,13569,8331,2842,847,2658,0,0,4793,611,1
300076,54,1,1,0,0,-1,0,-1,0,142514,93644,59607,71641,62914,86041,66555,8027,0,5830,6297,13956,0
66533,31,1,2,-1,-1,0,0,-1,0,44735,27159,5028,7316,48597,8195,15536,2146,1301,1607,27814,4241,0
71463,38,1,2,-1,0,-1,-1,3,-1,15361,14367,36433,21139,10262,28895,756,1455,0,6163,8444,11126,0
25631,42,2,2,0,-1,0,0,-1,-1,3944,4841,5467,19062,3861,14979,974,1474,2563,3670,1093,1903,0
57066,55,2,2,4,0,-1,0,0,-1,18451,34414,8349,6286,24789,7011,4045,9662,1447,3765,10971,2415,1
20608,37,1,1,-1,0,-1,0,5,1,9892,4063,8259,14084,19669,15597,1792,445,3053,5443,4298,3154,1
26397,43,2,2,-1,0,-1,0,-1,0,10765,8769,9008,1846,14605,8574,970,2857,3672,1562,4913,3712,0
26282,36,1,1,5,0,-1,-1,1,-1,10963,15002,10384,3708,1864,8245,2615,1743,3240,1111,0,1199,1
193064,62,1,1,-1,-1,0,0,0,-1,132669,141275,47218,20864,63810,52924,9890,15712,2969,6760,25820,1673,0
18305,29,1,2,6,3,0,0,-1,4,9167,8247,7774,11452,0,12445,1269,1168,3363,435,0,5624,1
19084,33,2,2,0,0,0,-1,-1,6,5327,3325,7818,9081,2211,0,0,152,4322,1179,609,0,0
13338,34,1,2,0,-1,-1,-1,0,-1,9117,7788,9612,10059,1678,3157,1688,429,0,982,746,0,0
33673,69,1,1,0,4,0,4,0,-1,8487,9001,17489,13438,14886,10307,4155,851,4640,1432,3448,589,0
33941,72,2,1,-1,-1,-1,-1,-1,-1,10624,16108,16794,22849,4789,15797,0,2450,6693,0,1425,8480,0
107175,48,2,1,-1,0,4,-1,0,0,31225,67196,7933,77725,8049,19510,0,0,3300,18305,2289,1551,0
57461,29,1,2,-1,-1,-1,-1,0,2,31636,45312,26270,5659,43040,21135,7692,8567,5693,1130,30623,464,0
49414,61,1,1,0,-1,0,0,0,0,41880,21161,14975,39062,15176,12201,15838,0,1046,17290,8408,3168,0
87238,47,1,2,-1,-1,0,-1,0,0,7956,34868,64968,29243,15954,30619,3948,8449,7088,5584,1183,22463,0
34395,66,2,2,-1,-1,0,0,-1,-1,16505,15476,22722,11088,15499,22687,6800,4975,0,3794,4160,0,0
337029,40,2,2,-1,0,0,0,4,5,30911,143244,96386,104086,158678,103913,0,15425,8004,26203,127267,10255,0
42773,74,1,2,0,-1,-1,5,1,6,8413,23050,24696,30827,21568,31483,2944,9506,9681,5083,9468,0,0
68252,64,2,1,-1,0,0,-1,0,0,27955,30304,24941,46603,25923,25473,4552,8402,0,13590,2422,2889,0
94955,33,2,2,-1,-1,-1,-1,6,2,49840,52838,22818,44796,60121,26991,7765,4931,2156,2029,6533,3756,0
41802,60,1,2,-1,0,-1,0,0,-1,8727,3113,16926,6370,28003,15104,1138,998,571,497,5902,2367,0
78336,36,1,2,-1,0,0,-1,0,-1,20527,2460,42999,30673,26152,20388,0,0,29640,0,9536,3345,0
45972,39,1,2,0,0,-1,0,0,3,16236,19336,36175,3309,27435,33770,3101,907,3470,1939,10799,18779,0
85450,34,1,1,0,-1,-1,-1,0,0,30408,22313,54435,16590,8837,20890,0,5257,8493,120,2679,6280,0
53142,57,2,1,0,2,0,-1,-1,-1,30719,24507,30398,28744,6116,45220,0,0,4028,18954,3230,5281,0
61343,35,1,1,0,-1,0,-1,-1,-1,14572,17348,18624,20773,47346,50223,6245,1175,2743,6008,5890,6671,0
19448,55,2,2,-1,3,-1,-1,-1,0,10723,8550,4604,9584,13355,14909,7566,2035,1575,2747,3579,3069,0
217717,52,2,2,0,0,0,-1,-1,1,60017,20492,162170,23548,46303,4934,0,4411,65716,8108,3235,2727,0
78363,61,2,2,0,-1,0,0,-1,-1,36967,52727,34832,60433,28384,3647,12929,6049,5940,19857,4193,0,0
13754,74,2,2,0,-1,3,0,0,0,4425,5462,6112,592,0,10359,1076,2162,3678,104,0,6057,0
35021,21,2,1,-1,0,0,0,2,6,29743,4034,9202,12648,13260,15768,21087,827,900,2739,3735,3884,0
10000,74,3,2,2,2,5,6,-1,0,0,3044,2228,2220,9572,3233,0,591,571,441,0,358,0
63132,26,4,2,0,-1,-1,2,3,2,40174,40218,57028,54053,40585,48371,1670,0,1666,5279,32067,23501,0
48173,49,2,1,0,0,0,0,0,-1,218,25524,19647,5154,22374,27273,46,1787,6123,1338,0,8740,1
68853,39,1,2,0,0,0,0,-1,-1,42440,35247,46127,23891,32484,15522,29068,7505,12534,0,12679,5123,0
24986,55,2,2,-1,-1,0,0,2,-1,12551,13092,6264,10610,9759,878,1808,2541,744,668,1340,0,0
53317,59,1,2,-1,-1,0,0,0,0,17284,13523,17676,14240,16552,16290,3836,2374,9907,4899,2794,1338,0
92018,67,2,1,0,6,-1,0,0,-1,70045,25621,42728,19302,10646,63681,17731,877,3893,14473,0,5500,0
114081,42,2,2,-1,-1,-1,-1,0,-1,9783,46671,43262,45076,48673,52282,3749,20597,459,22012,4496,22353,0
96484,71,2,2,0,0,2,5,6,6,40137,40082,42404,19540,13144,23014,8710,12413,24279,3794,0,724,0
14161,38,2,2,0,0,-1,-1,-1,-1,8486,2180,3239,1092,9436,8690,2659,727,660,148,1003,3719,0
59135,32,1,1,-1,-1,0,-1,-1,0,22934,37618,9299,21362,22195,22235,8849,19604,1382,2048,0,7593,0
60033,41,2,1,-1,5,0,0,0,-1,40177,10904,14147,39079,17693,29375,6236,967,645,2396,0,9078,0
38126,49,1,2,-1,0,-1,-1,-1,-1,29517,18577,18637,6555,9108,21941,7989,7307,2332,96,434,0,0
13001,57,2,1,2,0,0,0,-1,-1,7167,4350,4171,6288,6076,3213,2445,1070,602,1482,1958,922,1
17512,65,2,1,0,0,-1,-1,0,-1,1485,6555,16245,10152,9270,12040,393,3251,4735,0,3553,0,0
227815,33,1,2,0,-1,-1,0,0,0,28358,34829,43293,124039,46343,97490,4943,5666,24731,19380,0,78220,0
18898,37,2,1,0,0,0,-1,0,-1,13254,5727,9201,11364,11400,13886,3855,0,4978,0,4157,7530,0
71290,71,1,1,1,-1,1,-1,0,0,12248,13993,46393,23581,21004,20343,2839,978,10814,2574,0,11002,0
43257,44,2,2,1,0,-1,0,0,0,10033,3816,25215,18815,21854,28811,366,0,5149,8214,0,10651,1
43346,34,2,1,-1,0,-1,0,1,-1,20955,16366,12996,27243,18222,29799,1963,1135,7026,0,7873,3174,0
37953,74,2,2,-1,5,0,0,-1,0,7775,13448,9479,21237,19122,19829,3053,6329,4953,7319,3738,292,0
92162,45,2,1,0,-1,-1,-1,0,0,29301,14595,19359,40346,6270,70259,17197,2858,2488,9602,0,40652,0
35306,74,3,1,0,0,-1,-1,-1,4,13666,8286,19799,16481,1572,7129,544,804,9117,10422,297,2328,0
29717,70,2,1,-1,-1,-1,-1,-1,0,19439,2106,8885,21876,21630,22974,14000,238,0,165,5462,2586,0
51076,69,2,1,-1,-1,6,6,5,3,39897,14289,7406,13780,7052,3464,4346,0,2501,2553,903,1620,0
17640,52,2,1,0,-1,-1,-1,-1,-1,3296,2600,9364,4386,3616,6262,0,0,1967,700,0,0,0
71736,64,2,2,0,0,-1,0,0,-1,23085,8793,5140,33487,35041,22286,4559,0,1440,2212,7789,6644,0
28430,72,2,2,-1,0,-1,1,-1,0,10743,13896,12200,24635,5942,15277,3754,4249,8743,416,825,9056,0
20839,35,3,1,0,-1,0,-1,2,0,7896,5978,10777,71,8112,18435,3334,1255,7038,31,4295,7244,0
103456,23,1,1,-1,0,-1,0,0,-1,26897,14618,18176,34163,41900,49178,14685,7441,11750,9982,2116,0,0
49544,38,1,2,-1,-1,0,-1,0,0,15786,21147,8628,12603,29238,26255,10151,676,0,0,0,2644,0
51826,55,1,2,3,-1,0,0,0,-1,446,5121,15071,17707,10294,27789,77,3039,796,7984,1119,10764,1
174656,50,1,1,-1,-1,-1,0,-1,0,22164,101136,107945,91322,54416,62850,2285,22711,30565,23523,1826,25464,0
22504,25,2,1,-1,-1,0,-1,6,-1,9844,14330,5643,11633,11840,6649,1319,0,1172,3289,2331,0,0
102250,51,1,1,-1,-1,1,5,1,0,61425,42039,16924,75147,79609,52919,11853,3121,4701,24860,12242,12620,0
104780,30,2,2,0,0,-1,-1,-1,-1,50218,72684,38307,26022,37289,74015,9366,49056,27733,10867,5755,32743,0
174554,48,1,1,-1,-1,0,-1,-1,-1,79845,128172,136052,134525,122715,69915,20402,0,28789,43380,0,6063,0
391479,52,1,2,-1,0,0,0,-1,-1,254653,194799,219710,289929,127055,130602,81434,64293,0,100726,40299,25573,0
29327,55,2,1,0,0,0,0,0,-1,15188,13587,11724,8390,8120,10096,9956,4612,2111,1220,290,2764,0
24480,43,2,1,-1,-1,0,-1,0,0,9085,4291,9033,23845,10223,10247,2848,923,0,8748,606,3649,0
94256,43,2,2,0,-1,0,-1,0,0,35609,16175,45618,14116,26655,18195,7547,4384,0,5889,0,4088,0
104004,57,2,1,-1,0,1,-1,0,0,36978,50395,74499,23693,34389,9960,2751,38739,17841,12067,5112,715,0
18228,61,4,2,0,0,-1,1,-1,2,11777,8707,5889,12377,8289,13287,5760,0,0,7394,859,2626,0
72246,64,2,2,0,0,0,-1,1,0,8326,17777,22418,41175,13311,32943,444,4190,4516,8773,7329,6910,0
606729,39,1,2,-1,-1,-1,-1,-1,0,216838,297565,197122,540862,407584,143067,60439,110831,61497,127832,35968,103982,0
74622,43,1,2,0,0,-1,0,-1,-1,25353,25873,17429,8802,54308,35474,7320,3924,4689,3177,8409,19294,0
71834,38,3,1,0,-1,3,-1,-1,6,27783,32674,19585,35773,38848,16120,15644,8325,11211,13315,4992,10909,0
173059,49,2,1,0,-1,6,-1,0,0,26287,54247,67683,61756,52102,36687,2755,9940,48256,7675,20264,4628,0
363304,27,2,2,-1,0,-1,-1,-1,0,70575,63874,141180,109580,83793,82322,27274,20417,76913,19330,4003,38303,0
59668,44,2,2,4,5,-1,-1,3,-1,22964,29282,27777,10306,17867,314,6201,14265,1219,0,620,0,1
187006,31,1,1,0,0,0,0,-1,-1,110038,164049,40048,45739,88018,96651,25943,0,0,25463,25185,17294,0
26087,49,2,1,-1,-1,-1,-1,-1,0,14480,6209,8685,18650,14303,17859,10070,0,2222,2615,0,4310,0
50006,66,2,1,0,0,-1,-1,0,-1,24090,1738,39407,0,22320,14169,7755,707,5651,0,4676,277,0
24008,74,3,1,1,-1,2,6,-1,0,6122,12710,17999,7850,3814,7610,818,3262,4093,0,0,3328,1
15187,45,1,1,-1,0,-1,4,5,0,8885,3842,10378,8771,9042,4253,3208,125,1091,1550,663,627,0
13596,24,2,2,-1,0,0,-1,-1,-1,2753,2617,5074,4521,4142,13596,87,1978,0,1010,0,3495,0
96809,33,1,2,-1,0,0,0,-1,3,40051,28677,53226,24746,27009,48529,14584,0,21806,0,0,39368,0
49171,26,3,1,0,-1,0,-1,0,5,13491,4457,28167,25258,31285,33717,5478,541,3229,4671,16538,19337,0
29827,62,1,1,-1,-1,3,-1,0,-1,19901,7318,12243,3237,16895,8234,6715,5126,2511,0,2627,3134,0
170400,74,2,1,0,-1,0,0,0,-1,79605,55805,62329,62162,84062,4651,0,12103,11729,20997,23689,0,0
28239,50,1,1,0,2,0,1,-1,-1,10835,8561,9928,17514,8223,9666,0,3360,0,1087,1914,836,0
60223,30,2,2,3,0,-1,-1,-1,0,13993,39367,11729,10967,41329,11229,5063,0,4005,401,24004,3642,0
35165,22,2,1,0,4,1,4,0,0,20982,27019,31783,13466,31463,1424,14668,2339,10810,2204,4902,0,0
74759,73,1,3,0,0,0,0,-1,0,31752,55808,27162,56306,19921,57708,21340,6059,21358,11373,1811,0,0
100591,38,2,2,6,0,6,0,0,-1,69753,32689,19555,20779,33504,32468,4846,16489,2179,3773,7597,7438,1
62893,27,3,2,5,3,-1,0,6,-1,12604,27465,32340,19173,33745,13144,0,16632,0,0,23829,0,1
60451,30,3,2,-1,0,0,2,0,1,26917,41745,27154,22472,31013,4299,10376,12900,7831,0,17803,910,0
109162,34,1,2,0,-1,-1,-1,0,0,47047,26151,21459,70586,76234,97469,23520,2634,6714,6135,27768,42641,0
17708,56,2,3,-1,-1,0,3,0,-1,8189,11760,8536,7145,8430,4648,0,0,4342,1229,1567,1763,0
121494,69,2,1,-1,0,0,-1,-1,0,80283,58037,44878,33355,66069,52071,14642,7549,23009,5030,9107,0,0
20989,35,2,3,-1,-1,0,6,0,-1,15583,9181,12299,12516,16541,3693,2128,1602,1711,1387,4980,364,0
45033,58,2,1,0,0,0,2,0,0,9234,25650,5538,18099,18566,4494,4176,0,0,4992,1752,147,0
37009,24,2,1,0,0,0,0,-1,-1,8122,17406,11576,17398,19015,4022,3061,1171,2689,3424,7995,2321,0
90814,21,1,2,0,0,0,-1,0,1,3337,56612,25061,29526,38522,68993,311,16744,2525,4135,32403,30593,0
33263,23,2,1,-1,-1,-1,0,-1,0,15809,13268,9043,21493,13686,28235,10035,5210,984,5391,5224,8064,0
60455,70,1,1,-1,-1,0,-1,-1,0,35208,17901,21093,23299,29505,45196,7818,0,5032,6859,1331,5545,0
250588,52,1,1,-1,-1,0,-1,-1,-1,126569,123395,81891,62306,61427,119709,12981,40251,31435,0,9549,19822,0
24349,64,1,1,-1,0,0,-1,0,-1,15695,10106,8899,2021,12509,6858,2119,4453,2259,445,395,287,0
68493,22,1,1,-1,2,0,-1,0,-1,25766,51153,19624,14428,12731,13932,14087,11071,4758,6255,3819,8421,0
20104,22,2,1,-1,0,-1,0,3,4,2098,3812,6682,17101,3185,11280,0,2177,0,8193,1223,3678,0
84076,66,2,2,0,-1,0,2,-1,0,43890,18179,25107,28739,58147,25993,1355,4134,5001,3505,29590,9850,0
38372,26,1,2,0,0,0,0,-1,-1,14349,5464,9836,24284,8566,16307,0,2450,3045,0,0,5793,0
50555,29,2,1,-1,0,-1,0,-1,-1,20959,28782,39035,22367,19278,18008,5030,10024,8828,554,2715,142,0
11891,49,3,2,-1,3,1,0,3,2,10533,11644,261,4812,8216,4246,944,1123,85,1414,4331,785,1
96428,53,3,2,5,-1,0,0,-1,2,34097,29230,72467,39336,30243,36860,4526,5740,6923,13979,17427,1360,0
36372,33,3,2,0,6,0,-1,0,0,19910,6408,8215,17097,10647,16851,5945,512,1848,9199,1819,3868,0
38312,45,4,2,0,0,0,3,0,-1,12712,20220,24956,26576,11319,15560,1962,1135,1037,9099,0,2550,1
95153,57,2,2,0,0,-1,0,-1,-1,18019,22154,18742,38747,67050,45638,1311,3075,9936,13642,0,3588,0
12609,44,3,1,-1,4,0,-1,-1,0,0,6184,10726,1768,4661,167,0,0,2931,692,36,0,0
20979,41,3,2,3,4,2,1,0,0,8793,9548,2593,2674,6631,15676,2262,552,246,0,877,0,1
78630,24,1,2,-1,0,0,0,-1,0,18567,18726,30006,28907,57756,18884,1441,3509,7814,6884,40250,0,0
10000,45,3,2,0,1,-1,0,5,2,3438,1913,3464,3670,10000,5581,446,326,418,1283,0,371,1
13046,64,2,1,0,2,2,0,-1,-1,5294,8355,2658,4104,4889,9378,531,3292,1726,2453,0,3452,0
25412,54,2,2,-1,-1,0,0,0,0,17216,9448,12539,15699,4527,1365,5744,0,8367,2044,0,50,0
13773,69,3,2,0,5,1,-1,0,2,13529,5936,4783,7220,9854,7241,1860,1248,2175,1047,4086,1176,0
37231,27,2,1,0,-1,-1,-1,1,2,23730,15430,22948,24596,23009,10359,3588,3372,3433,11677,962,20,0
74454,21,2,2,0,0,0,0,0,0,48586,16254,24884,53250,26786,18973,16478,8657,17757,554,4921,9358,0
89313,50,2,2,0,5,4,-1,0,0,43937,19473,27728,31174,32766,37904,0,5170,6976,0,9097,6265,0
208465,30,2,2,0,-1,0,0,0,-1,85521,162979,96653,75355,165450,69783,22137,33733,15252,0,115422,0,0
33699,53,3,1,0,6,-1,-1,-1,0,12859,9781,13056,11839,17472,7286,1809,866,5023,4559,8154,0,1
38824,69,3,2,4,0,1,0,-1,0,27948,31189,16108,4652,19315,7376,12165,6418,0,891,10150,1119,1
48054,39,2,2,3,0,-1,-1,3,6,23637,11358,324,7393,25790,21409,2587,1404,30,0,7111,12597,0
44335,50,3,1,-1,0,1,6,-1,0,24629,4277,23308,37798,20859,12959,3929,259,3619,6005,8536,9224,1
94387,57,1,2,0,-1,0,4,0,6,42770,36520,45550,42093,28736,31232,24802,9708,4684,16796,12735,1325,0
71755,29,3,1,0,0,0,0,0,0,18616,11899,18614,49196,17301,25031,3684,5231,4492,8124,8127,11420,0
143062,69,1,2,0,-1,0,-1,0,0,28740,71990,43397,53088,43058,65590,0,17582,26703,49196,12504,7265,0
74272,31,2,2,3,-1,0,0,-1,0,39140,53724,60516,57461,45500,21560,4554,5964,15971,36851,11631,2135,1
229718,64,1,2,-1,0,0,0,-1,-1,104034,84849,189777,77303,104358,87814,16612,47540,21362,8891,8333,29691,0
50081,56,2,2,-1,0,0,-1,-1,0,21346,28874,17228,27996,35427,0,2580,6929,2619,4093,5325,0,0
30053,28,2,1,0,-1,-1,-1,-1,-1,16969,2925,7079,2824,5364,6084,7353,74,1176,341,0,436,0
47955,60,1,2,-1,-1,-1,-1,0,0,16834,25800,4168,720,16646,6759,2054,16539,1951,226,7191,2317,0
45041,31,2,1,-1,-1,-1,6,0,5,10454,7650,9602,30424,12274,15936,2745,3273,127,13876,2589,0,0
20600,53,2,2,5,0,0,2,5,0,3891,7520,10995,0,10349,8146,514,3849,921,0,2483,0,1
42014,72,1,1,0,-1,0,-1,0,-1,4086,12663,24962,17632,14221,5047,0,0,11029,5902,2922,1297,0
19695,72,2,2,0,-1,-1,2,-1,0,976,7890,3881,14351,13301,2837,0,2630,1094,6114,0,308,0
90367,68,1,2,-1,0,0,0,0,-1,31903,56022,32479,50345,46764,23648,13037,0,11541,0,13739,12243,0
91083,47,1,1,0,-1,-1,1,2,0,23901,25771,25460,31384,44886,27214,6787,8384,3040,2934,14454,4204,0
16669,51,1,1,-1,0,0,0,2,0,9396,6636,9293,10816,4452,3023,2751,1610,5490,3803,2141,669,0
29048,37,2,1,-1,0,-1,0,-1,5,10210,2127,2404,8936,26423,8880,871,0,617,0,10564,1635,0
211113,70,2,1,0,0,-1,-1,0,-1,64941,127618,105637,184792,47215,85567,25322,27757,26932,38584,25511,31122,0
81131,46,2,1,-1,-1,0,-1,-1,0,10080,28702,64493,20058,31683,50845,3662,18812,0,15424,15568,21073,0
70507,62,2,2,-1,0,0,-1,-1,4,22482,9592,52973,6186,28454,47476,2245,383,3556,2039,2349,3650,0
28813,40,2,2,-1,4,-1,0,0,-1,0,16531,3982,10139,22936,14606,0,2915,772,4396,3264,3911,0
61686,60,2,2,0,0,1,3,2,0,18601,10219,11697,27556,23529,9378,0,4464,2242,6267,8093,414,1
33918,33,3,1,4,-1,-1,0,0,3,18171,16314,20637,18371,13902,32158,3870,2747,4183,6569,0,10171,1
25915,60,2,1,0,4,-1,2,3,-1,1315,14158,15964,12519,14874,14122,158,4732,4966,3485,1023,2733,0
46232,23,1,2,4,0,-1,-1,-1,-1,11550,10788,4703,11375,6817,15155,6245,1748,491,3436,976,3423,0
47073,26,1,2,-1,0,-1,4,-1,0,21794,2801,18223,5779,34621,12586,525,1324,2181,1605,4378,3944,0
14899,40,2,2,0,0,0,3,-1,6,12105,9177,853,8648,9813,10229,3342,0,606,2453,1029,7153,0
17003,47,2,2,-1,-1,0,0,0,0,3503,4690,0,8655,4620,11220,1401,780,0,3004,1673,0,0
58506,59,1,2,0,3,5,5,4,0,20348,26165,38085,22919,38128,37502,3612,4301,11097,4256,12850,24161,0
17412,40,3,2,3,2,-1,-1,1,-1,1497,4662,2280,7014,3011,7568,650,2962,525,613,1217,1233,1
26972,21,3,2,6,3,4,3,4,5,18918,2728,23238,6622,24128,11458,2815,0,421,0,0,4050,1
18995,38,1,1,0,0,0,0,-1,-1,4222,15476,2493,10217,12654,12818,1054,0,219,7645,0,699,0
130291,44,1,2,-1,0,0,0,0,-1,92225,63558,96208,75075,51320,8228,20974,38509,28297,24017,15894,1458,0
362527,50,1,2,0,-1,0,0,0,-1,123422,12309,157373,128704,58820,67179,4847,0,95403,17975,3717,12201,0
111515,55,2,1,-1,0,0,-1,-1,-1,63834,7171,20187,3765,55809,66976,0,223,7646,884,12516,31669,0
84774,34,3,2,-1,4,2,4,-1,-1,63567,26385,20583,45365,46151,70401,14144,0,0,21090,8898,14908,0
80894,53,2,2,0,0,0,-1,-1,-1,28685,55667,6337,28672,12319,31290,9111,40852,2854,2321,1545,0,0
84875,55,1,2,0,-1,0,-1,0,5,33658,33046,18128,21169,39078,30422,2426,0,4615,6680,0,1354,0
52534,62,2,1,0,0,0,0,0,0,29456,15920,25475,32775,20307,9477,16473,7858,3122,2047,1132,4273,0
33019,49,1,1,-1,-1,0,-1,6,0,27992,7499,12109,2851,11287,12761,3603,1483,2317,1029,0,5194,1
85139,64,2,2,0,4,0,0,0,0,47677,27009,29625,32164,50223,56923,9161,12335,6800,4048,11864,15082,1
81191,32,2,1,-1,0,6,4,-1,0,30269,12344,58902,61934,5685,25444,3768,5868,13601,0,1163,1605,0
33846,59,2,1,-1,-1,-1,-1,0,0,23759,4028,12578,628,3589,12539,3101,1064,921,184,2383,6105,0
74667,23,2,1,-1,0,2,-1,-1,0,23208,24882,56327,19617,50376,30103,17500,0,10666,4316,6057,8047,0
19695,26,3,1,0,0,-1,5,-1,-1,14765,18483,7815,9886,4483,12073,5397,3944,0,3524,756,1564,0
41451,67,1,2,-1,0,-1,-1,0,0,12523,16059,5846,10512,21450,16223,2166,547,908,4623,1348,0,0
91133,46,2,2,-1,-1,0,0,0,-1,29560,40746,42842,15601,10013,23903,3040,6796,0,4153,3292,11274,0
96847,54,1,1,-1,-1,4,6,0,-1,27350,43807,36723,16459,15239,44641,2009,5154,26318,8980,1910,10469,0
57006,53,1,2,-1,-1,-1,0,-1,0,21363,38688,15478,26899,11881,26523,9965,10269,0,9361,2700,2542,0
25982,58,3,1,-1,0,6,0,-1,-1,709,7696,4544,13519,13285,23250,161,4263,1550,0,0,7515,0
56377,34,2,1,-1,5,-1,0,-1,0,7868,11318,15972,27025,38590,35399,1931,4680,4222,6235,21792,14627,0
15806,30,1,2,-1,-1,-1,-1,0,0,11207,8182,0,2838,13246,1836,8024,2641,0,612,1608,336,0
26736,23,2,2,-1,-1,0,-1,-1,-1,8823,5856,14765,0,4246,19101,3802,2620,2458,0,1713,319,0
17817,67,2,1,-1,0,0,0,0,0,12828,3434,8648,15490,8245,13026,6357,1335,1012,2923,1324,3037,0
34641,33,3,2,3,4,6,6,2,-1,5410,11419,7123,16615,15629,9861,554,1179,0,7782,1994,0,1
117113,52,2,1,-1,0,6,-1,0,0,19743,69922,3471,84061,28002,28632,3966,26799,186,4588,12795,4870,0
100528,45,1,2,0,1,5,0,0,-1,50726,67771,53343,51760,44320,21228,7271,9337,33819,16801,0,0,0
32558,29,2,1,0,3,5,6,0,0,13395,12936,8180,14219,9695,22346,0,2810,1551,2609,2026,4925,0
38995,43,1,2,-1,-1,-1,0,0,-1,3131,16276,9957,13631,5829,0,1025,2774,1968,3909,3744,0,0
37548,25,1,2,-1,0,0,-1,-1,6,23070,24450,9565,13580,15912,9653,5520,1528,1105,3603,6786,493,1
242727,30,2,1,-1,-1,-1,0,-1,-1,163018,86483,42997,60046,113952,22053,29383,21946,12469,14772,17231,0,0
51763,28,2,2,0,-1,-1,0,0,4,9071,16172,31315,25740,20592,4352,1044,2973,11774,11756,0,617,1
80520,65,1,2,0,0,2,-1,0,-1,25314,44658,24963,50142,31785,12896,1228,0,1766,6209,7403,0,0
10000,51,2,1,0,-1,-1,-1,0,-1,1637,2604,3346,0,1757,1432,289,219,642,0,852,1111,0
19058,70,2,2,0,0,-1,0,0,5,7473,6590,3665,7676,4255,11152,0,805,955,561,429,2850,0
47318,44,2,2,-1,0,-1,0,0,4,20359,16933,4461,26232,12766,16517,0,0,2386,0,0,5231,0
46071,31,1,1,0,-1,0,-1,-1,2,25072,19485,23702,13638,20616,28576,6393,4725,6476,1082,407,3075,0
54526,53,2,2,0,-1,6,-1,1,-1,22507,14867,20512,10697,19293,14436,0,4183,1770,5617,9476,3743,0
75536,71,1,1,-1,4,-1,-1,0,-1,37621,41228,22982,26726,13773,41880,0,9702,1682,3719,0,11496,0
110949,49,1,2,0,-1,0,-1,0,0,15483,10341,49321,12878,63289,14959,0,4341,28004,4261,25871,1875,0
15384,21,1,2,-1,0,0,0,-1,0,8498,7295,4192,7324,12260,5419,3864,850,681,362,2668,761,0
28347,37,1,3,0,0,-1,-1,-1,4,16352,7620,13369,21752,5256,10793,925,2887,0,0,250,1327,1
63372,70,1,2,-1,-1,-1,-1,0,-1,23035,21154,27665,52961,32836,29211,7085,10605,7274,24494,6069,7912,0
40886,48,1,2,-1,-1,-1,0,0,0,25278,8963,912,17798,18630,9457,5278,0,431,0,0,5708,0
26771,72,3,1,3,1,-1,-1,2,0,3559,1770,5665,9863,1976,6320,94,972,2270,1206,1121,0,1
53488,48,2,1,-1,-1,-1,4,4,-1,25027,11537,24270,15083,19569,29051,0,4635,0,9019,9679,0,0
37817,21,1,2,-1,1,-1,0,-1,0,22035,21166,22005,5692,19085,16253,7388,3304,4631,913,8722,2104,0
40020,68,3,1,3,6,-1,0,0,-1,6744,4237,24298,11530,10741,31724,0,1131,2614,3973,183,7946,1
106049,62,1,2,-1,0,-1,0,0,0,70894,28269,94921,68859,66747,86294,35876,643,26385,11439,33072,51732,0
51640,59,2,1,0,-1,0,-1,-1,-1,31576,33164,13381,8109,3118,27084,5018,0,10122,2158,356,6889,0
87254,73,2,1,5,-1,-1,0,0,-1,21948,44617,68783,45269,23555,20487,9368,0,10691,4343,11535,1302,0
10000,31,2,1,-1,-1,0,-1,-1,2,5178,1837,2652,7136,10000,3096,2032,752,605,678,631,420,0
42943,69,1,2,-1,-1,0,-1,1,0,4513,10042,19799,6296,28231,26143,3849,2919,0,3866,11549,17994,0
100093,33,2,1,0,-1,0,-1,0,2,68032,43823,3795,49182,18305,23483,12498,11822,585,5208,0,5767,0
24551,73,2,1,-1,0,-1,-1,-1,2,2855,12897,5563,7537,10662,19702,284,2513,999,0,4514,0,0
22025,31,2,3,-1,0,5,-1,-1,0,7290,9884,8316,14197,13734,19560,1487,3799,0,6842,2117,1978,1
44310,50,2,2,-1,-1,2,1,6,-1,42191,26023,30263,5379,15948,29960,1808,12384,7117,0,7985,10400,0
48346,63,2,2,-1,-1,0,-1,5,5,27838,23151,5677,24947,8821,20227,2892,0,1833,533,6435,2335,0
44744,25,1,1,-1,0,-1,-1,0,-1,20459,14107,18467,11445,29729,20647,13726,4198,6248,0,0,2618,0
214241,24,2,1,0,-1,0,-1,0,0,123273,96420,171746,35485,130068,113616,3360,8693,82142,7389,42447,44396,0
86306,66,1,2,0,-1,-1,-1,-1,0,30441,55565,11172,47003,22536,17612,1726,0,738,17297,5533,0,0
16664,24,3,1,5,3,6,6,6,1,9862,12812,4072,9439,9046,10016,47,2827,1019,5870,3642,1966,1
15496,54,2,1,0,0,0,0,-1,-1,3157,6357,1351,731,10609,11207,1986,1495,510,69,1623,5916,0
67809,71,2,2,-1,-1,1,-1,-1,0,36434,7329,39763,40601,24076,16676,5574,1781,14747,0,5500,0,0
23358,54,2,1,0,0,-1,0,-1,0,9163,4187,15402,6267,21214,11252,2039,911,3809,2817,3519,1341,0
384065,46,1,2,0,2,0,0,0,-1,38769,83605,198346,184846,90804,255683,15608,34452,15383,90110,75290,68430,0
96647,43,1,1,0,-1,0,-1,-1,-1,16442,65064,28429,60370,50679,25326,0,17265,5467,18279,6937,17885,0
76724,55,2,1,0,0,6,6,3,5,17994,13846,46346,16734,33551,29620,5269,3374,10333,368,285,4504,1
59811,51,2,1,-1,0,0,-1,0,-1,9978,3597,4264,29506,14371,24126,5590,199,751,0,0,1777,0
120241,48,2,2,0,-1,0,-1,0,0,33347,15458,58749,86169,41464,39631,11420,8704,9342,19007,2875,7617,0
10000,29,3,2,5,4,6,3,2,6,2232,2582,5312,1065,1289,10000,658,260,1724,195,0,644,1
18720,56,2,2,-1,0,5,0,-1,0,9311,11040,10627,2826,7114,6261,0,5793,2536,1727,2050,0,0
112118,60,2,1,-1,3,3,0,0,-1,49368,8875,36555,21739,20913,48207,26619,3769,7199,2613,0,25854,0
162830,59,2,2,-1,0,0,-1,5,0,18664,60511,102267,90110,66441,145110,8578,0,0,16575,13827,4837,0
25546,25,1,2,-1,0,-1,-1,-1,0,8790,5981,6248,3019,8342,4486,0,343,2085,976,984,0,0
16019,58,1,2,0,-1,0,0,-1,0,5696,10135,13544,13401,7214,2960,1200,2001,2031,1963,506,0,0
39235,60,3,2,3,-1,0,5,4,0,16522,14620,13015,12049,12506,12142,11382,6651,1293,1884,3045,2237,1
72281,30,2,2,0,-1,-1,0,-1,-1,31878,870,41315,29097,45012,8497,3055,317,5629,13303,20508,738,0
38608,66,3,2,0,-1,0,0,-1,0,7785,18965,14072,11624,16854,12127,1223,4754,5034,1339,11123,4402,0
65432,49,1,1,-1,-1,0,0,-1,-1,12179,28670,18945,30073,17881,22158,6360,0,88,0,5165,4573,0
15599,46,1,2,0,-1,0,0,0,0,4619,4234,5626,4025,4332,8504,1534,2151,0,659,0,1937,0
36315,60,2,1,0,6,0,0,5,1,7486,12642,19419,18898,9369,22272,2086,0,10390,0,4284,1219,0
28641,48,3,3,-1,-1,-1,0,0,1,11022,8200,14870,16092,12110,4113,2991,1176,0,1689,4693,88,0
44261,50,1,1,-1,0,0,-1,0,-1,28587,5596,17100,2637,18232,12442,10764,0,879,936,0,6164,0
14786,37,1,1,2,0,-1,-1,0,0,10727,6695,6908,9252,5675,5705,4348,4285,1779,2636,2839,0,1
109563,71,1,1,0,0,-1,0,-1,0,66629,50850,49607,32109,65029,52075,28112,0,13914,3075,15676,14118,0
97988,73,2,2,-1,0,-1,-1,0,0,21320,49639,22097,20158,39334,64414,6505,20704,5770,1018,3773,16471,0
25959,28,2,1,0,-1,-1,-1,2,5,3123,14811,1450,8895,8561,5261,1189,7414,402,1792,0,158,0
42244,60,2,2,0,-1,-1,0,0,0,30625,19585,2460,25065,5189,25357,0,6675,859,8999,1688,349,0
46117,22,1,2,5,5,-1,-1,-1,0,6722,29609,25958,21851,9080,15503,297,8217,14174,1385,4153,0,1
33198,40,2,1,0,0,-1,0,0,0,4448,5865,17974,9414,24665,19038,3727,0,8089,3812,9175,4566,0
72731,73,2,2,-1,0,-1,-1,-1,-1,19127,52141,20457,13627,15909,809,1503,6762,7125,5665,4278,459,0
103811,30,1,2,0,-1,0,0,6,0,34512,43875,62429,14046,52807,44877,12538,21054,33377,2445,20366,22340,0
162151,41,1,2,0,-1,0,-1,0,0,74304,34046,53240,89237,111080,72319,7697,12015,0,19405,0,9041,0
113907,32,2,1,-1,6,5,-1,-1,0,53425,57343,63200,4097,73054,57910,9318,15609,23424,1806,24646,16238,0
59815,60,1,2,0,0,0,0,1,5,38018,19616,6572,32933,38188,52074,0,11938,2672,12690,9418,9254,1
333370,46,3,1,0,0,-1,-1,0,0,210019,178765,172079,108626,134950,154323,67211,42642,60187,39177,37251,58334,0
169390,53,2,2,-1,-1,0,0,-1,-1,87946,90808,73021,52435,45116,8620,19303,32368,7842,886,7378,1739,0
28954,71,2,2,0,0,-1,0,0,-1,11575,5763,8154,4981,9234,7846,8810,412,3380,496,4385,1930,0
54245,49,2,1,1,-1,0,1,6,5,38947,5454,12814,17781,23984,21817,8920,579,0,853,3746,10234,1
10010,60,2,1,-1,0,0,0,6,4,2164,5186,2242,5405,10010,5153,1364,2052,353,1535,1141,1277,0
70142,26,1,2,0,-1,0,-1,0,0,10025,36574,21876,28783,9119,10738,1162,23242,8683,3776,0,296,0
187017,32,2,1,0,4,0,0,-1,0,14549,117787,26734,45758,100304,85821,5471,43212,9982,13185,19779,2979,0
635086,72,1,1,0,-1,0,-1,-1,3,297506,149961,147972,72600,327051,349887,22946,22645,34378,50260,79328,62967,0
44488,67,2,1,-1,0,1,0,3,0,12246,31826,16831,10851,17157,34200,2869,8611,1190,6811,7482,6709,0
64081,56,2,2,0,6,-1,4,-1,-1,20598,15195,35592,24440,12362,21623,3172,0,14612,11232,0,3692,0
79558,41,2,1,-1,0,-1,0,-1,0,46214,42194,15889,54764,62346,23878,23216,26493,2808,36553,0,5475,0
238891,31,2,2,0,-1,0,0,0,-1,107200,126187,99979,101819,31100,46909,57294,27302,24338,12818,6153,3694,0
31259,66,1,2,3,4,5,-1,-1,0,23435,5704,16304,3619,16262,10850,79,2557,3671,349,1009,2555,1
410204,63,2,2,0,-1,-1,-1,-1,0,227396,52068,298200,87319,210261,165854,16988,7380,49638,0,64671,61385,0
53253,34,1,2,0,-1,5,4,1,-1,16767,12854,5985,15685,20233,34946,1554,5078,516,7416,353,8659,0
13456,52,3,2,3,0,-1,-1,-1,0,1290,6961,5626,6022,4361,4437,220,1713,1933,404,642,1084,1
38093,54,2,1,0,-1,-1,0,-1,0,1137,21204,20022,19127,30116,24580,92,5617,5042,10745,10913,8178,0
17955,46,3,1,-1,-1,-1,0,3,-1,4193,2457,7335,8030,11971,4466,1203,53,4479,1671,4056,59,1
68555,71,2,1,-1,0,-1,0,-1,0,7497,19922,43356,10686,24927,27923,683,8171,12476,6674,18759,5229,0
10000,27,3,1,-1,0,-1,-1,0,3,0,6045,4281,3551,7149,3500,0,1750,2130,0,3450,0,0
76863,34,1,1,2,-1,0,6,0,0,38157,14625,7477,24860,23807,9642,2528,7886,0,11555,1005,3900,0
116733,26,1,2,0,0,0,6,0,0,32079,26106,29639,20964,40805,14649,4723,3786,8615,0,600,1209,1
224748,58,1,1,0,-1,-1,0,-1,0,41683,126204,66492,106722,153906,103646,30191,15057,25412,15277,83010,25873,0
118297,55,1,1,0,-1,2,0,0,-1,3582,51802,7149,41472,40260,34628,1850,0,1299,6927,20362,13033,0
106974,74,3,2,0,4,1,4,2,1,50642,40560,48486,74027,16063,14132,6786,23259,31066,20948,1644,5823,0
30196,50,2,1,0,0,0,0,-1,0,21700,14387,10682,14092,18239,22427,7668,0,3324,0,7228,6222,0
67194,29,2,2,0,6,0,0,-1,0,2585,16660,12975,33214,28690,38882,924,6284,1954,4931,7761,9944,0
10000,45,2,1,-1,5,5,1,0,-1,391,2087,5836,4151,4399,9082,0,903,638,1687,733,4892,0
44748,25,2,2,0,0,0,-1,-1,6,16858,38223,5253,20870,8295,26441,6316,0,2262,5893,0,20229,0
66796,57,2,1,0,-1,-1,-1,-1,-1,29826,9962,40678,22207,12676,38084,3106,3266,536,7031,585,2652,0
50267,57,3,1,0,-1,6,-1,-1,0,3388,18911,16612,16808,30762,21477,0,4218,3469,1160,8136,8664,0
13915,67,2,2,0,0,0,4,4,-1,3689,8241,3434,729,7102,0,656,392,690,20,712,0,0
35877,39,2,2,0,0,-1,-1,-1,6,17621,12399,23846,7611,13362,10288,5891,4374,1108,479,6855,3168,0
56154,37,1,1,0,-1,0,-1,-1,-1,24455,14923,11770,2480,23374,23029,0,1935,3972,0,4270,0,0
24344,24,3,1,-1,0,0,-1,-1,-1,17069,6569,9636,9007,6589,20683,7844,1399,803,2164,1048,202,0
122574,43,1,2,0,-1,-1,-1,-1,-1,63738,63712,47511,49518,48798,61020,42924,10575,23320,3764,2939,0,0
41214,46,2,1,0,0,-1,-1,0,-1,12464,15984,15309,39008,5947,7446,4694,3242,2457,6712,2314,0,0
37152,61,3,2,0,5,-1,5,5,0,16993,20723,15385,25040,10322,25305,355,3467,2818,2303,3059,550,1
46387,61,1,2,-1,0,-1,0,4,3,10266,23697,4482,13931,17291,26617,0,4199,859,888,2596,0,0
160866,28,1,2,-1,0,0,0,0,-1,56139,15153,18680,58646,101499,32952,7273,6610,10493,16322,28422,5821,0
121952,36,2,2,-1,0,-1,-1,-1,0,11680,80205,37408,71496,55986,64494,1881,15594,3221,22882,8308,27845,0
38304,48,2,1,4,0,0,-1,0,-1,15230,22057,16352,10002,20878,12856,0,0,4472,921,2894,0,1
335640,39,3,2,-1,-1,0,-1,-1,-1,89731,11885,63806,49827,233519,132134,21613,0,16861,3318,48184,0,0
18585,22,3,2,0,-1,0,0,5,5,5759,7180,2970,3854,7048,7266,1083,1110,78,0,0,2863,0
109727,66,2,2,-1,0,0,0,6,0,72418,34272,24386,38393,86540,90747,10566,10191,4375,0,39230,13978,0
16034,60,3,2,-1,6,1,6,2,6,1996,11004,5283,12355,11662,7948,72,2240,2666,4182,106,2578,1
90982,49,2,2,-1,0,0,0,-1,-1,26350,18876,13387,23176,46245,68606,12361,0,2519,8223,7747,13708,0
59833,38,3,1,0,-1,6,4,6,4,33649,21758,15995,24219,52091,26351,5332,2194,1381,0,8423,0,1
30548,66,1,3,3,-1,-1,-1,0,0,3150,23675,9990,19316,12483,0,540,6758,2022,0,2992,0,0
44157,22,2,2,-1,0,-1,0,0,0,29180,7281,28982,17015,8524,12552,0,3511,4553,4407,4037,4988,0
305793,45,1,1,-1,-1,0,0,0,0,149124,134163,57679,61874,170537,190002,0,30501,32697,0,21775,74783,0
35775,64,1,2,-1,-1,1,-1,0,-1,10376,20188,25563,14128,20718,18985,975,743,1354,2191,9783,4387,0
67608,72,2,2,0,0,-1,0,0,-1,21211,40914,11080,8009,38465,35175,11320,9562,2290,0,10019,12880,0
89756,34,1,2,0,0,0,-1,-1,0,19292,58869,29087,36106,29825,45946,8650,11894,2907,10847,4503,11172,0
47390,56,2,2,0,2,0,0,-1,-1,4324,38475,11861,21069,18076,28692,0,19613,0,3305,3509,4859,0
12272,31,2,1,0,0,0,0,2,0,3468,0,1519,7636,10684,2584,0,0,721,1768,0,575,0
133168,27,1,2,0,0,-1,-1,-1,-1,94810,46882,97906,61600,45291,82909,28057,14907,9205,28245,9451,17970,0
49478,40,2,1,-1,-1,-1,-1,-1,-1,16189,7567,20411,24074,29060,13203,1031,4705,1757,15650,17783,1814,0
118548,68,2,2,-1,-1,-1,0,-1,0,21928,77041,67109,22549,80324,30963,2200,0,10313,5867,0,1784,0
41304,58,3,2,1,-1,-1,0,-1,-1,21971,17674,6123,17329,11848,16102,0,1925,1199,8468,0,9032,1
72261,47,1,2,-1,0,-1,0,6,0,930,56633,42823,23694,30094,57147,67,24716,13293,3504,4778,3568,0
46228,36,3,1,-1,2,1,5,0,5,34202,23597,18628,4556,21627,32964,5382,0,0,2500,0,18942,1
15573,28,3,2,5,3,0,-1,-1,-1,11507,4858,8566,5051,2848,12079,8801,1044,0,1358,141,2770,1
170499,35,2,2,4,-1,-1,-1,0,-1,93576,78380,132590,101626,111442,108676,28783,19081,21323,56369,38308,39674,1
36303,29,2,1,-1,-1,0,-1,0,0,17445,9655,15270,3540,16514,14824,0,5505,1017,287,8451,1517,0
36678,31,2,1,0,0,0,0,0,0,15019,7413,14806,11489,7267,20755,4713,1967,8868,4496,2457,10582,0
137838,58,2,1,0,0,0,0,-1,-1,77577,37326,41794,48881,47012,92582,36665,15791,17922,13810,18747,0,0
83645,28,1,2,-1,-1,5,-1,0,-1,48519,42229,46284,52600,26596,20394,3903,0,0,7198,4346,1758,0
28400,23,4,2,-1,0,2,1,3,0,16956,2035,5545,10047,11503,2369,2697,920,2512,2452,4575,0,1
47780,50,3,2,0,-1,-1,2,6,6,16646,16146,13696,14826,29574,10720,952,7766,1623,6879,2346,3065,0
80885,36,2,2,4,-1,0,1,5,0,26061,6576,34436,43401,64503,39881,11792,4307,5244,2403,9001,12728,1
44592,45,2,2,2,0,0,0,-1,0,16859,3628,6488,35427,7386,3006,10705,591,921,20847,0,1735,0
102525,28,2,2,0,0,-1,-1,0,-1,57506,40910,38848,42895,40795,49493,0,24672,11300,9754,14428,12932,0
17739,32,2,1,0,-1,1,-1,-1,0,3737,5076,10622,880,4916,13963,751,1845,2103,545,1052,2426,0
42309,44,3,1,0,-1,-1,0,5,6,11489,6702,9815,15113,8040,19188,3096,0,2451,0,2818,1344,0
130181,58,1,1,0,-1,0,0,-1,-1,46646,21763,97844,46188,46286,78838,11986,1685,0,6036,9642,0,0
112860,43,1,2,-1,-1,0,-1,0,4,37141,21316,38207,24016,89327,54403,10150,3190,1888,3248,40127,2496,0
11425,50,1,2,-1,-1,-1,0,-1,0,4903,6863,1816,2541,2123,4300,57,941,666,253,844,2279,1
31009,49,3,2,0,0,0,0,-1,5,6366,17829,12348,314,10810,16873,2906,966,0,81,1913,9714,0
18560,35,2,2,0,0,-1,-1,0,-1,3258,20,9193,2837,13680,7964,1299,4,3610,445,2176,1928,0
95984,36,3,2,5,6,-1,0,0,6,35036,13866,33449,71947,82120,14949,9509,1168,11860,20134,16750,4156,1
35862,43,2,3,-1,0,0,4,6,-1,26863,16721,25002,11393,1589,13356,5548,743,1739,0,773,2164,0
175647,22,1,2,-1,-1,-1,0,-1,0,90679,88042,48328,32250,38572,98161,34346,19482,7887,15574,0,47026,0
12960,58,3,1,-1,1,2,0,0,1,9729,3347,12629,4971,6763,7612,4762,613,3294,1700,553,0,0
67004,54,2,1,0,-1,-1,0,0,0,29264,39849,20321,9304,16848,37459,12036,16650,4632,0,4575,2671,0
49333,37,2,2,-1,-1,-1,0,-1,-1,10749,14369,13383,21387,16931,33749,1186,5406,2601,0,6739,8268,0
626389,41,1,2,-1,-1,0,0,-1,0,74179,217550,118268,372247,166613,193242,11729,72608,0,24923,28779,57670,0
176101,38,1,2,0,4,-1,0,-1,0,99471,73668,77044,41690,109089,57949,33485,14397,43736,4339,0,32501,0
167305,56,1,1,-1,-1,-1,0,0,-1,120992,105685,124384,23239,41554,27364,53723,36778,28913,6288,13614,1839,0
248263,62,2,2,5,0,0,0,-1,3,81109,114108,165061,97848,80950,79435,31890,80539,23602,15519,16814,0,1
61513,26,2,1,-1,-1,0,0,0,-1,18344,19784,32775,16318,20623,36561,3335,5991,12034,1121,3354,22114,0
63377,43,1,1,0,0,-1,-1,-1,-1,24916,42629,20542,18607,4206,40874,7470,5814,6957,8239,1669,38616,0
57852,21,1,2,-1,0,1,2,0,-1,44891,30529,37343,1854,16763,48638,24090,5857,5626,263,536,16833,0
89207,45,1,2,-1,0,0,-1,0,0,30330,15110,56704,36513,28920,19749,6384,3499,1626,0,6076,8995,0
10000,34,2,1,0,0,0,-1,-1,-1,2428,5061,2395,5936,7877,3709,0,2442,0,1387,3645,2045,0
34378,39,4,1,0,3,0,6,-1,-1,15155,15539,19098,23549,22776,5196,4197,0,0,0,8366,3309,0
58772,45,2,2,0,0,-1,-1,0,0,31700,24145,29030,16245,26060,33590,4369,7149,22440,1690,2325,5137,0
60584,38,1,1,0,0,0,-1,0,0,28699,50537,0,35736,3461,27361,1511,9940,0,9489,460,12929,0
14404,42,2,1,2,0,-1,-1,-1,0,1277,1324,12166,9092,7400,4838,0,617,5469,455,1607,0,1
30438,62,3,2,1,2,3,0,-1,-1,6502,18245,10730,23121,8922,11540,0,5430,1238,7194,1677,3959,1
14372,64,2,2,-1,0,-1,0,0,0,7390,6038,4672,7254,8399,4683,0,3106,1336,694,2723,0,0
141822,21,3,1,2,1,3,-1,-1,0,19999,37592,82937,35817,35346,91177,0,8968,6799,7625,16649,50126,1
27929,41,3,2,3,0,0,1,-1,6,7752,7119,17987,3579,11212,5072,2690,2020,8426,1315,0,974,1
10000,66,2,2,-1,0,0,1,0,0,4324,4949,2745,130,2048,0,885,0,598,0,1216,0,0
29089,49,4,1,-1,-1,-1,-1,-1,0,11417,2196,12612,12288,8330,13560,2226,711,511,0,3969,4894,0
140475,32,1,1,-1,-1,-1,0,0,2,91616,106752,23578,20705,44199,60278,8251,11349,0,0,12534,9098,0
39505,53,3,1,5,-1,0,-1,-1,0,19788,11073,18868,28038,26489,6591,5843,1964,0,16634,7476,1447,0
16518,28,3,1,2,6,3,2,0,3,11686,5325,1849,8750,6075,6931,4357,190,471,5427,1708,0,1
19944,22,3,2,-1,-1,2,0,6,5,3494,12214,5452,9430,8732,7288,0,2626,2451,1351,4555,0,0
38969,55,2,2,4,0,0,0,-1,-1,11756,21549,16230,15205,27997,14596,4605,4847,4946,2055,3607,4216,0
34484,48,2,3,-1,0,-1,0,0,-1,8531,21161,20789,7317,17663,16297,277,14346,0,1946,2972,2987,0
25054,61,1,1,-1,0,0,0,-1,0,1990,4563,7700,3334,6196,12696,141,1286,1705,953,1805,2754,0
46440,39,2,2,3,-1,0,-1,0,-1,25573,26684,21051,25285,25490,27639,20316,6193,6648,8488,10602,2544,0
16865,67,2,2,-1,0,-1,-1,-1,-1,0,6963,1235,6608,6645,3828,0,850,0,2830,1482,773,0
104739,43,2,2,0,0,-1,0,-1,1,49675,32023,61612,44214,40256,39476,8915,0,2002,12298,24697,4567,0
115483,60,2,2,0,6,0,1,-1,-1,26973,54822,65973,51351,65969,42095,0,13186,0,20911,23004,14868,0
30758,26,1,2,-1,0,-1,0,0,-1,25653,22211,5377,25347,17676,14087,3229,0,2883,11227,1713,6076,0
38683,26,1,2,-1,-1,-1,-1,-1,-1,19874,7387,18635,8685,17841,20513,7953,3798,2007,1207,2871,0,0
48926,63,1,2,0,5,6,0,3,0,11067,14315,9913,13271,29744,20757,5829,3450,7053,4752,12473,0,0
47800,66,2,2,-1,0,-1,0,0,0,13937,23683,18609,20474,9469,9607,3152,3970,0,0,2100,1146,0
60203,71,2,3,-1,0,0,0,-1,0,6293,42429,11263,13317,4001,36848,1059,0,2977,0,645,11220,0
71000,38,2,1,-1,0,-1,1,0,1,7093,27494,34418,2738,39196,16006,3358,6018,8993,295,1571,0,0
97562,22,1,1,0,-1,-1,-1,-1,0,34012,60228,50654,53242,36994,55053,2424,2510,17364,19977,30205,8448,0
169921,73,2,1,-1,0,-1,2,5,-1,96478,112719,72524,557,39739,58936,30612,35232,28361,200,11475,13619,0
51446,53,2,2,-1,-1,0,-1,-1,-1,13949,22097,15433,37346,14845,35345,1815,10331,2618,6511,5405,1754,0
24209,34,1,1,0,-1,0,0,0,0,5140,6778,12954,5388,9314,9124,2376,2705,4181,907,1031,0,0
18941,62,1,1,-1,-1,0,0,0,0,12007,1137,12074,10874,15176,11408,114,269,4777,1932,2838,3075,0
181430,69,2,2,0,0,-1,-1,-1,-1,52929,138169,76853,112005,78517,46393,28913,31887,10557,1563,25703,7167,0
73697,36,2,1,-1,0,0,0,-1,0,29107,52210,45822,39495,58583,56572,0,0,4328,5987,22060,17744,0
80953,62,1,2,-1,-1,-1,5,0,0,8323,58555,35257,41769,49003,21998,0,10011,1984,29262,8941,322,0
98290,63,1,1,-1,-1,-1,-1,-1,0,46635,59695,47522,20589,15688,58888,4322,27631,10452,11133,0,10739,0
78017,48,1,2,0,0,-1,-1,0,0,18756,5625,33130,19730,9701,29467,5570,238,16548,3302,614,10937,0
97054,55,1,1,-1,0,0,-1,0,0,30285,9158,37110,56128,36646,23744,17254,4793,12685,12656,0,14572,0
50939,35,1,2,-1,-1,0,0,0,1,8050,5059,35657,16962,5187,6624,504,975,7194,2234,1636,2623,0
114023,71,2,2,-1,-1,0,0,-1,-1,23552,2707,40634,53758,37622,31296,1321,1429,8575,2499,0,6600,0
32212,74,2,1,0,-1,1,6,0,0,15111,21612,8013,13545,23103,8060,3538,847,4495,760,6255,221,1
23798,73,2,1,0,0,-1,-1,-1,0,8760,2975,3264,0,19655,7456,1281,259,611,0,2698,0,0
12674,60,2,2,0,-1,0,-1,0,-1,5273,8352,557,3595,5242,0,2386,63,181,107,0,0,0
40530,23,2,2,3,2,0,-1,-1,-1,18093,28717,6120,14467,8871,10762,1622,12568,2057,5295,1552,1010,1
189183,40,1,1,-1,-1,0,0,0,-1,70845,107068,47163,69794,139029,96349,15263,44023,16435,12359,12259,0,0
47600,45,1,2,-1,-1,3,2,5,4,30315,11738,23826,8417,19996,11564,6625,1116,0,947,0,6330,1
22779,72,1,1,-1,0,0,0,0,0,16907,6335,11406,12566,20993,19786,0,759,2450,3231,1291,4992,0
61565,50,2,2,0,-1,-1,0,0,-1,29923,31679,22372,7451,34758,30773,6804,19534,2558,213,2486,0,0
29118,49,2,2,0,0,-1,5,0,0,13092,18351,10774,6626,19220,10475,0,1027,1079,286,1037,2553,1
169162,28,2,2,-1,-1,-1,-1,-1,0,45970,78784,79452,28622,118851,90234,10997,0,0,5044,49487,23648,0
115806,63,2,1,0,0,-1,0,0,0,21431,32654,71263,61410,28606,40253,0,10543,23749,32963,10601,14388,0
12414,39,3,1,2,1,0,0,0,5,5547,7914,2711,3820,1586,11303,1593,2178,925,319,359,1352,1
59716,25,1,1,5,0,4,0,0,-1,6150,29553,49854,34645,37131,17174,0,11668,35218,7373,13450,0,1
26789,74,2,1,2,0,-1,0,0,-1,9320,1540,2258,2937,11111,25312,2945,1156,1139,746,2268,1538,1
19372,31,2,2,-1,-1,3,0,-1,-1,6786,4428,9644,1372,10652,6203,547,1285,3256,0,975,983,1
46875,21,2,2,3,2,-1,0,0,-1,18588,19525,4128,1833,33363,12220,2365,8921,816,162,3286,2222,1
94332,25,2,1,-1,-1,0,6,-1,-1,40835,4268,27636,36964,0,47825,32086,387,4944,2080,0,15084,0
45918,45,2,1,0,-1,-1,-1,-1,-1,15488,22855,17296,20491,15500,16610,8087,3330,9779,1089,6312,9020,0
45412,26,1,2,0,-1,-1,5,5,0,3024,32656,27982,5447,18503,21090,621,4873,5450,1843,7920,5101,0
10000,66,2,2,-1,-1,-1,-1,-1,0,3802,5146,5873,2099,3501,6328,0,2325,1659,0,525,2176,1
28777,48,2,2,0,2,0,0,0,0,21534,3221,8802,21390,9191,14674,4934,115,0,8355,5013,2185,0
76224,38,2,1,-1,-1,-1,0,-1,0,27443,47396,3543,15830,15426,28275,13760,0,1261,5470,4100,0,0
11728,21,4,1,-1,-1,0,-1,-1,0,759,4234,4360,3827,5492,6441,104,1516,1089,495,0,0,0
136769,46,2,1,-1,5,0,-1,-1,0,93207,61040,62515,12919,20952,99243,25820,23806,16843,5550,3083,26206,0
30732,29,2,2,-1,0,-1,-1,0,0,10225,11015,4496,9913,5095,12725,639,0,188,5573,0,0,0
57238,73,2,2,-1,0,0,0,0,6,4528,29091,30542,33726,3976,36141,2177,4683,2157,5020,1475,3546,0
35620,36,2,1,0,0,-1,-1,-1,0,10352,6676,20321,27805,23591,13544,1104,676,7405,10174,6332,10743,0
13390,46,3,1,6,-1,-1,0,4,0,1442,7207,12591,6837,5675,7255,1198,1258,3593,1241,0,1472,1
97607,22,1,2,-1,2,5,0,-1,-1,28432,17863,59371,59024,47433,54215,4725,8674,4142,24839,7068,6567,1
30381,28,2,1,-1,0,5,-1,0,4,10754,4804,11636,11516,8483,12971,6510,0,3541,2341,3372,4447,0
25174,32,2,2,0,0,0,0,5,1,6366,18557,8478,4844,15164,5069,2503,7836,125,0,6168,639,0
10000,23,3,1,0,-1,6,-1,6,-1,2308,6110,6641,7820,791,1430,183,3218,306,1985,280,38,1
138988,60,2,1,-1,0,-1,-1,0,0,91615,32443,105806,50766,42576,53092,29239,11798,38894,16539,10913,0,0
34483,72,3,1,1,3,0,0,0,-1,11317,17132,23630,15943,20081,16899,2248,6195,4075,5101,7003,4409,0
83164,74,3,3,0,-1,-1,0,2,4,40686,5972,15295,42279,24932,19523,15915,0,4149,8810,9836,0,0
112715,35,1,1,0,-1,-1,-1,-1,-1,41141,22822,4739,69511,57418,67796,12138,7187,991,21466,726,4546,0
83155,63,3,1,0,0,-1,0,4,4,14643,17944,51012,10810,31166,38138,4680,1844,8109,2413,12708,10776,0
21851,48,3,2,-1,-1,2,2,-1,4,8070,9160,7024,18952,11093,3526,1569,1109,4063,0,3716,1329,1
22891,23,1,1,6,-1,-1,0,0,-1,5433,3887,13022,15772,5206,10760,1368,0,9591,0,2024,1441,1
90233,25,2,1,0,0,-1,-1,-1,-1,50564,25088,29587,51980,19193,28070,5185,2925,345,0,0,888,0
76163,50,1,1,-1,-1,0,0,-1,0,30041,33132,42427,35356,16054,54409,189,5930,14619,13378,7432,19025,0
33755,43,2,2,-1,0,5,0,-1,-1,25248,13606,0,12436,16313,6943,11052,3007,0,1116,7845,3104,0
124323,21,1,1,0,0,0,-1,0,4,53318,83193,51237,18182,14605,19955,12118,0,18722,4468,0,3679,0
62724,71,2,2,-1,-1,0,0,0,0,20013,53611,7048,41015,12962,33512,5078,14632,1844,21166,4248,18377,0
81727,60,2,2,4,0,0,-1,5,0,16200,34506,22666,13485,24745,8284,8293,12147,2720,3250,3049,2223,1
21635,48,2,2,-1,6,0,-1,-1,0,5325,8079,3675,9197,7485,9050,784,4051,1254,3822,3010,1515,0
150026,74,1,1,-1,0,0,0,0,-1,17348,77619,32272,53036,51051,51058,3359,6750,6963,10521,28251,20877,0
48839,73,2,2,0,-1,0,0,1,-1,23644,12546,16247,9124,38642,13848,7866,3347,3764,6083,10867,0,1
116762,73,2,2,6,-1,-1,-1,-1,-1,14218,27513,54184,73201,23248,53287,6040,6917,7347,5664,3730,7768,1
106361,34,2,2,-1,0,3,4,4,0,45950,41341,71533,6479,21911,71790,13618,3237,58925,2444,7078,20394,0
118837,68,1,1,0,0,-1,-1,-1,-1,12208,51353,27041,10367,6533,41479,0,6261,2420,7655,1950,12116,0
62791,48,1,2,0,5,-1,2,0,0,4648,21114,18778,43852,30953,12762,644,8758,2201,20644,17870,4326,0
86478,60,2,2,-1,-1,-1,0,-1,0,62709,37852,43863,58204,35564,63685,7159,5488,28141,25538,0,0,0
83445,67,3,2,-1,6,5,0,-1,-1,18091,31532,11709,12471,35881,10633,0,0,1367,5359,9800,3110,0
111508,29,1,1,4,-1,0,-1,-1,2,43332,60614,32576,30146,47379,27134,19323,10297,7494,2133,27397,7532,0
57646,45,2,2,0,-1,0,-1,0,-1,14984,10931,20685,29214,9392,15182,5416,1973,8729,10427,1720,2894,0
121291,27,1,2,-1,-1,0,0,0,-1,68379,20882,47298,59986,108719,83222,40252,8827,0,13576,76976,30764,0
32190,36,2,2,-1,-1,-1,-1,-1,-1,17116,14954,4722,9345,24453,22167,3055,0,2277,5040,1013,0,0
230421,43,1,2,0,-1,-1,-1,0,-1,99171,47038,61426,20913,36950,85251,0,5325,21336,4116,15782,18184,0
12765,67,2,2,-1,0,-1,0,-1,-1,11273,5995,4687,9449,0,1900,0,0,167,1534,0,499,0
50388,67,2,1,0,-1,0,-1,0,0,26461,12492,36833,3194,34816,21714,13415,0,3900,0,0,171,0
49598,42,1,1,0,0,0,4,2,-1,9774,17927,13746,24862,39412,23600,3454,3518,318,0,17568,2663,0
41099,38,1,1,-1,-1,-1,-1,-1,0,21281,12113,4399,11813,8864,16908,11440,3243,359,1943,1988,6241,0
62577,49,2,2,0,0,0,-1,-1,-1,19260,12672,16780,34283,31066,51671,4353,3267,0,27609,9444,16242,0
19922,70,2,1,-1,-1,-1,-1,-1,0,10192,8309,11415,13155,12578,12042,1015,0,5742,1807,4917,1049,0
191927,73,3,2,0,-1,0,0,-1,5,83664,91827,41203,114633,94555,135754,11948,30565,0,0,0,34899,1
16619,33,2,3,-1,0,0,-1,0,-1,10824,13771,7821,6002,279,8799,2658,9814,2460,1295,40,914,0
16031,31,3,2,-1,1,1,0,-1,0,5352,3034,7448,3347,7391,0,0,868,0,1171,742,0,0
21235,59,2,2,-1,-1,0,-1,0,-1,9332,3041,11117,9418,5667,9654,3389,191,2385,3754,1430,2508,0
80440,37,1,2,3,-1,0,-1,0,-1,1363,25429,34558,23808,33742,20119,1124,6659,16624,3920,7322,917,0
154524,31,1,1,-1,0,-1,0,0,0,55235,93963,77780,53459,76730,91356,16977,10065,0,0,0,2549,0
74667,22,2,2,-1,0,-1,-1,-1,0,15003,18387,31421,27460,38125,63822,3583,9271,18855,15974,14362,15566,0
222870,42,1,2,5,5,-1,-1,-1,-1,50535,53713,42809,115179,118885,77259,8950,17837,0,8983,23939,0,1
17703,42,3,2,-1,1,0,-1,0,0,5583,11030,14250,11800,4877,11572,0,1601,1355,896,1445,1493,0
83031,51,2,1,6,3,4,4,6,6,49498,50052,24438,27796,30847,49555,11581,13599,16240,10641,11193,7225,1
38452,31,2,1,0,-1,-1,0,-1,0,16347,16649,13113,22338,32809,29921,0,6468,1018,1661,16162,13344,0
58833,59,2,2,0,0,6,-1,0,0,18093,58833,47408,40884,30107,5189,1556,16580,19253,16695,6631,0,0
119007,57,2,2,0,-1,-1,0,-1,0,10248,28749,42530,57454,62860,39312,5466,169,545,1362,3048,21945,0
12659,45,2,2,0,-1,-1,-1,-1,0,4053,7679,3529,7209,4073,12659,1186,1025,1370,2729,594,3278,0
337485,30,1,2,-1,-1,0,0,-1,-1,75374,205445,279876,80461,230593,38520,14907,20889,156768,15113,0,143,0
61100,48,1,2,-1,0,0,-1,-1,-1,35412,26850,32177,22834,31438,57130,6289,5477,0,10728,6347,15534,0
18980,57,1,2,0,-1,0,-1,0,0,5566,12021,6833,14549,8084,12639,1053,0,0,2288,2767,2754,0
39426,41,1,2,-1,-1,-1,0,-1,-1,16973,6227,11557,2482,16288,23910,181,751,4337,1032,12625,0,0
53201,35,2,2,0,4,0,0,-1,-1,20802,5808,17244,22905,21302,31754,0,1921,6455,9104,7586,2994,0
39419,48,1,1,-1,-1,-1,0,-1,0,6322,17871,26310,11870,28780,26226,1449,2304,0,3599,3128,3918,0
13335,40,1,1,-1,0,-1,-1,-1,-1,3895,2871,1783,3871,12724,5193,831,616,511,0,0,627,0
37077,42,3,2,-1,6,-1,0,0,2,17421,27280,12553,9229,3945,11301,1910,14639,6379,5527,1110,2585,1
19262,39,4,1,0,6,0,5,0,-1,4431,14632,8857,5926,7362,8665,0,5412,1576,2492,1608,3673,0
82529,37,2,2,0,0,-1,6,5,3,18171,28035,13128,41594,54614,7902,4776,0,7793,2005,7040,1748,0
20853,59,2,1,0,0,-1,-1,-1,6,5162,7418,11414,5925,4591,7388,0,2743,1450,1485,594,195,0
299306,45,2,2,0,0,-1,-1,-1,0,88750,151204,123702,81719,44452,211952,0,37189,28310,24240,0,65925,0
103505,46,1,1,0,-1,-1,-1,0,2,48974,69669,77422,20490,39108,13585,9828,11955,14531,1646,9300,2413,0
57379,56,2,2,0,0,-1,0,-1,0,36739,19483,7403,49376,5984,35248,15667,5919,3996,11627,3509,9885,0
112980,40,1,2,0,-1,-1,0,-1,-1,25837,20819,41424,86356,37388,48538,8765,5171,20291,5936,482,0,0
11416,26,2,1,-1,0,-1,-1,0,-1,5537,7812,8303,6300,2844,4949,0,1746,5276,1315,556,162,0
23057,67,4,2,2,0,-1,2,5,1,7351,5271,4294,6457,3653,1544,3621,3133,194,558,547,428,1
204110,24,2,2,0,-1,0,0,0,0,151153,109773,65656,88321,142785,144805,23803,58243,20900,2121,0,64650,0
26561,51,4,2,0,-1,2,0,0,-1,15655,9179,8580,11455,9519,3219,7476,3020,386,0,0,355,0
46617,35,2,3,-1,0,0,0,-1,-1,18877,28282,23184,13553,42888,24113,6611,5227,14322,4771,17467,2337,0
33752,32,2,2,0,0,-1,-1,6,3,29972,2076,13317,18309,12342,12766,7678,794,5594,2272,4890,2381,0
158198,23,2,2,-1,5,-1,-1,-1,-1,109178,68715,115774,55298,78841,97335,45449,25516,24451,12353,24867,5765,0
40307,69,2,2,0,0,0,-1,0,0,1913,17192,26988,21340,18691,25864,530,4447,18285,7416,10174,11845,0
18007,44,2,2,0,-1,-1,0,-1,1,10539,2094,10693,4534,10487,4060,6121,898,0,0,559,443,0
540107,39,1,2,0,-1,-1,-1,0,-1,253803,203403,40442,83820,128636,62567,181578,78332,13882,38998,15873,31492,0
16317,61,2,1,0,0,-1,0,-1,-1,6210,4667,7195,617,7402,10588,3534,1110,763,231,3215,5040,0
63485,23,1,2,-1,0,0,-1,0,-1,24367,43725,4264,48340,6588,38733,7807,0,168,5179,0,8828,0
24998,51,2,2,0,0,0,-1,0,-1,13941,11586,15694,10838,6614,2560,8240,4209,8819,3347,1156,835,0
39151,47,1,2,-1,-1,-1,4,-1,5,4109,26944,11383,9529,10120,12566,859,4893,7949,1663,0,0,0
20996,50,2,1,0,-1,-1,0,4,3,11218,14722,6940,6011,8986,6277,8178,768,1604,2835,2764,1496,1
44554,27,1,2,-1,-1,-1,-1,0,0,26066,5697,2875,13600,7010,38332,12310,1204,0,4652,519,16829,0
150798,72,1,2,1,4,3,4,-1,0,72153,56188,38442,54216,34380,36944,14233,48785,4646,0,1217,4564,0
10704,33,2,1,0,-1,-1,-1,-1,-1,9484,0,0,7354,4761,2563,4801,0,0,1010,2288,0,0
188173,57,1,2,0,0,0,0,-1,5,47685,65088,84273,9210,31138,88940,0,20655,0,2977,4543,46942,0
81964,61,3,2,3,3,5,4,4,4,30227,52178,19253,16456,10843,33182,5541,13114,5634,2784,1585,4246,1
73662,39,2,1,0,3,1,6,-1,4,56454,37489,14643,31654,37838,23247,11541,25149,9266,11907,3779,10213,0
54227,28,2,2,-1,-1,0,-1,-1,0,26419,40690,25315,33322,17492,24943,14674,0,3748,0,2561,4252,0
85629,37,1,1,4,0,-1,0,0,0,13356,31096,23182,55942,47959,31836,3726,20546,5060,14897,4688,20252,1
107157,64,3,2,0,2,1,3,0,-1,16731,53116,57875,49733,52097,65943,8532,12031,17864,0,35341,15805,0
12129,69,2,1,0,-1,0,0,-1,0,1832,3692,1666,2256,7703,7588,555,294,491,0,2423,2454,0
87713,71,2,2,0,-1,0,0,-1,-1,27551,39626,6523,48876,13936,23945,2485,4036,961,21705,3891,11048,0
37779,33,1,1,0,0,0,-1,2,-1,16842,22176,2466,13836,21864,15563,11467,14516,270,0,11072,3978,0
94901,53,2,2,0,-1,0,0,0,0,17175,48708,47585,85657,51898,17407,10979,0,6987,3872,0,0,0
21003,29,3,2,0,0,0,0,-1,0,0,7076,7527,5402,3713,6340,0,0,3007,231,2501,312,0
86292,59,2,1,-1,0,0,-1,-1,0,51706,77383,55440,64692,54103,75731,9929,26665,15293,4858,18510,0,1
19884,43,1,2,0,-1,-1,0,0,-1,12515,7231,14625,3204,7405,11828,3157,1216,0,1258,0,2530,0
17719,59,1,2,-1,-1,-1,-1,0,-1,10472,1005,3766,5511,0,0,2900,712,234,2289,0,0,0
62694,57,1,2,-1,0,-1,0,-1,-1,24893,20047,38461,16283,25317,26575,8518,1452,14574,2826,7302,10523,0
154573,74,2,2,-1,0,0,0,0,0,9423,84465,22943,75461,35937,101911,2467,36546,3366,14167,17683,31182,0
52699,47,4,2,6,-1,-1,0,-1,2,18686,26867,25121,31896,19919,47512,4567,12016,16270,7425,0,4647,1
52397,39,4,2,1,4,0,-1,0,3,23216,5189,21505,9940,21808,22090,5122,775,0,4890,0,0,0
97553,49,2,2,-1,-1,-1,-1,0,0,19137,51757,34685,45649,3105,43367,0,6402,15871,4648,634,20676,0
49955,29,1,1,0,0,-1,-1,-1,-1,14855,26724,31797,26195,10214,27784,2588,0,7279,3431,226,4548,0
55933,27,3,1,1,0,-1,4,0,-1,22494,26382,34890,40570,15716,23038,7899,2635,0,13368,3794,0,0
43162,49,1,1,0,-1,-1,0,0,-1,29839,5272,23494,17292,15677,16486,6211,1329,7864,6061,1811,12069,0
53383,65,1,1,-1,0,-1,0,-1,0,1982,14282,24345,17157,10024,7907,436,7904,5660,1953,1842,730,0
42113,49,2,2,0,0,-1,-1,0,-1,13943,28484,28525,24216,18806,7784,3056,2416,7308,0,2636,0,0
44358,63,1,1,-1,0,-1,0,0,0,13913,15502,22147,19711,10533,10671,3775,640,11692,1946,2021,1093,0
32548,30,3,2,5,-1,0,-1,0,0,17189,9220,12361,13989,18974,25548,6167,0,2424,3935,0,9445,1
27992,45,4,1,6,1,2,0,-1,0,10044,8584,21752,12785,5131,12359,2915,1079,6394,3342,651,402,1
27829,54,2,1,0,-1,-1,0,0,0,5982,15432,16260,9315,18859,11532,2233,1885,2300,2507,1534,4217,0
43805,39,2,2,-1,0,-1,0,1,-1,23980,21095,12693,2637,13985,12720,14529,7680,4025,815,2034,1901,0
55504,21,2,1,-1,-1,0,-1,-1,-1,8971,20742,47502,9870,13750,10827,79,2625,17497,2547,5262,0,0
28469,24,1,2,0,0,-1,-1,-1,0,10316,11232,6286,1617,6139,5922,4026,7873,3094,409,1355,1186,0
68457,71,2,2,0,0,0,-1,0,-1,19130,30411,49992,46594,16846,19211,3647,832,16361,28160,4518,4217,0
33026,53,2,2,-1,0,0,-1,0,4,15058,7497,11778,18357,8433,16541,0,2655,0,7929,1199,7724,0
40210,35,3,2,0,3,3,4,1,0,12823,14034,23393,15878,12170,31629,3165,2209,5014,6432,2858,13466,0
40305,34,1,2,-1,0,0,6,0,0,3257,24726,11303,19139,23500,9681,316,9954,2004,10927,7862,1143,0
159033,23,1,1,-1,0,0,-1,-1,-1,55297,68346,32794,76327,55502,33597,13426,2681,22360,3183,10443,5471,0
105334,72,2,2,-1,-1,-1,-1,0,0,29774,24784,74799,41437,19341,17175,17427,2335,0,24127,2765,9298,0
21173,26,2,1,-1,-1,-1,0,0,0,3530,8924,8334,6767,13369,10356,1131,3849,907,0,3294,1512,0
74607,62,2,1,-1,-1,0,0,0,0,43865,14179,21219,64902,32082,13115,0,0,4547,32804,4354,4465,1
109135,33,3,2,-1,4,6,6,-1,0,67086,34822,7413,81200,66820,11421,8443,9264,710,3061,20637,104,0
32142,39,1,2,0,0,1,0,0,0,15399,7256,20366,7520,9088,7072,0,1001,9925,2573,2864,591,0
24461,35,2,2,-1,0,-1,0,0,-1,10429,17107,9839,10353,10402,11118,2915,11349,1627,4037,2725,0,0
123564,65,1,2,-1,0,-1,-1,0,-1,54873,14483,71687,86884,63226,88495,6324,732,33386,5542,18813,9544,0
24118,22,1,2,-1,-1,0,-1,0,0,18679,22619,3502,3876,8329,8539,3102,8792,1604,912,2387,6266,0
26317,40,2,2,0,0,3,0,-1,2,7599,17562,17902,15769,15222,14466,1157,6940,5510,3700,2279,7104,0
21769,36,2,1,-1,0,0,-1,0,0,11717,17706,3173,6183,11759,13892,8344,4422,270,2361,2877,3275,0
89142,35,2,1,-1,6,0,4,-1,-1,35517,15315,11722,65352,20602,24322,12726,6389,0,40859,11351,13407,0
28171,31,2,2,0,-1,-1,0,0,3,17571,14211,10277,3558,21485,3690,1722,5289,4980,305,2721,502,0
39039,70,2,2,-1,0,-1,-1,0,0,20048,3274,6445,19608,6339,19733,4004,0,0,2191,1869,6818,0
18857,41,3,1,-1,0,-1,6,6,1,10302,4814,8557,6458,2764,10914,6361,1171,0,0,232,3557,0
172005,43,1,1,0,0,-1,0,0,0,115035,57322,132994,29455,74878,56672,54003,3183,30421,20711,7253,8860,0
34508,41,1,1,-1,0,0,0,0,0,22179,15442,20153,24363,10887,10210,3564,2184,231,9983,8674,1381,0
15897,73,2,2,-1,0,0,0,0,-1,2301,5037,12842,13216,9768,2653,1586,1526,1880,2432,0,451,0
15406,39,2,1,3,5,-1,-1,0,0,11926,3451,8672,3755,7104,15346,3809,395,4176,2055,409,3471,1
59769,39,3,1,0,-1,3,5,6,1,2702,38409,16213,24529,22650,41651,469,7447,0,3216,6543,22997,1
126647,38,1,1,4,2,4,-1,0,0,79886,23613,31489,9696,31680,99047,14184,9276,1129,6184,7419,28430,1
133098,38,2,1,0,0,2,1,2,0,49657,72841,41023,43082,74756,61027,16046,23784,8536,2425,22244,0,1
12513,25,3,2,-1,5,0,-1,4,0,5788,7248,7010,901,5472,1484,1378,221,887,387,177,0,0
40742,53,2,2,0,-1,0,0,-1,0,7702,39497,28544,9163,5000,15621,0,10127,1715,3797,694,11930,0
341751,22,2,1,0,0,-1,0,0,-1,262289,183253,148217,228733,129803,177315,30118,45557,63185,29119,97039,72142,0
26942,33,4,2,0,0,-1,1,-1,-1,11942,7871,9729,11346,9572,12260,5203,2611,1282,648,2225,815,0
43728,31,1,2,-1,0,0,-1,-1,-1,14864,2370,36082,5409,9458,31967,0,136,5646,2759,2412,15375,0
48203,36,2,2,0,-1,0,-1,-1,-1,23274,19823,17733,36849,5168,5027,5215,4518,0,3821,36,429,0
52432,61,3,1,0,-1,0,-1,-1,2,38511,25246,4652,21397,31364,8555,8930,1630,1388,3840,0,2201,0
103472,53,1,1,-1,-1,-1,-1,-1,0,73983,21378,28751,10172,22074,16898,21738,3233,5851,1281,3985,0,0
29985,74,2,2,0,-1,-1,-1,0,-1,17103,14672,12162,826,9008,29985,0,6904,798,476,1622,3179,0
30698,39,2,2,5,0,0,0,0,0,7136,13121,10933,10779,1802,11125,2076,5126,4042,5308,323,0,0
27069,71,3,1,-1,-1,0,2,0,-1,10388,4011,12111,13000,11817,19787,2339,986,2948,993,3662,6117,1
19134,23,3,2,5,0,0,4,1,-1,18948,10887,13107,1502,10286,3642,3071,520,246,179,438,0,1
12778,48,3,1,-1,1,5,6,6,5,10123,10479,5545,3956,6968,1745,5839,3498,1893,473,1885,536,0
291511,64,1,1,-1,0,0,0,-1,-1,152803,78396,99506,71633,184384,178733,16893,41321,20649,3586,79689,0,0
35399,49,2,1,0,0,-1,-1,-1,-1,24081,10568,5369,26392,2529,5285,1506,2637,1028,4559,477,0,0
25929,71,3,2,0,2,6,-1,4,5,7801,10085,7778,21849,13838,15016,4799,6462,965,8105,3409,3325,1
37976,37,2,1,-1,-1,0,0,0,1,16319,29282,9884,22616,3199,63,248,12183,1705,8468,724,16,0
45962,22,2,1,0,-1,0,-1,-1,0,18482,16073,12785,16832,21276,17035,0,5746,4107,0,2409,7354,0
97176,62,1,1,0,0,0,-1,-1,0,24548,50552,27298,39229,22070,43742,0,0,5727,15319,11246,1421,0
23651,24,3,1,0,-1,-1,0,5,0,7515,11219,4002,9968,7813,11659,1083,2275,255,4604,5332,1476,0
170749,62,1,1,-1,0,-1,6,0,-1,102383,110449,14164,14872,37823,59163,19624,48280,2355,846,14482,10595,0
110716,60,1,2,0,0,0,-1,-1,0,51347,89630,21635,45506,34626,10701,13975,2638,642,15193,0,4402,0
29454,66,3,2,0,2,0,-1,3,4,24266,6756,16982,8738,2567,12914,9418,0,4656,4807,609,5442,1
20137,46,3,2,6,0,-1,4,0,0,1120,11446,7237,6892,0,7304,331,1563,0,1209,0,0,1
81737,69,4,2,-1,0,-1,0,0,-1,46181,29934,23042,29110,52890,9124,4584,0,15957,2386,0,2608,0
43060,30,2,2,-1,0,-1,-1,-1,-1,25933,19559,9824,10549,2548,478,9758,6589,0,1891,903,93,0
25394,44,1,1,2,3,-1,6,6,-1,3380,23807,8166,14978,14978,3877,0,1571,2612,876,4933,2383,1
110951,27,2,1,4,0,4,6,0,0,41423,59651,50331,35381,16652,3528,16937,0,11328,10946,1287,1443,1
38384,62,1,2,0,0,4,-1,3,0,6834,18978,11632,18554,9093,6903,1283,7801,1800,2651,3782,448,0
68742,59,3,2,2,0,-1,0,3,3,24378,34142,50980,44354,41275,26305,0,11863,21398,14023,9907,3896,1
10000,64,2,2,0,0,-1,-1,-1,-1,1323,3598,2426,937,4600,4325,595,0,1139,0,2384,1893,0
36500,62,2,1,-1,0,0,-1,-1,0,14848,25867,22048,18129,6151,21434,1101,14481,11926,0,0,5546,0
173589,37,1,1,0,0,0,-1,-1,-1,41619,81394,117517,57673,49719,88000,2516,34071,28852,0,1092,48228,0
49222,24,2,1,-1,3,0,0,6,5,7910,19749,26703,18995,20914,24130,2487,6558,11715,3406,2450,2627,0
55372,71,3,2,6,-1,1,3,-1,-1,15549,4723,24753,10734,26005,23844,3965,1270,1627,4862,1511,2665,1
23824,47,2,2,-1,-1,0,0,0,0,2685,17707,14032,17627,7260,10086,1031,0,4297,4204,1344,2049,0
90638,26,1,1,-1,-1,-1,-1,0,-1,52669,23391,31810,31949,30979,70079,1086,3186,13421,2918,13447,20606,0
68835,71,1,1,-1,-1,-1,6,6,0,15410,26085,34746,10266,47901,37764,0,20269,0,140,4710,18718,0
59555,74,2,1,-1,-1,-1,0,4,-1,32577,18799,21249,14877,45339,24584,0,2367,0,5609,0,4867,0
350773,45,1,1,0,3,-1,0,0,-1,13979,187784,80392,270896,106232,234551,5748,31455,22961,47736,964,133521,0
97440,62,3,2,4,-1,0,0,0,0,69600,10790,81786,37457,33512,47418,14646,580,27687,7046,15116,0,1
92373,22,2,1,-1,0,0,0,0,6,2676,24861,23448,29979,51596,12226,0,13233,8104,3215,32876,0,0
130635,26,1,2,0,0,-1,-1,-1,-1,31110,48045,24037,23667,9472,41126,2464,30909,0,2899,2537,25248,0
23686,35,2,2,0,0,0,-1,0,-1,7529,4573,4267,10283,3724,16247,3437,2383,2167,0,1656,6460,0
33624,56,2,2,0,0,0,-1,0,0,13037,18779,19344,7406,14904,20964,4969,4079,5988,0,2600,1964,0
20138,28,1,2,0,0,-1,0,-1,4,7980,9127,3449,7079,13889,11577,2544,1112,975,1713,4715,4153,0
17753,22,2,2,-1,-1,-1,0,-1,0,7242,6967,7545,7261,14533,10534,1758,965,4957,714,1158,0,0
33767,57,1,3,0,0,0,-1,6,0,26963,3993,11930,3496,22705,16736,3881,85,5313,320,1176,2194,0
47891,62,2,1,-1,0,-1,-1,0,0,2679,36339,13595,17329,23327,6012,883,0,4251,0,7313,665,0
12878,60,3,1,-1,0,6,3,1,-1,5544,1873,5575,7186,4232,2281,1388,0,726,0,0,243,0
33255,64,3,1,6,3,6,2,0,5,17970,12378,2607,8961,22605,21421,7410,0,632,585,11021,0,1
60672,64,1,2,-1,-1,0,0,-1,1,44643,6656,15654,30996,13913,33471,25993,599,4231,4386,2407,2243,0
19783,53,2,2,-1,0,0,-1,0,3,13649,6010,2084,2740,7255,8186,8200,2754,336,506,4024,2247,0
232568,49,1,1,-1,-1,0,-1,0,0,136447,89729,101141,38468,168672,128381,4611,28002,34208,1928,33319,40844,0
16989,67,2,2,0,0,0,0,0,0,6020,5030,7293,12212,384,4523,0,2331,0,6618,67,1337,0
167767,39,1,2,-1,-1,0,0,1,0,25029,57447,58730,101000,85218,44460,6858,12149,16920,0,6389,5397,0
10000,26,2,2,5,-1,0,0,-1,-1,7098,6590,0,7938,4567,5895,0,1966,0,3341,1157,732,0
61247,61,1,1,-1,0,-1,0,-1,0,35322,15082,25180,27016,14443,38490,26983,0,2811,664,9126,321,0
13163,35,3,1,1,1,6,0,5,0,5034,10068,8238,4851,5124,5275,0,4699,0,0,1147,0,1
20328,73,3,2,-1,-1,5,4,-1,0,6660,11474,2789,7155,13677,17668,34,416,768,816,0,7516,0
292025,43,1,1,0,0,0,-1,-1,-1,241768,13966,246949,72715,132432,73911,108598,1039,130146,2001,51751,38941,0
37139,66,2,2,-1,0,5,2,-1,-1,11240,14735,12559,18592,8101,22805,2486,7951,761,5944,855,0,0
28362,23,1,1,-1,6,5,0,-1,0,4056,7576,23838,15898,13222,3895,2823,2898,18520,5209,3070,0,0
72410,56,2,1,0,-1,-1,-1,0,0,21773,3300,21816,4383,47840,2085,3238,676,0,2724,22122,678,0
51630,45,1,1,-1,0,-1,0,0,-1,28599,32241,18064,28248,1679,9966,6384,0,0,21154,423,1088,0
77423,45,1,2,0,0,0,0,-1,-1,52177,10228,16013,20364,48509,13775,1939,0,310,4318,17781,4507,0
23586,35,2,1,-1,0,0,-1,-1,2,9064,1566,2857,10222,4136,8696,1053,332,815,0,594,2428,0
24534,73,2,2,-1,0,-1,0,-1,0,9060,17418,16507,9294,7270,4255,5981,4163,9154,0,938,1618,0
26104,42,2,1,-1,4,0,0,0,0,12184,10040,11407,15674,14939,11256,0,776,2586,3537,2044,146,0
92850,66,2,2,0,0,-1,0,0,0,57890,24817,66083,33857,45768,46142,883,9252,22274,17148,2461,13859,0
57240,43,1,1,-1,0,0,3,6,1,22502,26262,8250,51450,17923,14395,4657,2671,2664,7442,9719,341,0
29669,23,1,1,0,-1,0,0,0,-1,19873,16928,17900,11703,22583,9125,4970,6566,2345,5126,3410,5072,0
55795,68,2,3,-1,0,0,-1,0,0,34993,8941,27161,4742,6428,27778,18642,4842,1807,685,1465,10239,0
52238,30,2,2,0,0,-1,0,0,0,6035,17421,27998,28768,22190,30007,2362,2025,0,0,6121,2238,0
108592,35,1,2,0,3,0,0,0,6,31051,47881,42818,42857,66103,28867,17436,5996,2014,11816,20791,4355,0
33341,67,2,2,-1,-1,0,-1,-1,-1,6344,18448,11054,7886,12799,15111,2193,4853,3384,2486,2413,4946,0
46071,69,2,1,0,-1,3,2,0,-1,33253,17602,4986,10999,12272,12052,14186,0,183,3046,6199,1035,0
68688,70,2,2,0,0,0,-1,0,-1,36142,8924,51050,27466,23216,11647,3615,168,7144,0,802,923,0
15303,44,3,1,6,6,3,0,-1,0,0,8739,11070,8636,6642,5091,0,3110,1699,2450,2040,3267,1
99606,61,2,2,1,2,-1,-1,0,-1,52670,52688,58875,33064,85322,48481,16588,21420,13904,4403,29274,10959,1
49669,38,2,2,-1,0,0,-1,-1,-1,1974,14002,16840,21900,5606,15851,0,0,695,10854,0,5187,0
20316,60,2,2,-1,-1,-1,-1,0,-1,6064,0,10160,6319,7209,6332,1631,0,3345,12,2375,3309,0
28275,48,1,2,0,0,-1,0,0,-1,22419,13689,8241,21208,1212,11480,0,3323,2433,7553,0,4171,1
63383,23,1,2,0,0,-1,0,-1,0,38321,48207,10474,24060,34051,19901,9161,18305,4291,0,1728,3599,0
44191,43,1,2,0,0,0,0,-1,-1,14555,778,9638,30583,11933,16217,7652,264,2426,2121,0,0,0
62756,46,3,1,2,-1,0,6,5,0,12691,25098,41312,14940,38804,25912,1641,14307,0,3159,24115,0,1
54560,34,1,2,0,0,-1,0,-1,0,19091,23621,22339,30838,39699,25822,0,922,1415,6317,0,5596,0
62469,41,2,2,-1,-1,0,-1,0,0,54346,27058,25831,35129,34548,38595,7052,13678,9973,5707,3960,1410,0
24862,48,2,1,0,0,-1,0,2,-1,9849,9567,9251,22757,15652,12465,1011,4434,2676,9550,0,610,0
48127,23,2,2,0,0,0,0,-1,0,10537,23375,24576,9037,17844,22356,0,6586,10645,0,1851,1676,0
98297,29,3,1,0,0,-1,-1,0,-1,18553,17825,74054,48993,10307,27152,1475,4932,13518,19651,1560,5988,0
43542,62,2,2,0,0,-1,0,0,0,24553,26014,11028,10068,3100,9614,3537,9642,1206,728,1241,3162,0
44094,40,1,2,-1,1,6,0,3,0,17712,29665,2308,14787,21714,13115,0,6415,232,2260,9874,2303,0
24562,53,2,1,0,3,5,2,-1,0,2718,10940,3819,17174,7256,19351,786,6205,972,0,2688,1807,0
48290,51,2,1,0,5,0,0,-1,0,22696,9645,19907,35523,20492,24769,2131,0,3482,11874,0,4105,0
211911,50,1,2,-1,-1,0,-1,0,-1,30012,74628,74224,60545,134918,80467,5240,0,8658,28240,35382,6310,0
16467,43,2,1,0,0,-1,0,2,-1,5176,7610,5559,6815,7816,2669,1091,5577,779,5384,881,1352,0
47101,47,2,3,-1,0,0,0,-1,6,18785,14214,19572,30149,22990,0,3111,3107,9871,4621,0,0,1
17420,65,1,1,0,-1,-1,-1,0,0,11072,6817,4285,8529,9821,3399,4557,2245,1970,2105,0,458,0
24710,73,4,1,2,0,2,-1,-1,0,15910,4902,5848,15021,2027,13831,2416,1842,3303,2601,465,5639,1
60488,34,2,1,-1,-1,3,-1,-1,5,36945,9654,0,5542,4598,29201,8326,561,0,483,0,4019,0
13845,57,2,2,0,-1,-1,0,-1,0,4367,9130,4784,2055,8737,7311,1569,1645,3107,824,1240,1555,0
48080,73,1,2,-1,-1,-1,0,-1,0,26586,24041,7895,13892,18007,22609,7003,218,1259,3396,5240,2198,0
86585,21,1,2,-1,-1,0,-1,-1,0,34792,44411,7753,58542,71624,54244,12154,7658,1781,22595,40905,9362,0
54443,63,2,2,0,1,0,0,0,0,23172,9926,4039,45073,23308,25695,9381,1675,2106,8640,3306,2909,0
64290,47,2,2,0,0,0,0,0,-1,33887,11452,32313,18681,29703,25545,7858,4321,6926,2836,9007,4764,0
22478,73,2,1,-1,-1,0,1,-1,-1,7294,14899,8879,10046,13243,9293,750,7852,557,1414,5128,2405,0
61826,52,2,1,0,0,3,6,-1,-1,11601,24899,34456,22456,8019,40533,420,4959,11943,6805,1042,12707,0
42466,66,1,2,0,0,-1,0,5,-1,29517,32232,25776,19408,22215,11032,114,2762,14102,0,4353,3935,0
86787,29,2,1,-1,-1,0,-1,0,-1,73238,47708,29970,43843,43995,39267,19254,12185,7976,11377,16142,0,0
10000,28,2,2,0,0,0,0,-1,-1,4777,3555,2374,2083,1125,4157,2099,0,375,0,72,2674,0
38883,71,2,2,0,-1,0,3,3,-1,14470,23188,17108,24235,8992,13494,2089,16084,10632,0,1089,1312,0
53055,49,2,2,-1,0,0,-1,-1,0,20912,11999,24978,16441,41260,2977,0,3042,8543,3636,0,0,0
100999,51,3,2,4,-1,-1,0,3,2,33220,37008,51582,34413,57403,66868,5665,6063,24115,3188,0,16598,1
73563,30,1,2,0,0,0,0,6,0,2714,41969,38660,22560,35818,33507,1044,16214,0,5945,0,4323,0
56989,33,2,2,0,-1,0,0,3,0,10761,6858,43227,12401,25409,26156,0,3910,0,1212,10594,3950,0
46337,65,3,2,-1,-1,6,-1,-1,0,8418,26066,16123,23679,21356,20299,465,10978,3350,8077,9472,0,0
133581,37,2,1,0,-1,0,0,-1,0,58520,32384,98889,92069,47986,15383,8627,2898,0,18135,16745,1449,0
50562,52,1,2,-1,-1,0,0,-1,-1,14293,6958,36697,4628,22949,16533,7320,466,3090,45,0,324,0
11168,38,4,1,0,-1,-1,-1,3,2,1790,10463,11168,2554,5214,960,459,1045,6662,25,0,490,0
19164,35,1,2,-1,0,-1,0,-1,0,95,11711,238,7545,6015,8395,0,7848,21,1039,1997,4527,0
116754,29,1,2,0,0,0,0,2,-1,26526,64724,27948,13027,36314,83068,12769,3404,11133,8102,4293,0,0
82046,71,1,2,0,-1,-1,-1,0,0,42340,40195,8285,58833,32551,43191,9175,14441,723,5732,8985,21154,0
39931,71,2,1,0,-1,0,-1,0,0,27647,17115,13614,4904,8171,36720,8457,6525,6339,772,0,17200,0
30672,27,2,2,-1,-1,-1,-1,0,-1,11727,9003,7637,26870,15923,18428,0,956,2249,0,8131,3466,0
56651,40,2,1,-1,-1,1,0,-1,5,9980,24982,12343,8478,17327,5218,0,7950,0,5792,0,2315,0
40582,51,3,2,-1,5,0,0,-1,-1,19897,30592,27011,26139,6773,26204,8756,5694,8339,11769,2821,5575,0
71959,41,2,1,6,-1,0,-1,0,-1,17230,18255,31560,53233,14819,48948,0,4990,9653,12202,4930,16660,0
20192,59,2,2,0,4,0,0,-1,1,12112,1779,1245,12000,17570,2227,0,591,0,3067,5105,869,0
10000,35,3,2,4,0,0,0,0,-1,4421,0,7842,1602,1462,6558,1427,0,2162,532,695,702,1
23604,24,2,2,0,0,3,5,2,-1,16759,14705,12964,15375,4050,15822,2084,5791,3813,7010,745,0,0
23285,39,1,1,0,0,0,0,0,-1,8086,4322,5018,8289,16388,5141,2414,885,0,1772,1055,468,0
22339,53,1,1,-1,1,-1,0,-1,-1,11424,9591,10701,15853,2635,2164,1300,1260,1287,6555,333,614,0
172092,30,2,1,-1,0,0,0,0,-1,98589,54626,102931,35283,37482,129338,51265,8638,17545,7445,13940,2186,0
10000,65,3,1,-1,0,4,-1,2,0,4329,5074,7856,6073,7342,3412,1259,739,4861,702,3091,0,1
71379,21,2,2,0,0,0,-1,0,0,44484,11487,28134,33794,44566,19330,1502,3135,0,5437,19220,13626,0
141785,24,1,2,0,0,0,-1,-1,0,56298,87711,116669,11444,117076,59836,30515,21297,10031,4551,0,15744,0
108009,48,2,1,-1,0,0,0,0,-1,58104,15777,34474,85483,53987,15968,18463,2650,6356,17040,18739,1223,0
61192,48,2,2,0,0,0,-1,0,-1,20275,43373,14270,18527,14246,4096,6738,5308,9260,5010,548,1676,0
140917,36,2,1,0,-1,-1,-1,-1,0,93239,63744,36094,88205,31886,69037,24628,25003,0,8729,3509,17964,0
142920,34,3,1,0,3,5,5,3,4,52333,24310,17338,41292,103017,86742,11910,9605,844,2045,24011,4796,0
38492,24,2,2,0,0,-1,0,-1,-1,7522,25665,11156,7018,26639,13463,2144,0,6924,987,3600,1257,0
70120,56,2,1,1,-1,6,4,0,5,39159,27746,20845,30086,41305,37002,1579,2603,0,0,0,4640,1
136030,41,2,2,6,0,5,-1,-1,0,29318,43176,44263,70750,68682,51586,6568,19814,27705,41740,6418,0,1
24598,27,2,2,0,0,0,-1,0,0,14210,22002,2001,8102,8831,3779,3919,0,637,623,3434,0,0
40298,42,2,2,-1,-1,0,-1,-1,0,3624,19017,6222,24070,24071,20031,1129,1544,704,6742,2457,0,0
29713,71,2,2,0,0,-1,-1,0,0,10639,10547,18584,14637,13396,5323,1298,1715,6198,775,2271,696,0
70882,35,2,2,-1,0,-1,0,0,-1,42862,8780,13164,14025,3344,27936,0,2424,4319,5990,0,9340,0
10737,69,2,2,4,-1,-1,-1,1,1,4273,5030,1231,5808,3335,837,848,2939,418,0,0,101,1
154709,34,2,2,0,0,-1,0,0,-1,95673,93234,37349,44199,37509,30904,16627,0,0,27995,9432,6777,1
105188,31,1,1,0,6,3,5,2,0,25489,57039,45856,64098,37648,59386,7933,2856,0,18004,9443,23449,0
78586,35,2,2,-1,-1,-1,0,0,-1,39575,35207,36330,17442,41181,21981,11333,1818,10313,10161,3272,4956,0
10000,38,2,2,0,4,5,6,-1,-1,2638,9066,1790,2613,3145,4622,282,3579,253,336,1060,2635,0
29862,27,1,2,3,0,0,6,0,-1,23252,9783,14242,8132,13212,21083,12300,2209,9115,2784,3016,3092,1
161518,52,2,1,-1,0,0,0,0,6,66063,19667,47341,82466,76759,44856,21758,2872,6981,30559,0,587,0
59548,39,1,1,-1,0,0,-1,-1,0,38183,28851,24190,36907,37859,8591,11851,3629,6808,20584,3420,5899,0
10000,59,3,2,5,4,-1,0,0,0,9961,6469,3644,5683,1848,2219,2425,1763,1041,1016,436,1194,1
40971,47,3,1,0,3,5,-1,6,1,30084,14934,21403,9913,14099,6694,18039,8355,429,4300,7220,0,0
84400,44,2,2,-1,-1,0,0,-1,0,32176,40227,23470,34179,59584,45703,7058,15612,5544,12807,6268,6107,0
74996,46,2,2,0,0,0,-1,0,-1,13456,30265,57807,57574,16762,18634,0,5837,21313,0,8913,7886,0
43463,29,2,1,0,0,0,-1,6,6,1987,21294,13662,35401,10350,24711,0,4040,0,2490,0,0,0
121594,59,2,1,0,0,0,0,-1,0,53393,80523,52774,42400,75277,65608,6942,0,15556,18068,5628,20591,0
19569,26,3,2,5,0,2,0,1,0,10504,7915,1891,9681,8921,8011,6349,2821,130,3145,0,0,1
105719,59,1,2,4,4,0,0,0,0,61901,18998,27792,73713,61846,56126,7172,0,3244,0,495,37511,1
76457,74,1,2,0,-1,0,-1,0,3,13748,59340,30282,15510,19350,59790,1769,17146,5459,1388,5148,33753,1
44069,62,2,2,-1,0,-1,0,0,0,15009,4149,10507,28587,17827,18271,3184,1796,977,9536,492,10388,0
50679,45,1,2,-1,0,0,-1,-1,3,13467,33341,25898,14381,13032,28917,5458,0,13642,8249,7347,6503,0
37239,37,2,2,2,0,0,-1,-1,0,21881,15343,4961,30198,15429,22618,0,5181,640,0,2917,7291,1
50302,68,2,1,0,0,0,0,0,0,36150,36533,0,8992,24704,28831,1734,16843,0,0,3470,7397,0
54300,34,1,2,4,-1,0,-1,0,-1,1112,51796,17985,30344,41199,25349,0,24974,0,3539,20133,0,1
88120,47,2,2,-1,0,-1,-1,-1,5,60514,31501,57296,14256,14320,29110,17596,15133,1463,6726,5542,3010,0
31927,62,2,1,-1,0,0,0,-1,-1,19178,9441,2323,9641,15379,10215,0,1620,102,1636,9707,4375,0
120325,70,3,2,-1,-1,2,2,5,0,47937,10248,41902,25638,54085,70049,19535,3450,10659,3740,18329,2170,0
30806,70,2,1,0,-1,0,-1,0,0,7795,17925,4377,24955,10768,21052,1303,3801,1436,0,2414,4649,0
143277,25,1,2,0,0,0,0,0,-1,102928,78847,62566,59994,30126,22957,53792,15985,0,13315,14107,3845,0
105934,69,2,2,0,6,5,5,0,0,37642,74691,7198,32967,74165,12597,0,14458,2802,11192,0,0,1
55976,27,2,1,0,-1,0,-1,-1,-1,22169,26974,21192,18740,38301,24929,6011,21211,11428,5504,0,564,0
52125,52,2,2,0,0,0,-1,-1,-1,31847,35813,26418,13280,6106,17880,4157,14707,9802,6299,1445,6186,0
27359,71,2,2,0,0,-1,0,0,0,0,19880,12980,22094,4809,4930,0,0,1312,6868,573,1915,0
45379,56,1,2,0,0,-1,-1,4,0,7238,36956,6592,25879,23168,17322,0,1914,596,2227,5743,3253,0
58444,72,2,2,0,-1,-1,0,-1,0,30415,48734,38767,43018,12568,8651,8734,2404,3755,0,5275,1294,0
47282,39,2,1,0,0,2,0,-1,-1,23689,18881,5069,16258,36658,17252,11514,2944,758,3637,5721,0,0
176829,37,1,1,-1,-1,-1,-1,-1,-1,72561,39630,74344,76669,75203,91671,15207,16337,8394,24972,11858,39293,0
34075,38,2,1,0,0,-1,0,0,0,13323,9489,4906,3262,7156,9327,0,3394,0,494,1324,3652,0
25036,40,3,1,-1,0,-1,-1,0,0,10576,9939,13890,3681,5806,10315,2249,3998,0,216,0,0,0
12941,57,2,1,0,-1,-1,-1,-1,0,0,2273,1592,6402,5360,5424,0,59,502,1653,339,2635,0
114839,45,1,2,0,0,0,0,0,0,52503,53676,24489,44106,82519,70776,3198,19137,5656,1084,0,18914,0
76311,60,2,1,0,-1,-1,0,-1,-1,26264,22256,15964,52354,6865,18489,83,9441,11516,14347,284,1795,0
149962,43,1,2,-1,4,-1,-1,-1,0,53112,36040,109094,89298,87742,69107,21014,6729,0,32481,21595,1179,0
112055,37,2,1,0,2,-1,-1,5,5,33294,58033,24412,59055,40201,22452,12817,16731,0,8933,15731,1907,1
92148,31,2,1,-1,-1,0,-1,-1,0,42678,20971,26307,60084,37179,43087,10390,9984,7882,18259,4895,25847,0
133434,50,1,2,4,-1,0,0,0,-1,47168,20563,75688,37435,54647,36808,26307,2459,50666,0,10440,13317,0
111806,69,1,3,-1,0,5,0,0,6,42814,6059,78150,46240,55405,69056,8744,448,27399,17897,5657,8955,1
63234,67,3,2,6,0,-1,2,5,-1,6965,27043,47810,17051,20744,15202,396,10159,5713,3346,0,4577,1
15723,34,1,1,0,0,0,-1,-1,-1,4933,6869,2239,10916,8925,0,1541,2353,833,2066,4193,0,0
20336,46,2,2,2,-1,0,-1,0,5,12209,11747,2136,4205,13205,11505,749,9678,1188,1534,2109,6447,0
17844,59,2,1,0,-1,-1,0,5,5,8094,2815,8052,11281,3614,13492,3767,1571,75,446,555,2119,0
135420,54,2,2,0,6,6,0,0,-1,52255,48257,63771,20470,22274,64154,9126,5464,14488,2747,7089,15963,0
36684,24,1,2,0,0,0,-1,1,2,12397,16370,16184,34289,22024,13001,6947,4422,0,11884,1643,3613,0
41696,52,1,1,0,5,3,1,-1,0,13730,25418,8985,18452,10625,10991,1767,10110,2662,0,679,0,0
68995,23,1,2,-1,-1,2,0,-1,-1,18010,40238,27981,10351,8929,11847,1301,0,8256,2155,2621,1023,0
18125,27,2,2,-1,-1,2,0,-1,-1,1439,8393,359,7307,4876,10593,205,3472,0,2307,83,0,0
46525,56,3,1,6,-1,-1,-1,0,4,45613,23956,9149,29984,21235,20530,15586,10533,4933,11667,9670,355,1
10000,26,3,1,5,0,0,1,0,0,6381,4916,3692,10000,7893,4359,1181,459,1087,2063,3461,1301,1
26755,39,1,2,0,-1,-1,0,0,0,6896,18152,15382,3917,8909,9577,2757,1775,2653,351,1980,2740,0
80460,52,1,2,0,0,0,-1,1,0,26151,20717,50489,25262,16746,14812,4190,3500,25837,14037,7664,0,0
25416,56,1,1,6,6,2,3,5,-1,18236,11499,18994,10068,11878,2972,0,0,13413,226,9003,471,1
97014,45,3,1,5,-1,0,0,0,-1,31448,28397,28555,33465,45191,38489,0,0,1337,0,13189,16558,1
71217,26,1,2,-1,-1,0,-1,0,-1,36873,28318,2553,42704,37804,6707,17078,0,752,5041,6906,1551,0
169757,64,1,1,0,-1,-1,-1,-1,-1,34989,48649,76868,64854,49749,102781,10335,9213,9165,12611,28131,0,0
65272,72,2,2,-1,0,5,-1,-1,0,39830,15527,39493,22627,39131,22782,12692,1483,0,5774,8481,4384,0
48555,68,2,2,0,-1,0,-1,-1,0,12343,1396,44901,1673,12994,17184,5028,138,1586,533,2822,1450,0
30921,61,1,1,0,-1,0,0,-1,0,0,13053,20912,24781,0,10393,0,3782,0,6257,0,0,0
103085,42,2,1,-1,3,0,-1,6,6,28615,11773,6584,42059,26997,31521,733,1562,3107,3144,11764,14736,1
97682,68,1,2,0,0,3,4,0,-1,71191,20387,17907,19794,46674,16637,15127,727,7903,0,8562,4419,0
363738,47,1,1,-1,5,0,-1,0,-1,113883,59780,72020,133607,58987,31361,48857,0,0,40669,30010,4806,0
133144,28,1,1,0,-1,-1,0,-1,-1,59132,98577,85309,77448,31215,78063,4678,27878,2472,13957,5433,0,0
35670,66,2,1,0,0,2,0,0,0,6777,10473,11601,17374,24307,19160,812,662,729,1956,7992,4581,0
43254,38,3,2,-1,-1,0,0,-1,2,16904,2863,8389,26511,20981,16951,3661,1346,341,475,6087,4364,1
68714,71,2,2,0,0,-1,0,0,-1,16839,35780,21311,11855,8008,17988,1550,2674,4215,4630,612,8713,0
124289,40,2,2,1,-1,0,0,0,0,94101,29732,16693,66644,87369,45948,0,12052,7208,42146,25499,5460,1
197593,67,1,1,-1,-1,0,-1,0,-1,48581,74168,24824,59752,131989,75787,23872,11306,4694,14757,10301,45286,0
43063,50,2,2,-1,-1,0,-1,-1,0,23496,22275,1336,12514,16878,24348,5495,2389,560,237,3207,6071,0
12976,46,3,2,2,3,0,-1,6,0,6250,3449,1692,6668,6995,8183,1009,898,319,570,1297,2239,1
11124,37,2,1,0,0,-1,-1,0,-1,111,0,1880,10067,2211,3126,4,0,0,3348,281,439,0
13789,66,4,3,1,0,0,0,-1,0,6684,5371,5492,11934,3416,2390,3477,711,1578,1600,213,75,1
30533,24,2,2,5,0,-1,0,-1,0,8592,11773,10410,16538,7128,304,0,3387,5021,3025,609,0,1
163320,46,2,1,0,-1,0,0,-1,-1,39046,16044,83097,37627,22110,102827,7669,5550,19608,3206,7869,52460,0
231440,40,1,2,0,-1,0,-1,0,0,94656,182891,33769,132741,48282,74693,42542,56123,10042,46514,14942,25860,0
105675,50,2,2,0,-1,-1,0,3,0,33829,33727,57045,41870,54187,57472,0,13919,23351,23933,4046,10718,0
131179,34,2,2,2,6,5,0,-1,0,52101,37720,17703,51400,41409,85752,8414,18093,5017,18332,29607,63324,0
19485,56,3,1,0,2,5,6,4,-1,1186,6852,2601,12257,3403,0,10,1026,727,0,649,0,0
10209,41,3,2,1,4,0,-1,-1,-1,4927,0,4555,4166,0,3968,1488,0,2839,2166,0,466,1
21911,31,2,2,-1,-1,0,0,0,-1,7729,1061,13763,10346,11339,607,1992,607,1550,4822,4292,32,1
10000,31,3,2,-1,5,4,6,0,-1,2545,3940,1866,0,8147,10000,681,138,0,0,228,0,0
14075,58,3,1,4,4,6,4,-1,-1,5141,4165,7265,8902,5491,4939,1258,1359,2094,2854,1393,1952,1
32703,35,2,1,5,-1,0,-1,0,0,10807,3180,20198,12343,5521,8078,936,2017,2255,3874,516,1591,1
78420,37,1,2,-1,0,0,-1,-1,0,19361,1759,42569,26582,29330,17030,962,983,0,0,0,7943,0
76484,54,1,2,-1,-1,0,0,0,0,12017,7601,21049,5940,53126,30258,111,590,0,900,8126,15426,0
39527,38,1,1,3,3,3,-1,-1,-1,13768,27154,16007,20621,2549,24728,940,1801,2162,10811,622,10808,1
108188,41,1,2,0,0,0,-1,-1,-1,45747,23061,29871,22660,74342,60146,81,6437,14771,0,9225,32622,0
20069,34,3,1,0,5,0,-1,0,-1,12465,4963,366,8001,13369,3640,2213,850,0,2654,1971,0,1
69182,39,1,2,-1,0,-1,0,0,-1,27976,22170,27083,36914,31654,32857,11889,6437,8666,23165,5750,17739,0
20171,58,2,2,1,0,-1,0,0,-1,6132,14930,0,4319,12730,9115,0,2936,0,717,7552,1484,0
117117,49,2,1,5,0,0,-1,-1,0,36147,33233,25812,93107,19091,73971,3515,11857,7162,27596,545,31908,1
49844,74,2,2,0,-1,0,0,-1,-1,23305,20519,13606,32658,5572,44258,7905,13453,1990,3539,2421,515,0
118128,62,1,3,-1,4,0,3,0,0,72630,43681,71076,4186,28589,58096,0,22821,4952,191,18637,16914,1
18528,21,2,2,-1,0,0,0,0,-1,5043,7738,11949,2543,7512,12033,320,3754,2471,703,1188,2432,0
56361,41,2,2,0,-1,-1,-1,-1,0,21572,6348,48713,17377,17466,12302,3729,2153,30502,3635,2271,3578,0
77487,36,2,2,0,0,0,-1,3,0,27727,35750,19501,32410,7031,6748,0,0,7739,15482,3175,1033,0
13378,52,1,2,0,0,0,0,0,0,6050,10414,6638,12404,6718,6963,2876,3448,615,4110,567,0,0
124801,35,2,1,0,1,-1,-1,0,0,73169,87098,75261,7109,12598,11121,24091,0,16813,4265,2241,500,0
25258,73,1,2,0,-1,-1,0,0,0,14227,21003,1178,4094,0,15438,0,2214,275,787,0,667,0
58030,37,2,1,0,0,6,0,0,0,27839,20004,45037,35344,26891,5402,3411,1330,3017,6534,3036,1099,0
204876,49,2,1,0,0,0,-1,0,-1,35245,11022,84058,73158,49596,95810,15886,0,4504,13362,0,5175,0
147324,27,1,1,6,-1,5,0,0,-1,54093,86376,17531,97941,27201,86412,36151,35916,0,12418,1327,632,1
14884,70,2,2,-1,-1,0,-1,-1,2,7514,5962,3031,2203,4767,2342,1001,2246,162,805,1142,0,0
59518,70,1,1,0,0,6,2,-1,-1,31711,22636,22136,32874,26991,23304,7723,4550,10775,3678,11934,0,0
92048,63,3,1,-1,-1,-1,-1,0,6,36884,73064,12389,20346,22774,35377,4982,37740,5974,3886,10691,8527,0
17852,39,3,1,1,-1,0,-1,-1,1,8515,3563,9700,13768,11202,10484,0,0,6647,4324,0,1004,0
36757,24,2,1,0,1,0,-1,0,-1,22685,12550,8481,15979,18078,8050,11649,0,4238,1871,891,3372,0
50320,59,1,2,1,4,0,0,0,0,5204,28027,25156,33046,6634,7549,636,0,5912,17523,2136,1943,1
108282,44,1,1,-1,-1,0,0,0,0,36312,31720,10463,36970,25961,21193,7469,3129,1689,9466,8735,555,0
10033,74,3,1,0,-1,0,-1,-1,0,3896,9,5259,5410,522,5222,1979,0,0,791,37,2354,0
80893,58,2,2,0,-1,0,0,0,0,13630,13912,14945,41048,41320,16847,32,3164,5491,22728,0,5114,0
41699,50,1,1,0,-1,0,0,0,0,5322,27108,11830,13377,28511,19305,1126,907,1806,6100,19029,11877,0
48578,74,2,2,-1,-1,-1,-1,0,4,11828,11427,19498,12440,24223,9470,3370,5156,0,0,9345,656,0
57329,64,1,2,0,-1,0,0,-1,0,6146,18305,33380,1020,18896,48011,1796,4010,14133,276,2964,17100,0
79206,45,2,2,0,-1,-1,-1,0,-1,4501,41722,21578,42733,34888,3868,634,17236,149,14654,989,2320,0
48202,22,2,1,0,-1,0,-1,0,-1,32954,10452,8861,19568,33387,27146,9369,3090,1967,9749,10945,5807,0
217253,26,1,2,0,0,0,-1,-1,0,69365,46077,79634,65759,64356,77029,2954,5341,12252,12732,0,14856,0
108179,44,2,2,0,0,0,0,1,-1,27600,50860,93225,57955,40723,13808,3293,0,20217,6994,15778,4602,0
36323,51,1,2,0,-1,-1,0,-1,0,24260,13098,13664,13598,6879,13392,4538,3934,3982,4960,1643,1181,0
146127,22,2,1,0,0,-1,6,1,-1,51789,21910,31226,30606,38982,49205,8777,5458,0,11893,8894,10864,0
63292,27,2,2,1,-1,0,0,0,2,12104,23977,0,30478,36833,5180,3986,7534,0,11525,14356,288,1
39309,59,3,2,4,6,5,4,3,0,17103,12531,36092,11869,27166,20720,314,5238,7253,921,6673,10413,1
96622,61,2,2,0,-1,0,-1,0,0,943,13280,21242,13653,20582,45902,0,865,2701,2900,3165,9266,0
14919,22,3,2,-1,0,2,4,0,-1,1100,4692,10820,3267,9476,6489,460,232,966,2266,5111,0,0
16259,48,2,2,0,0,-1,-1,0,0,138,7131,4385,9885,12291,12150,74,1746,254,6158,1626,1191,0
35006,25,3,2,2,0,0,-1,-1,2,12744,14550,10616,33269,10647,0,0,278,4163,21901,4868,0,1
42253,60,1,1,0,-1,-1,-1,0,-1,22214,30804,19413,21543,17695,627,0,2772,4710,5344,3991,24,0
257551,66,2,1,0,0,-1,-1,0,6,131137,172844,40586,131419,191033,76531,0,59275,20361,38212,46839,49767,0
37235,67,1,2,0,0,-1,-1,0,0,11995,20430,23171,878,4660,16400,2061,7294,9201,402,2567,7824,0
35437,53,4,1,0,2,3,5,0,-1,15088,3825,15724,23430,12368,13824,6017,837,9807,1598,633,6648,0
40010,54,3,2,-1,-1,0,4,0,0,23086,10332,26357,35887,15399,30489,7737,0,8582,0,4805,6830,0
131271,71,2,2,0,0,-1,0,-1,0,19828,12985,39998,10466,58934,61837,3451,0,0,943,2303,41052,0
22122,54,2,2,-1,0,0,-1,0,0,4539,6488,6043,8093,4411,0,1732,539,2988,2207,1761,0,0
13498,45,2,1,0,-1,-1,0,0,-1,2628,5201,8722,2258,8872,2146,0,1714,4521,118,0,926,0
209403,61,1,2,0,5,0,0,0,0,103672,119212,17621,73744,97558,133096,31583,55225,5283,5697,28870,0,0
52282,52,2,2,-1,2,2,-1,-1,1,12758,32891,30087,35862,19392,21557,7086,0,13024,0,5351,4613,0
93694,66,2,2,0,0,0,0,-1,-1,46355,34977,52049,11564,20642,11172,0,9106,0,2999,4228,4199,0
97280,49,2,2,0,-1,0,-1,0,-1,29837,23315,36002,58622,50925,38000,0,9215,10228,10291,15557,6987,0
156448,67,1,1,0,4,6,-1,6,5,77931,31911,98427,14058,52147,98564,20566,6841,27112,3029,5883,10047,1
25362,23,3,2,4,5,-1,-1,-1,-1,6352,13945,19553,4204,4436,10277,2244,4640,1787,0,1982,320,1
40836,22,1,1,5,6,4,-1,-1,-1,7905,18510,30959,27439,25757,24594,1294,4017,4633,2732,6928,2166,0
10000,26,2,2,5,0,-1,-1,-1,-1,5017,0,3008,5060,6216,7882,355,0,2559,1771,1830,1900,1
30963,51,1,1,1,0,0,-1,0,-1,19856,16328,25358,9410,6024,25348,1542,7111,13212,3227,979,2283,1
72127,59,1,1,0,-1,0,0,2,0,32435,19149,39810,50855,26455,45450,0,0,6287,8308,3398,11514,1
39157,32,1,1,0,0,0,2,1,5,17976,24445,18927,15661,24526,20859,0,10968,3415,2277,7509,4109,0
19678,29,2,1,0,3,2,0,0,2,1917,11153,9407,4232,8793,15356,0,4887,373,1001,0,3811,0
51038,67,2,2,0,0,-1,0,-1,-1,16244,25873,22163,30773,4266,28160,10501,8378,12892,0,2094,2790,0
143537,61,2,2,4,0,-1,0,-1,-1,92044,121797,93915,101385,31027,66770,1191,5601,46862,28328,13009,9587,1
46872,56,2,1,-1,0,-1,0,-1,-1,12652,5787,18098,14771,14699,8062,6539,2676,3939,0,5016,347,0
19806,47,2,1,0,0,-1,-1,-1,-1,10718,3198,7941,6593,0,1028,1990,1507,0,4503,0,0,0
189930,43,1,2,-1,-1,0,0,-1,0,87418,71561,102372,59160,108021,32464,9109,20691,12392,0,85055,19238,0
36944,22,1,1,0,0,-1,-1,3,0,15288,18264,20042,22392,16879,7351,9294,1935,12907,8168,8026,0,0
160090,31,2,2,0,0,-1,0,-1,0,35114,85349,100841,22791,86902,65066,5472,0,34205,3821,11442,7622,0
39715,69,2,1,-1,-1,-1,0,0,-1,19330,24789,7552,4337,6964,19325,0,11442,1543,833,544,7234,0
53236,39,2,2,-1,-1,0,5,-1,-1,26205,23174,36572,5944,9852,17947,2663,4269,13981,0,1919,0,1
239231,59,1,3,4,-1,0,-1,1,6,119141,85662,96153,120454,129418,23408,24581,27320,0,94528,39722,10042,0
16627,59,2,1,-1,0,0,2,-1,0,4007,11567,3554,1755,14989,6741,216,4414,2052,314,4997,819,0
29625,37,1,2,-1,0,0,0,-1,5,19315,8532,13428,12043,13797,13914,2179,653,4710,2148,4776,1428,1
37750,32,2,2,-1,0,0,0,0,0,7818,9298,21344,19839,8482,24352,0,3020,11228,7297,1123,8467,0
61359,58,1,3,0,0,0,-1,5,6,30825,33186,12252,42999,35485,9169,7037,4305,3055,4399,11463,1205,1
405816,26,2,2,0,-1,-1,-1,0,-1,30667,118360,19291,114400,125100,94502,9626,34168,0,6045,42012,6710,0
24089,47,2,2,-1,-1,0,-1,-1,-1,14741,11328,16058,6746,13094,13055,3661,700,8916,689,2859,10045,0
17267,68,2,2,0,-1,0,0,-1,0,7145,17,10324,4889,4339,4213,194,8,962,0,986,0,0
32461,59,1,2,-1,-1,0,1,-1,0,5674,12638,19355,9867,21302,18825,3639,0,1324,3958,2521,784,0
59024,62,2,1,-1,0,-1,-1,0,6,3127,23390,5166,30293,21030,27721,878,9026,246,4338,4693,6768,0
101732,25,1,2,-1,0,0,0,0,4,26164,61350,13534,33049,60740,34190,3020,7582,8859,2424,25099,8736,0
27842,31,2,2,2,-1,-1,-1,0,-1,11281,10156,5161,18224,9962,11831,2430,3136,0,7938,1068,4511,0
69793,35,1,1,-1,6,0,0,5,-1,28343,31656,32174,47054,14987,49751,10058,0,12046,9975,347,14512,0
325342,36,1,1,0,0,-1,-1,-1,0,103316,89093,119196,128302,209683,175338,5352,24220,0,24823,26784,93310,0
50419,31,2,1,1,2,0,-1,-1,-1,16590,6269,9137,12368,24272,14124,9181,0,2020,4528,2344,0,0
88722,73,1,1,0,6,3,0,0,0,60531,39100,22605,8823,51759,2817,6949,6366,5972,2396,15051,212,1
311035,29,1,1,0,-1,-1,0,0,-1,115679,111609,235852,64351,107345,136417,71223,26725,30108,31479,0,42776,0
19631,59,3,1,6,0,4,-1,0,4,2357,2385,5817,2428,2073,13323,610,0,502,994,472,6245,1
26616,52,2,1,0,0,-1,0,0,-1,4602,13636,17998,4430,11734,17145,1161,3842,1563,432,4098,1823,0
23566,53,3,2,3,2,0,6,0,0,5128,9705,21135,15603,8682,7428,1019,0,5856,9744,2420,0,1
44987,32,1,1,0,-1,0,0,-1,-1,11557,6868,5755,11221,21365,19479,1872,3883,1541,0,0,0,0
11420,37,2,1,3,-1,0,-1,0,-1,3698,4190,3837,3108,8841,0,0,1685,498,2104,252,0,1
54742,53,2,1,-1,0,-1,-1,-1,-1,1777,36280,5469,26717,31596,32502,0,5160,235,12755,12238,2638,0
81635,37,1,1,0,-1,-1,0,0,0,25575,19204,43764,35002,44959,22934,9783,0,22352,15126,0,4125,0
42248,58,2,1,-1,-1,-1,-1,-1,0,1970,24208,5722,29184,15164,16385,377,6430,1583,2795,2501,9031,0
83654,23,1,3,-1,1,-1,0,-1,0,23903,12068,25136,40300,39283,11449,2228,678,5663,8901,0,0,1
42184,24,3,1,0,0,-1,0,-1,-1,23398,5089,9412,32995,9130,5426,9499,1931,3014,14524,1229,1299,0
17104,60,2,1,-1,-1,4,-1,-1,-1,7934,6295,4285,7973,6714,10869,2018,1476,0,2726,1085,2153,0
61753,54,2,2,-1,4,4,1,0,0,28710,27248,11033,24859,29597,21350,9650,10038,4544,5248,11178,7513,0
76635,23,2,2,-1,-1,-1,-1,0,-1,50358,28698,10676,39435,43924,11713,0,13446,2064,13554,16828,0,0
19125,69,1,2,0,6,-1,0,0,-1,7764,12035,4626,617,1514,12931,0,1981,253,0,282,6330,1
221231,21,1,1,0,0,-1,-1,0,0,172224,166362,134374,125303,94335,135204,0,5853,88092,100910,23570,21248,0
18239,72,2,2,1,0,0,0,0,-1,5731,1390,1995,11272,3105,9912,2444,0,260,750,0,2746,0
19720,60,2,2,0,-1,-1,0,-1,-1,3807,7182,9189,12690,15895,14244,817,861,5277,3486,3664,1338,0
57616,74,2,1,-1,0,0,-1,-1,0,39077,40140,15404,4641,35643,32713,4332,8549,3469,188,13039,7948,0
105264,72,1,3,6,0,-1,-1,-1,0,45690,19922,49694,33773,19384,12827,11792,9722,8420,2868,8492,2925,0
91321,37,2,3,0,0,0,0,0,-1,37590,49300,55897,675,22912,34652,12241,0,0,470,14127,9231,0
76787,61,2,2,0,-1,0,0,0,-1,11690,15812,36498,40966,51222,8242,0,2427,0,8603,14263,4031,0
45284,32,1,1,6,-1,-1,-1,-1,0,9450,21070,14519,33069,13273,21196,1388,0,509,15795,0,692,1
37427,46,3,2,0,-1,-1,3,3,3,27833,23088,10457,13489,11193,19522,2399,0,1053,1399,821,4541,0
38050,33,2,2,-1,-1,0,0,0,0,11078,10776,13733,21226,12100,14972,3085,3272,4721,0,4292,3976,0
56353,47,2,2,0,0,0,0,-1,-1,6892,2673,30032,7276,8729,18560,743,561,13374,5566,3566,11719,0
36246,68,4,1,0,0,-1,5,0,0,12649,26545,12938,20307,9012,22404,248,0,6057,0,689,564,0
32730,44,2,1,0,-1,0,0,-1,-1,32308,7469,21495,19886,22234,9709,8084,365,8386,9224,6812,1598,0
25992,25,3,1,3,-1,-1,-1,4,1,4611,5884,12573,8385,10425,2398,1047,157,3447,1606,1643,0,0
11139,38,2,2,-1,1,0,0,0,-1,8085,0,4589,1230,8193,8759,4376,0,57,0,6355,0,0
95235,63,2,2,3,0,0,0,0,-1,84208,42331,47426,28891,67538,34058,21230,15332,5122,0,11359,19670,1
87074,49,1,1,0,-1,-1,-1,-1,0,65770,16525,14206,40768,35131,31619,36363,2772,6325,5128,5396,7168,0
10841,51,1,1,-1,-1,-1,-1,0,0,7824,3778,7046,4368,2191,2679,2545,996,0,0,425,321,0
92459,44,2,1,-1,0,0,0,0,-1,20977,21504,41205,20996,47229,43787,4748,2319,0,3255,4092,10466,0
65778,36,1,2,-1,0,0,-1,-1,5,48394,9427,27072,971,3363,35518,0,3086,0,0,1635,20025,1
32435,53,1,1,0,-1,0,5,0,-1,21134,5785,10120,9739,19756,3450,15800,0,1854,1602,8391,1507,0
21582,55,2,1,0,0,0,-1,-1,-1,3899,11848,13649,1519,16403,8337,635,1474,4583,806,1418,1576,0
28266,69,2,2,-1,0,0,-1,0,0,12394,8731,759,7538,2985,4982,0,2561,156,3396,0,2076,0
32573,54,1,2,0,0,-1,-1,0,0,16797,11245,16437,3376,10591,14178,4268,5054,7568,239,446,6224,0
25906,74,2,2,0,1,5,-1,0,-1,6969,1449,6452,15324,2784,15454,0,105,1076,1679,402,7366,0
133764,65,3,2,0,1,-1,0,0,0,69702,81721,42059,46446,43063,22846,22387,0,15472,27429,2197,0,0
65966,25,2,1,-1,0,6,-1,-1,-1,22755,13341,14632,26458,36271,36723,2370,4512,2317,9118,0,21918,0
249898,42,2,1,-1,3,-1,0,0,-1,154483,165525,223336,149950,107395,63815,0,111498,60319,49874,0,11460,0
58723,41,2,1,-1,0,0,-1,-1,-1,6598,25269,21619,26762,25778,28656,768,3122,11368,20015,5265,7832,0
109085,21,1,2,-1,-1,-1,0,0,-1,47721,33945,51803,14657,41821,50342,19650,0,5090,2060,20927,2817,0
24232,30,2,2,2,-1,-1,0,-1,0,0,12835,17040,6063,8312,3056,0,3033,8910,1174,2200,1462,0
29998,62,3,1,0,-1,-1,0,0,0,12776,2025,15016,15206,1089,12498,2896,737,3529,555,0,0,0
45919,40,2,2,0,-1,0,4,-1,-1,30249,12139,22461,22654,19873,28089,3153,6329,0,0,3432,8412,0
80504,28,2,2,-1,-1,-1,6,0,-1,26123,56213,26012,4967,60515,25411,1077,0,12463,1531,12724,0,1
32982,36,3,2,0,-1,0,5,3,1,7768,7405,16420,21757,23888,16490,1352,0,6710,5798,6213,13660,0
90901,35,1,2,-1,0,0,0,4,-1,37571,47516,50354,27714,15025,18902,10213,7332,31366,5943,0,708,1
88335,30,1,1,-1,2,0,-1,0,-1,64096,57414,66619,14339,20961,38672,0,0,40225,8846,1787,0,0
38473,26,2,2,0,-1,0,0,0,0,13741,10181,2525,21206,10689,24916,4845,0,401,11001,3284,3325,0
49608,62,1,2,-1,0,0,0,-1,-1,19385,29714,38054,33453,37683,15082,0,7993,20235,7925,9563,0,0
28704,65,2,2,-1,0,0,0,6,0,6394,17499,9780,5374,18573,12090,1694,0,3688,952,6496,0,0
116522,47,2,2,6,3,0,0,0,0,80301,93429,45010,11693,8229,80497,22052,28417,13728,7935,2374,0,0
38486,54,2,1,5,-1,0,-1,0,0,22501,13520,13167,16568,19032,20437,10238,0,2653,0,1514,2746,0
89285,70,1,2,0,0,0,-1,-1,-1,42439,25484,42337,1786,22957,16331,12493,9079,0,385,5150,5794,0
43250,66,2,1,-1,-1,0,0,-1,0,21393,16097,29664,20682,13390,3235,5836,10152,12516,0,0,1665,0
160582,22,1,1,-1,5,4,5,-1,0,30972,9634,101747,58022,72416,60199,4520,4256,33859,12929,0,26697,1
10000,72,3,1,-1,-1,3,2,0,-1,8408,1538,3590,7434,2002,1350,1370,389,2198,2454,493,0,1
87452,24,1,1,-1,0,0,0,-1,0,13446,27913,19712,29767,19162,29652,0,4402,0,3337,0,2735,0
12574,22,3,1,-1,1,1,-1,0,0,0,12211,2539,0,4098,8769,0,0,377,0,1631,2524,0
67007,42,2,2,0,0,-1,-1,-1,0,17516,28582,48164,18282,5027,28810,6362,8428,0,7618,2117,20189,0
43597,61,2,2,6,1,-1,0,0,0,8562,11185,21728,27064,20501,3433,1812,2090,7672,88,7257,2049,1
15022,25,2,1,0,-1,-1,0,-1,0,4249,9748,12985,692,2699,3238,79,0,481,45,809,517,0
89911,36,1,1,-1,5,1,2,1,-1,61625,15048,13808,62370,13891,17460,4091,9311,4173,31683,1409,10288,0
58650,35,2,1,2,4,4,-1,0,0,25590,11386,28377,30144,45295,26554,1075,5137,0,484,0,0,1
28519,42,3,1,0,-1,0,0,-1,-1,4606,17417,10424,10244,14142,10547,417,5709,7721,1309,4174,3441,0
45086,74,2,1,-1,6,3,0,-1,-1,28792,6276,9506,10579,21815,27234,6447,1116,0,0,8171,2726,0
78094,38,1,2,-1,0,0,-1,-1,-1,9151,10470,21014,9553,10416,20769,2865,2937,3640,2264,0,868,0
125816,32,2,2,0,0,0,-1,-1,-1,10025,64330,104386,24103,61862,44503,0,22409,13427,10587,8577,10734,0
26685,27,3,2,0,0,0,-1,0,0,14926,3372,21998,6384,11850,1238,5319,726,5623,446,2455,124,0
110241,31,2,2,0,-1,-1,0,0,-1,26183,48288,8988,29775,53396,61967,11594,14229,4229,0,4116,0,0
47573,28,2,2,0,0,0,-1,0,-1,26384,14865,12389,22366,25075,24837,14831,1511,3258,5867,2961,7103,0
193505,51,1,1,-1,5,2,6,0,0,25667,70151,99956,120851,39561,167534,10947,31430,37333,0,16164,21189,0
28430,43,3,1,-1,0,-1,0,-1,0,17194,18528,15859,16406,7822,9942,9871,9476,0,0,1311,3889,0
28765,47,2,1,0,0,-1,0,0,0,7994,17883,20627,18296,10672,11240,1308,2798,5019,0,2251,2069,0
20370,65,2,1,0,-1,0,3,-1,0,6954,11200,18205,0,17145,4511,274,3894,0,0,1931,641,0
47712,52,2,2,-1,0,-1,4,-1,0,0,14602,37510,18787,28443,33849,0,2441,2646,10774,6453,5929,0
36385,29,1,2,1,1,-1,0,-1,4,20063,27886,11116,29617,15426,4177,707,0,4257,22651,5868,0,1
105547,41,3,2,0,6,2,0,3,1,9835,57553,11350,64456,43511,42119,1938,0,2187,17986,9884,5337,0
34183,37,1,1,0,5,-1,-1,0,-1,15869,27247,4147,10608,10627,9345,5402,11051,326,0,0,1564,0
28225,65,2,1,-1,-1,1,2,-1,-1,8955,21487,12599,7120,22758,9967,0,4973,6239,391,9334,1913,0
54621,37,3,2,-1,-1,-1,2,5,0,21014,21333,41402,21004,34063,23940,5764,12790,11503,0,14798,1982,0
88606,28,4,1,0,-1,0,6,-1,-1,58111,46609,60416,27189,44284,63521,4614,10101,4756,3915,10815,23480,0
61584,60,3,2,4,1,6,4,5,3,17156,15785,25605,7538,15314,17145,0,1482,10579,258,4583,7283,1
80039,44,3,1,2,0,-1,4,2,6,23564,28920,10770,62041,24441,39468,14412,0,5164,27523,5902,0,1
64363,26,1,1,0,-1,0,-1,0,4,25610,34156,28322,34572,35751,15649,5755,6106,8707,12957,12399,0,0
32546,58,3,1,0,6,-1,-1,0,-1,5552,24116,6827,3572,15485,9299,1482,0,2518,682,3506,2883,1
171567,32,3,2,0,0,-1,-1,-1,1,115121,80104,88022,60133,7867,66296,6699,2831,2479,16457,3044,5783,0
189513,67,2,1,-1,1,-1,0,-1,-1,34833,102611,79646,120179,60046,141104,18604,0,9799,12804,4482,52419,0
86799,65,2,2,-1,-1,-1,-1,-1,-1,41572,62658,35093,33398,22912,44400,10856,28249,9665,6271,7662,21139,0
166334,40,1,1,0,5,4,0,1,3,81160,16368,30358,75982,109905,57755,9655,0,7849,4423,32819,0,0
97423,51,2,2,0,0,0,-1,-1,0,59124,33900,42160,33010,54025,27917,12634,9598,21591,12784,0,0,0
18680,51,2,2,0,-1,0,0,0,0,4096,14673,7870,10468,10539,9397,2179,1698,2979,0,6244,2334,0
47490,56,2,2,-1,-1,-1,0,-1,0,3747,25255,27976,30266,17352,20297,1464,9033,5757,13322,0,0,0
162335,24,2,1,0,0,-1,-1,2,-1,7815,12446,50403,105281,85220,43574,0,2740,0,0,23733,26720,0
87227,38,2,1,-1,0,-1,-1,0,4,63008,70755,49760,33291,55550,33218,0,17144,4741,16047,31652,5979,1
65225,30,1,2,2,0,-1,3,0,0,43585,4060,44550,16896,11140,38716,7320,1440,5822,4576,2593,0,0
114729,58,3,2,3,3,-1,0,-1,6,33819,23398,12286,55520,27029,2900,0,7871,3570,0,2044,766,1
92218,24,1,1,-1,1,-1,-1,0,-1,28384,46662,13929,25066,21511,17099,2774,17658,5067,0,2952,3325,0
125609,48,1,1,-1,-1,-1,-1,-1,0,25581,97264,101768,78901,86701,27142,5347,19235,22399,31216,0,0,0
92604,60,1,1,-1,5,2,-1,4,2,66785,31332,53117,40695,40745,26508,8969,3528,15830,4622,6713,4453,0
52905,72,3,2,0,1,1,3,0,1,28564,29636,8247,17788,18538,34552,13435,0,1034,4088,1654,1315,1
56019,36,3,1,-1,6,2,6,6,1,29222,24245,22546,32990,28815,30186,5538,0,6470,9113,12862,4487,0
194116,21,1,1,0,4,4,-1,0,-1,118693,93726,108793,39519,99157,109474,32802,5598,1369,10177,20415,28780,0
215439,60,1,1,-1,-1,-1,0,-1,-1,135322,25391,121905,95842,48653,133696,0,1516,28431,4218,0,0,0
34170,21,2,2,0,-1,0,0,0,-1,119,24022,14270,11296,19475,6755,31,1964,6869,2106,1157,3856,0
91206,24,1,2,0,-1,-1,0,-1,-1,42820,37330,22860,31310,15366,55180,18254,12256,14412,7777,5172,4799,0
135510,74,2,2,-1,0,-1,-1,0,0,26791,43417,111842,42364,61429,64547,0,32777,14966,26040,41195,44495,0
61773,67,1,2,-1,0,-1,-1,0,-1,12470,25700,35319,7198,13041,27426,6050,6218,19911,1883,1256,11684,0
17203,59,2,2,-1,-1,0,0,0,0,8902,9941,2950,1425,12438,9095,941,0,794,458,2392,6257,0
23696,66,2,1,0,4,-1,0,-1,5,14297,0,693,9804,3832,4179,7006,0,407,0,0,1081,1
25042,25,2,2,1,0,0,0,-1,0,9876,10058,17273,11240,10064,6640,491,3798,4818,0,2489,0,0
33977,25,2,1,-1,-1,-1,-1,-1,0,14944,6455,22969,14274,14344,13732,2257,2009,11514,3646,1740,3938,0
37778,37,1,1,0,0,-1,-1,-1,-1,11380,6138,11137,18501,16983,15119,7878,1737,1356,5592,7295,5598,0
156335,22,1,2,-1,-1,-1,-1,-1,0,71847,101623,37350,62240,93891,58222,13314,23953,7775,24930,49686,39531,0
54995,68,1,1,0,0,0,-1,-1,0,38050,26994,20081,25535,11138,9555,0,4339,5419,2377,3156,3369,0
188217,24,1,2,-1,-1,0,0,0,-1,110897,85025,108243,115738,154778,32999,47387,21055,47178,16125,24892,2504,0
13892,50,3,2,0,0,0,-1,0,0,0,8732,7987,4499,9003,4063,0,1560,5223,2213,1552,0,0
51731,67,1,1,0,0,-1,0,-1,-1,26347,23525,3015,2776,32648,35704,0,15129,1303,292,6087,3632,0
74599,60,1,1,0,0,0,0,0,0,18110,14837,26033,26420,31481,16377,0,3740,9758,12605,4408,7176,0
131268,33,1,2,-1,0,-1,0,-1,-1,76640,40276,64861,55656,44211,9237,19918,5351,0,26519,0,3024,0
122381,46,2,2,-1,0,-1,-1,0,0,29184,38901,39568,27228,34266,38451,18862,4628,20716,5571,11908,18398,0
22307,50,3,2,-1,0,5,0,6,5,18229,9014,19471,7913,3300,14510,984,701,6304,2219,356,8030,1
108524,62,2,1,0,0,0,0,-1,0,25648,18784,45306,51962,83777,47675,5662,0,0,20598,0,15456,0
12765,44,2,2,0,0,3,0,-1,-1,3009,8193,4004,2251,4625,8110,863,3007,50,1243,1312,2603,1
98426,36,2,1,-1,0,-1,0,-1,-1,32838,59290,30294,60922,35926,89987,7724,14996,14102,0,25111,21545,0
16766,63,2,1,0,-1,2,0,0,0,7710,5378,10314,4839,5896,7700,1718,358,1895,1468,0,1250,0
49052,68,3,2,4,3,0,4,3,4,16198,14896,20077,11637,28569,17530,2603,3112,1113,2217,8162,0,1
120976,47,2,1,0,-1,-1,-1,-1,-1,38145,77827,56026,27439,26018,27268,8482,4275,20433,1744,9421,10004,0
139560,22,1,1,0,0,0,0,1,6,62813,45622,29713,9680,40411,46444,0,3326,9196,3038,14966,7563,0
13209,48,2,1,0,0,0,0,3,-1,13209,3115,7135,7376,4188,4888,2623,170,2090,0,225,891,0
47987,69,1,2,3,0,0,0,1,0,12944,12314,27518,9556,33164,5121,3952,3533,2507,1570,0,1016,1
121785,74,1,2,0,-1,-1,-1,-1,0,67799,34533,60248,69550,17830,28279,24926,15835,3832,0,319,4137,0
59513,42,3,2,0,0,-1,-1,5,2,37692,18425,31379,22516,25739,36608,7874,1661,2681,8931,3848,610,1
85580,29,1,1,1,-1,-1,-1,0,0,13163,40496,48882,13599,41628,19766,3501,2546,0,784,3127,0,0
10000,51,2,2,-1,0,0,4,0,0,7318,4072,1891,7703,5892,10000,0,2205,612,3370,2072,6600,0
89479,65,4,2,0,0,0,0,6,5,7952,34161,32155,40926,42299,18311,2896,11496,5667,1188,0,0,0
147415,72,2,1,-1,0,0,-1,0,0,70674,65066,50590,98230,98033,26209,1859,0,11991,15424,26113,1550,0
55881,23,2,1,-1,0,-1,-1,0,0,44166,32350,11183,1380,26694,18534,8432,15382,0,295,0,2123,0
58856,36,2,1,4,0,0,0,-1,0,24507,23944,12617,3014,47728,25665,17370,1449,2462,228,2778,443,0
73309,46,2,2,4,6,2,-1,0,0,52175,31357,22997,37950,37187,25988,9472,15123,11313,3359,0,7551,1
220758,26,1,2,-1,0,0,-1,-1,0,74274,115164,27317,53199,118577,136862,15761,16647,18439,11559,24267,15961,0
83860,68,1,1,0,0,-1,0,0,-1,53915,34222,31939,36279,28738,33638,20282,0,4213,5261,12167,9123,0
42068,27,2,1,0,0,-1,0,-1,-1,25009,17497,11196,15513,5112,17498,8852,9936,2130,2814,2730,2775,0
46562,56,3,2,3,-1,6,6,5,0,23690,22894,1456,5613,34532,28217,14419,2568,0,578,24419,7332,1
68021,70,1,2,-1,-1,0,0,0,0,12961,43759,45049,34811,23143,48496,4133,10443,12727,0,3450,3445,0
49030,58,2,1,-1,-1,-1,0,-1,0,9634,9397,18467,18482,30664,24120,2482,1424,10790,6556,4486,7957,0
10000,62,4,1,5,6,-1,-1,0,5,4669,1856,6021,1614,2965,1245,219,0,2728,245,0,0,1
104269,35,1,2,-1,0,5,5,5,-1,73644,69908,14382,36029,34230,48882,7110,21928,567,6620,15276,0,0
175191,65,1,2,-1,-1,0,-1,-1,0,45230,49417,60758,90623,119538,43015,10336,4309,22670,31331,34772,0,0
110890,43,2,2,0,-1,0,0,0,0,21685,59608,50870,37603,57237,32069,0,28842,20186,1056,8644,15294,0
146864,24,1,2,-1,-1,0,0,-1,-1,7860,63069,82648,62270,15210,113398,0,16912,27054,1902,9576,12915,0
65779,40,1,2,-1,5,5,0,0,-1,10458,25084,51753,15044,29668,23477,7291,10202,20485,6594,8763,4805,0
55079,39,2,1,0,-1,-1,0,1,0,47368,47294,38098,22061,40417,10463,9685,21820,17440,4488,2264,2141,1
127149,49,2,1,0,4,-1,0,-1,4,86703,41670,50558,82892,18665,29698,18820,13995,9578,5204,6187,7767,0
98113,35,2,1,6,4,6,3,-1,4,11400,39151,74021,6936,37967,43135,1010,0,12444,1950,4765,7221,1
160987,45,2,2,0,-1,-1,0,-1,5,54948,7100,95823,87327,126460,93121,36340,1044,6060,26962,24199,0,1
28619,44,2,1,-1,0,1,-1,-1,1,1625,10479,7276,13646,15150,1579,323,3914,1020,0,1475,245,0
28476,38,2,1,0,6,-1,0,0,0,15226,12951,7573,11990,6132,20381,3262,4296,664,1544,2373,3369,0
37569,58,2,1,0,-1,0,-1,-1,0,7283,13016,10885,5533,6437,22871,748,10636,766,2461,440,408,0
23053,37,2,2,0,-1,-1,-1,-1,-1,19816,11702,11814,4194,9221,886,713,6073,1574,1491,6887,100,0
17031,62,2,2,0,-1,0,-1,6,2,10614,5621,3818,1295,0,9804,518,0,1140,704,0,2759,0
49922,34,3,1,0,-1,0,-1,0,0,31978,10907,15005,29205,19642,5109,12875,0,1577,0,4616,2174,0
47276,67,3,1,-1,-1,-1,2,6,6,23200,5835,17878,36945,30465,39135,3019,0,4230,13673,0,5629,0
83571,40,1,2,0,0,-1,6,-1,0,50996,26641,10961,56870,41441,28937,25008,0,1130,13708,1927,1372,0
45538,23,3,1,3,5,6,1,3,5,20361,26939,14302,22641,18401,24272,2484,3628,0,5455,10548,8986,1
10639,29,3,2,-1,-1,-1,0,-1,-1,4800,4287,5144,2317,5858,0,0,1576,0,284,3033,0,1
46743,64,1,1,0,0,0,0,-1,-1,14124,16963,26752,7030,6541,11655,1585,0,3825,829,0,3099,0
54268,68,1,2,-1,0,-1,0,0,2,0,14149,5237,20566,2377,32875,0,2214,3102,2011,777,10381,0
50960,32,2,1,2,-1,-1,-1,0,-1,31747,8039,20553,31618,3611,7982,13977,2018,8811,5426,0,0,1
15247,53,2,2,-1,-1,0,0,-1,0,0,6068,0,7296,5351,8218,0,776,0,839,628,3215,0
23336,52,2,1,0,-1,-1,0,1,5,6159,4303,13489,12815,67,7368,2837,0,3060,3167,49,0,0
34572,28,2,1,6,0,-1,-1,0,-1,6474,6330,5717,427,7884,16017,294,0,2698,144,1701,1697,1
160027,45,1,2,-1,0,-1,0,0,0,67459,81741,76663,23825,81847,132780,8594,0,4679,0,24893,44537,0
84623,58,1,2,-1,0,0,-1,0,-1,57672,13714,13089,38268,11596,3969,5036,3844,0,0,6466,1563,0
77697,73,3,2,1,3,-1,-1,0,0,68056,48115,32875,42667,32252,40208,0,9638,1245,27909,6838,0,1
62225,66,1,2,-1,-1,0,0,3,-1,19404,14806,19114,8260,21787,8246,4169,0,8498,2571,10116,2107,0
49059,26,2,2,0,-1,-1,0,0,0,6047,11043,22387,18537,22060,31322,1110,3940,0,3091,6315,0,0
102306,33,1,2,-1,-1,-1,0,0,-1,26138,27607,62170,7870,20864,60425,3709,7433,7494,613,0,8000,0
42541,44,2,1,0,-1,-1,-1,0,-1,15179,643,18018,22338,26511,19751,789,172,988,0,772,5330,0
29739,29,2,2,0,-1,0,0,-1,0,18154,11595,20784,10503,13579,18493,5411,1554,6639,0,0,7508,0
20840,51,1,1,-1,0,-1,0,0,0,9398,10247,11139,12393,7890,5612,3888,0,1106,1266,1126,2490,0
30383,21,2,1,-1,5,6,-1,-1,0,14843,9559,8590,7377,5455,12995,2436,2320,530,1631,215,5761,0
95697,27,2,2,-1,-1,0,-1,0,6,26843,39379,31433,46963,58112,29992,5347,4978,0,10631,8604,10596,0
188153,23,1,1,-1,-1,-1,6,-1,-1,151981,53189,101548,46099,68415,55161,52415,15589,3692,15386,14740,7367,0
26409,36,2,1,0,0,0,0,6,0,0,6292,429,8056,1130,8452,0,905,122,232,127,1135,0
12246,62,2,1,6,6,-1,-1,-1,-1,6168,3635,7448,4766,2736,10170,1740,623,1656,1659,865,142,1
102876,30,2,2,0,-1,-1,0,0,0,16069,33733,50545,19978,33087,51798,5270,3831,19425,7036,13952,16245,1
51815,74,2,2,-1,0,0,-1,0,-1,17432,21779,34933,20563,34909,29848,6143,6602,29277,4531,14913,0,0
16686,35,2,1,4,-1,0,-1,-1,0,2406,2267,2925,2383,1114,1841,602,0,258,0,469,497,1
10000,23,1,1,0,0,0,0,6,-1,4317,810,2743,3410,5066,6560,883,267,1773,0,0,1676,1
31753,39,1,1,0,0,-1,-1,0,-1,6643,18494,10400,24540,23634,25268,1024,8712,963,9363,0,3283,0
33848,61,2,1,-1,3,0,0,-1,0,15330,6824,12245,14071,8061,22598,5824,1319,728,0,2525,0,0
19509,26,2,1,0,-1,-1,-1,0,-1,5778,10206,13570,7601,11891,4165,2063,4125,1287,566,6341,0,0
85265,24,2,1,-1,0,0,0,0,-1,57010,30735,16568,14407,18654,42755,19701,6344,3835,2370,5208,24579,0
35825,66,1,2,0,-1,-1,1,1,0,13564,11846,8477,24658,27823,17090,5312,924,2007,3630,0,470,0
49509,52,2,2,-1,-1,0,-1,0,0,20111,17328,14314,10689,19285,17661,0,1465,5233,3910,1249,7517,0
327352,39,2,1,-1,-1,-1,4,-1,0,61182,94652,176175,122816,43910,170922,2396,25563,9467,41635,5770,125243,0
75390,61,1,1,0,0,-1,0,0,0,25471,13174,8415,56457,32345,58939,3374,4216,1946,5209,9962,16641,0
44693,66,2,1,-1,-1,-1,-1,-1,-1,5508,24994,13628,18866,6526,25927,0,820,0,0,1271,12518,0
45508,40,2,1,0,2,-1,0,0,-1,19875,10127,14611,24140,14253,11999,2467,2387,4356,10846,3498,0,0
117205,51,1,1,0,-1,0,0,-1,6,13464,46308,34591,47079,91838,44141,997,15549,23454,7378,61308,9325,0
75816,21,2,2,-1,0,-1,-1,0,-1,26660,16088,45410,65844,23725,27345,2003,1344,0,19401,7519,0,0
30749,37,1,2,3,5,0,-1,0,-1,18324,9763,15412,12224,5606,9441,5587,3372,1759,10581,1476,1512,0
24696,53,3,2,0,-1,0,2,0,0,7605,19217,16052,8771,1144,12879,809,4129,0,0,55,194,0
40239,31,1,1,-1,-1,-1,4,-1,-1,26977,9945,8854,15441,18015,23593,0,0,1214,6293,12604,4293,0
54740,74,1,2,-1,-1,4,-1,-1,-1,32626,18107,39222,21050,18199,17261,0,5060,7455,10091,3151,4062,0
295897,73,1,2,-1,0,0,-1,0,0,110990,212547,109847,108043,56880,110400,26797,102435,32535,52823,8724,42197,0
112468,34,1,1,5,1,-1,1,-1,0,44776,21678,0,67790,8433,13122,2468,0,0,19801,885,1600,1
64386,42,1,2,-1,0,0,-1,0,-1,23468,30908,17335,15030,31502,10705,0,2201,0,8588,1846,468,0
132670,31,2,1,0,0,0,0,0,6,17145,29976,16331,48060,44581,73655,3844,7390,4025,0,9078,0,0
79797,48,1,2,4,-1,-1,0,1,-1,4175,44300,56517,14435,61335,43536,1351,11082,24803,2851,9714,14648,0
18509,27,1,1,-1,0,0,-1,-1,-1,4335,10344,7605,15892,8381,1847,1215,4694,790,79,3598,392,0
259793,42,1,2,0,-1,-1,-1,-1,-1,71553,123751,114863,122949,102177,84048,0,50038,33378,0,0,0,0
43255,50,2,1,2,0,5,-1,0,0,17213,20736,18226,35774,18531,7743,65,3986,11831,3146,8163,1763,1
11289,54,1,2,0,-1,0,-1,-1,0,5567,5111,4349,4123,4243,308,0,405,190,711,1557,52,0
13633,53,2,2,0,-1,4,-1,-1,0,5476,6096,0,7304,1601,9157,506,1053,0,0,211,0,0
120831,32,2,2,0,-1,0,-1,0,-1,39184,40786,60844,105733,10569,71186,0,7665,12902,53082,2314,0,0
13811,63,2,2,0,0,0,-1,0,-1,5434,9338,4203,3938,11702,3079,0,0,378,1672,4040,786,0
201965,58,1,1,-1,-1,0,0,0,0,52043,88502,66919,49983,57248,182537,22789,0,27449,13860,8421,79071,0
36613,61,3,2,0,0,4,-1,0,2,4659,24011,9196,11688,19364,18013,798,3632,3107,1291,0,7110,0
86778,46,2,1,-1,0,-1,0,0,0,19365,65714,29055,28438,44527,56442,2807,15786,5782,0,13625,13574,0
55883,69,1,2,1,6,2,1,3,0,37926,10944,28864,21614,25751,25927,17749,0,783,0,2202,0,1
74510,42,2,1,-1,4,0,0,-1,0,18255,26132,49593,11952,9644,21050,6407,2645,13707,2315,1901,4080,0
63149,64,2,2,-1,0,0,-1,-1,-1,26908,14189,47535,5426,28128,31830,6525,290,4003,2056,4640,16090,0
66545,31,1,1,-1,-1,0,-1,-1,0,26028,55904,21685,34136,41120,27601,1428,6042,3133,0,20069,12735,0
20903,34,2,2,0,-1,-1,0,-1,2,6842,8757,14995,7126,11928,3637,0,1829,3368,1740,1205,208,1
65304,49,2,2,-1,-1,2,6,6,0,40477,19563,26527,17498,44082,13630,13213,923,3985,3974,9044,10463,0
16040,51,1,1,0,0,-1,0,0,0,8696,2619,11344,6465,922,7933,2375,509,4517,3805,196,1436,0
72296,61,3,2,0,3,0,0,4,1,17043,26511,36422,22876,13694,31871,4408,8378,0,6489,4874,18988,0
80343,37,1,1,-1,0,-1,0,-1,-1,36202,58318,7476,34979,35628,24623,0,9652,562,21455,10563,10167,0
99491,68,1,1,-1,-1,-1,1,4,1,60552,11185,1854,38527,50442,32302,1458,1314,117,4195,23457,1329,1
10000,38,1,1,0,2,-1,-1,-1,-1,3616,7215,9109,0,330,3086,1015,749,2143,0,49,333,0
19918,49,2,2,0,0,-1,-1,5,-1,5785,10651,5747,10801,3127,6832,0,1787,2348,1326,0,0,0
22895,71,3,2,0,-1,5,1,5,-1,1624,3613,3085,4874,14962,10752,304,1018,1468,1370,1781,496,0
84031,50,2,2,-1,3,0,-1,0,-1,54358,5177,64828,19299,73965,51883,33495,215,9776,5384,31030,25092,0
16140,57,3,1,0,-1,0,3,6,0,12040,0,5793,8664,9700,9568,0,0,820,2000,1060,4838,1
376398,70,2,1,-1,-1,-1,-1,0,2,45433,117197,40169,41102,171338,73505,16877,8897,31365,0,0,5156,0
39709,73,2,2,-1,0,-1,0,0,-1,10300,7591,14445,8891,24642,24010,2541,1178,2969,4003,6434,6327,0
21746,47,2,1,0,0,4,5,1,0,4985,6240,906,6144,3180,1218,786,3112,288,2225,1056,303,0
59100,43,1,2,0,4,4,-1,6,1,45751,29242,3429,12089,28067,4906,7712,7646,517,0,0,568,0
16035,31,3,2,-1,0,0,6,1,4,6033,6562,1674,887,11579,4081,2039,0,769,212,4065,0,0
19006,50,2,1,0,3,3,0,-1,0,6147,11039,3152,8567,6966,4038,1806,0,452,838,0,1869,0
110060,70,2,1,-1,-1,-1,0,1,4,14912,21544,13754,55941,21960,54024,2020,5826,3043,22344,6617,11785,0
73909,47,2,2,5,0,0,0,0,0,27705,44167,32842,26884,33679,31006,7334,10711,11533,5228,11785,5926,1
74081,39,2,2,0,0,0,6,-1,5,58456,8411,21873,45691,17776,54911,1204,1313,0,2838,6158,8033,1
190589,26,1,2,0,-1,0,-1,-1,1,123414,52215,49262,30491,32749,68589,83405,34066,23745,0,14363,43601,0
72354,42,2,2,-1,0,-1,-1,0,-1,12297,59239,39120,38074,32735,12053,1872,0,9117,3994,2422,2074,0
20870,33,2,1,0,0,-1,0,-1,4,7132,1122,6066,11255,83,10034,3961,90,223,1504,16,7889,0
60490,73,3,2,-1,4,-1,0,0,0,21305,8110,6263,11941,15334,26062,1811,5109,3795,1929,7208,8672,0
27866,49,1,2,-1,0,0,1,-1,0,6433,10755,26143,3922,4955,8311,1617,295,10419,1262,1962,831,0
46818,28,1,2,-1,-1,-1,-1,0,5,16502,13461,8483,17194,16850,10958,13100,601,0,0,2184,7012,0
47260,24,2,2,0,-1,0,6,-1,-1,25536,17708,16141,20412,25094,6810,15177,0,3889,1027,0,1530,0
30503,66,3,2,-1,1,-1,-1,-1,4,20099,16212,7824,5900,5962,17763,4738,13218,1141,1394,4407,3448,0
10000,71,3,1,-1,6,-1,-1,-1,-1,4663,0,0,3251,3879,4572,744,0,0,1969,450,858,0
22604,62,2,1,0,0,-1,0,-1,0,7112,5990,6224,19688,3056,8215,2755,227,573,3741,1166,785,0
67404,27,1,3,-1,-1,0,0,0,0,35029,23451,9947,30176,36886,24219,0,0,3641,8451,11271,4534,0
42105,26,1,2,2,6,1,0,-1,0,18876,8765,9837,10066,16596,13700,7771,588,4065,3335,7596,432,1
120693,31,2,2,-1,-1,3,0,0,-1,85546,21459,86345,105392,39326,77853,0,0,2947,4270,3752,17290,1
193776,61,1,2,0,-1,-1,-1,-1,0,38010,48695,104151,17119,9732,71040,6255,13539,0,1872,828,14736,0
20004,62,2,1,-1,0,-1,0,1,-1,4346,7092,12492,6628,11309,9696,204,3923,1322,873,4789,0,0
35994,66,3,2,-1,0,-1,-1,-1,2,18164,11815,21495,19873,19016,9861,11383,5527,7065,12609,0,4407,0
173889,26,2,2,0,2,-1,-1,5,4,98722,102419,106959,120893,30802,59100,7457,12008,49186,54807,8657,18429,0
44029,29,2,2,-1,0,0,0,-1,0,18281,25344,17246,18850,20952,7793,5079,4874,1830,4465,7857,252,0
49557,69,1,2,-1,0,0,0,-1,-1,17740,36566,457,22386,23375,34262,12172,7435,35,2348,3792,0,0
136577,71,1,2,0,0,-1,-1,0,0,52847,95639,47190,57821,20565,15604,6443,30969,25645,10416,10825,7786,0
39365,60,2,2,0,-1,0,-1,0,1,16030,18530,15551,22164,24244,7167,1422,0,5448,8456,8442,2221,0
135495,26,2,1,0,-1,-1,-1,0,0,20225,63969,39963,38872,51052,40348,965,18923,4087,0,11247,14568,0
42645,24,1,2,-1,-1,0,0,6,-1,19531,11635,6739,30690,6796,9015,2870,727,818,11191,2071,0,0
46948,24,1,1,-1,0,0,0,-1,-1,4230,14328,15239,26665,21370,24253,1030,0,9301,2950,0,1505,0
129132,58,1,1,-1,-1,0,0,0,-1,51014,47646,35330,17705,27118,37012,4046,12275,1746,4689,2899,0,0
53126,66,2,2,0,4,0,-1,-1,-1,13702,37569,30177,23678,2914,12793,8751,7267,2332,2393,762,5239,1
53461,55,2,2,0,0,0,-1,0,0,25782,20708,15392,12515,13813,30703,8303,8566,9768,3472,425,0,0
10641,35,2,2,-1,0,0,-1,-1,3,6930,6436,7434,478,2720,198,0,850,2460,339,1237,42,1
36948,61,2,1,0,0,0,0,0,0,28568,18213,16378,20924,5166,18684,7024,5530,2897,3271,2282,9302,0
136995,24,1,1,-1,-1,-1,0,0,-1,81056,21769,71763,88216,24636,52185,0,2450,28971,38354,3761,22679,0
26187,65,2,2,0,0,-1,0,5,-1,15207,17836,2569,6016,13919,17077,3662,10400,591,1162,0,4229,1
120211,69,1,2,0,-1,-1,0,-1,0,70812,25980,40746,9522,62463,36514,2761,3997,9166,2274,0,6065,0
42519,59,3,2,-1,-1,0,2,4,-1,1402,17117,0,11091,15814,16367,0,4864,0,1112,7535,1280,0
58495,68,1,2,5,0,0,0,0,0,15818,17274,13201,7939,12368,58380,5027,8171,5275,3664,3600,4875,1
145248,52,2,2,-1,0,0,0,-1,-1,19797,84695,28527,93680,54740,49485,9448,52891,4745,26783,1240,8821,0
52291,46,1,2,-1,0,0,-1,-1,-1,15264,6528,18418,9837,23782,11065,1248,375,1929,398,11762,1424,0
39493,38,2,1,-1,-1,0,-1,-1,0,19203,18586,13500,7962,6931,30504,2587,4476,1839,2469,0,14956,0
57963,70,1,2,-1,0,4,-1,0,0,39384,25479,13642,38766,11314,19242,8316,553,0,16426,2187,4078,0
36597,58,3,2,0,5,-1,5,-1,-1,13326,23138,17943,8566,13997,27630,2151,5789,5755,3894,172,0,0
126758,31,1,1,-1,-1,0,0,6,0,5031,58383,4755,73741,55612,15042,0,0,0,4875,0,0,0
10564,72,3,2,-1,-1,5,4,-1,0,3733,10564,2199,4632,2358,6489,678,134,0,794,0,3848,0
98168,24,2,2,-1,0,2,2,0,6,47186,31114,56739,42972,70049,27979,2990,5829,25475,0,8631,15510,0
72471,52,1,1,-1,-1,0,-1,-1,0,25899,11728,19201,19871,41639,36908,3994,0,2937,3406,4659,9590,0
106905,31,1,1,0,-1,3,0,0,0,86450,77320,46532,24432,54898,41506,15438,0,0,2118,23653,7498,0
332195,56,2,2,0,-1,0,-1,5,5,87746,59177,225158,100888,137734,63063,2623,0,64782,35991,30164,2992,0
22788,43,3,2,-1,-1,5,1,4,3,5851,10030,3501,11973,3727,10216,2490,259,2085,0,1014,1081,0
12882,44,3,2,-1,-1,0,2,0,4,9348,701,2077,2710,1935,3819,1965,71,363,651,856,1335,0
80138,57,1,1,0,5,-1,-1,-1,0,25662,32027,30936,39571,44874,35593,3933,6736,7983,16672,3623,19387,0
64973,61,2,2,-1,-1,6,-1,-1,6,5612,26189,52136,7539,17568,9892,2504,2131,15584,0,6658,1506,0
137827,41,1,1,-1,0,0,-1,0,-1,101021,63538,18579,42332,36695,51313,47027,0,11614,7767,0,17549,0
44612,74,1,1,-1,-1,-1,0,0,-1,18346,14605,10329,13088,25630,15275,617,785,0,3427,0,227,0
25233,47,2,1,-1,-1,-1,0,0,0,6607,1160,11246,6074,11131,7091,2724,304,4721,0,1232,3549,0
20132,29,1,2,0,-1,-1,-1,-1,0,4047,8291,9650,11305,572,8751,97,4514,3680,0,371,2609,0
22982,21,1,1,0,-1,-1,0,3,-1,8702,3695,14889,11926,5989,15006,5270,1128,9924,0,4177,4495,0
24601,31,3,1,-1,0,-1,5,0,-1,4583,9745,10152,7232,12828,7377,1323,2352,1078,1588,2255,258,0
44655,58,2,1,-1,-1,0,0,-1,0,22830,32270,39932,16318,13204,5673,0,8579,6849,5329,2885,1927,0
255788,50,2,2,0,0,-1,-1,0,0,111331,154954,183629,82047,114076,118383,15690,11940,53930,10227,5337,27432,0
17719,39,1,1,-1,-1,-1,6,0,0,9086,5303,7319,11028,10676,3817,315,0,2462,3426,3383,1181,0
44875,46,3,1,3,-1,-1,3,6,4,9814,18071,17258,33920,10104,7473,2286,3278,5019,8499,4616,2335,1
27426,66,2,2,-1,-1,-1,-1,-1,0,20079,14817,10524,11389,3191,19411,7850,6412,0,5003,831,5863,0
58588,51,2,2,0,-1,0,3,0,0,31495,48704,11195,35824,30692,30062,9597,11063,2740,7218,16665,9354,0
44085,24,1,2,-1,6,0,0,0,0,14989,8428,32366,37128,19825,8891,7144,6308,4199,11527,0,636,0
78561,23,3,2,0,2,6,0,0,6,38733,33405,22919,46182,4124,37244,2715,3883,14814,10155,526,6279,0
111675,47,2,2,-1,0,-1,0,0,-1,60065,95487,31631,54921,63352,23388,31541,5252,9169,10978,7796,2212,0
31346,42,3,2,1,-1,0,4,-1,0,495,7561,12305,8637,6626,14231,65,0,1797,2995,725,0,1
155016,66,2,2,0,-1,0,-1,6,0,56857,98375,91545,42825,27303,36983,14226,0,0,0,8657,14997,0
90046,52,2,2,0,0,0,6,0,0,28431,41129,26904,23143,32271,52731,9368,4203,8005,4642,8902,20825,0
149349,61,2,1,-1,0,0,-1,0,0,25646,46516,106124,36167,67549,50907,356,25317,58561,9622,29524,556,0
33150,52,3,1,2,4,1,3,0,4,32076,22171,9717,7155,22216,2963,13685,0,5901,0,0,1385,1
146959,39,1,1,0,0,0,-1,-1,0,106841,52787,47427,68802,55191,72328,16122,12991,18978,12217,3244,19761,0
37118,56,1,1,-1,5,3,-1,0,0,10917,16098,19660,9197,20956,20844,2800,0,11904,2339,2089,10382,0
24447,54,2,2,0,-1,0,5,3,0,11211,942,7866,11674,1206,3661,3253,261,488,330,407,2536,0
280368,59,2,1,-1,-1,5,3,0,-1,54914,140438,76579,70387,121985,137711,9565,0,58974,5333,22756,53289,0
20564,31,2,2,0,0,0,-1,0,0,5045,15136,2621,2799,2846,5474,0,8540,1336,0,871,3053,0
34582,55,2,3,-1,-1,6,3,-1,0,6160,14945,18677,27581,14454,10719,2809,5217,5120,11566,969,2918,0
10738,36,2,2,0,-1,5,-1,0,-1,4270,5161,1697,3342,5707,8217,571,1999,737,1968,1650,2950,0
24917,63,2,1,-1,0,0,5,0,0,6639,941,4899,18201,7759,13698,3343,53,2088,550,4115,6103,0
30979,64,1,2,0,0,0,0,-1,0,26966,9980,18416,8414,12846,21571,4227,2422,7973,3067,8573,1073,0
20072,54,3,1,0,-1,0,-1,-1,0,13458,6733,14449,1328,9420,12882,1306,1250,1217,807,3376,2263,0
87236,72,1,1,-1,-1,0,0,0,-1,18882,76921,41472,34884,32614,16801,961,59103,5322,14479,4006,4221,0
75571,50,2,1,0,-1,0,0,-1,4,27992,36685,21358,8108,31449,43863,8435,16696,8489,2700,0,0,1
15334,22,3,1,0,4,6,2,-1,6,8522,10377,4247,4177,1961,11676,747,3020,1026,1404,191,5660,0
36488,53,1,2,-1,-1,-1,-1,0,0,15920,18943,10644,5333,12662,18049,4996,573,989,3759,2070,4427,0
163289,62,1,1,-1,0,-1,0,0,1,21424,39505,60960,52555,56151,40169,0,0,17224,5898,9429,4816,0
268526,26,1,2,0,0,-1,-1,-1,0,109294,122949,92267,99023,110612,119523,18889,30674,31668,49691,0,18095,0
133884,26,2,1,0,-1,-1,2,0,-1,91826,52425,67270,8949,40329,52509,29759,10276,12769,180,6499,16151,0
13133,35,2,2,-1,0,3,1,4,4,2336,7847,5250,7173,7052,3910,245,496,1007,654,468,0,0
177725,66,1,1,5,-1,0,0,-1,-1,60365,33919,160337,125390,118897,57655,13030,5574,80654,35973,33719,331,1
151187,49,3,2,-1,4,3,1,-1,-1,87408,52602,107930,26989,75551,97671,15559,14427,0,17326,8901,0,1
17671,73,1,1,-1,0,0,-1,0,-1,0,5073,2691,0,11476,3077,0,221,2016,0,0,235,0
116559,68,2,2,0,-1,-1,-1,-1,0,63583,12800,47370,42731,24574,65747,0,1098,914,4636,0,29351,0
58698,50,2,2,-1,-1,-1,-1,-1,-1,9690,10332,12367,11298,28784,40260,0,3107,6439,1553,0,4634,0
52826,57,1,2,0,-1,6,-1,0,0,4798,18928,26707,15050,20655,5536,0,3888,3242,4193,3414,2355,0
74713,38,1,1,-1,6,-1,0,-1,0,35123,33039,33773,50660,48765,41583,6045,12234,0,0,21088,7783,1
48919,25,3,2,5,1,3,-1,0,0,16360,31360,19753,23123,29262,38559,2390,2898,2996,8731,9490,3971,1
123756,42,2,2,0,-1,-1,0,0,-1,6727,61875,89218,38392,20347,33996,610,0,39908,8730,5949,4694,0
166255,52,1,2,-1,-1,-1,6,-1,0,85108,36342,39312,17524,53667,81330,28183,18113,6268,2829,3137,25578,0
14683,30,2,2,0,0,0,0,0,-1,4620,10899,1352,7688,6732,8876,2502,6589,0,3377,1565,2568,0
29174,32,2,2,0,-1,0,5,0,0,15140,7482,14403,5257,9815,4999,0,3601,0,366,4460,1720,0
73963,21,1,3,0,0,0,-1,0,-1,34742,11574,28465,18396,19378,36191,0,3562,8877,1967,1663,0,0
172434,60,2,2,0,-1,-1,0,0,-1,48947,133772,54751,79298,99291,32713,16992,0,0,0,38145,8363,0
10000,69,2,1,0,0,-1,0,0,-1,10000,6962,2487,6776,3944,0,1684,2094,1609,2847,1332,0,0
42100,65,1,1,-1,0,-1,0,-1,0,15639,28840,22794,11879,11833,12999,5649,8529,0,443,2888,2408,0
10107,41,3,2,3,1,-1,5,-1,0,7317,5476,9755,0,7242,5905,1727,1426,3605,0,3981,0,1
22947,53,1,3,-1,1,0,0,-1,-1,7214,2215,9758,7656,2947,22734,1417,347,3836,3243,409,5892,0
151003,72,1,1,0,0,-1,-1,0,-1,52919,92802,39326,6767,54518,56603,27877,45003,11597,5100,0,7971,0
44844,52,1,1,0,-1,2,4,6,0,14600,16377,10869,23733,15492,26038,426,3490,7569,8240,3907,9783,0
10000,36,2,1,-1,-1,0,-1,0,0,819,1704,6018,4153,1950,3063,240,263,924,2719,263,1690,0
43185,39,2,1,0,-1,0,-1,0,-1,32575,16546,16330,21225,11191,14023,1472,1875,1767,5226,1842,0,0
174907,60,3,3,-1,2,0,3,-1,6,107419,30039,76240,76403,161110,51488,28222,0,11234,36989,112844,0,0
16173,45,1,2,0,-1,0,0,4,4,4776,11443,10794,10012,5829,5769,2345,0,2385,3521,1703,0,1
75083,66,2,1,-1,0,-1,-1,-1,0,22134,61858,52213,16821,15340,31923,15174,34368,21573,6652,6180,16550,0
171813,67,2,1,-1,-1,0,0,0,0,12358,43593,101473,67586,74853,28065,2815,5283,63897,20999,0,10594,0
65968,22,1,1,0,-1,-1,0,0,-1,32477,16427,17659,34438,23577,35476,14142,4792,4992,8191,6509,0,0
320896,60,1,2,0,0,0,0,0,0,116063,63422,74226,99566,188770,97838,78721,12979,0,8169,73759,0,0
28916,40,2,2,0,0,-1,-1,-1,-1,14065,14868,17185,12237,11671,11092,3441,3905,6837,6921,226,1666,0
218212,49,1,1,0,-1,-1,1,-1,-1,157251,175086,16118,98291,103909,124803,0,65470,9592,0,0,18529,0
129049,35,2,1,0,0,0,-1,-1,-1,48169,58203,30917,89522,10542,38763,0,20410,3739,32687,5280,23930,1
47761,40,2,2,0,-1,0,0,0,4,44472,4830,21188,9369,24567,30119,6590,1856,0,163,5671,9721,0
20883,38,1,2,0,-1,0,0,-1,0,9016,2681,5968,0,3520,1130,5000,0,0,0,1104,220,0
15397,23,4,2,-1,2,0,0,0,-1,4445,3153,7770,10066,2386,7677,0,1880,731,2900,0,890,0
10000,63,2,2,0,4,0,-1,6,0,2212,1681,2805,0,0,8834,960,0,0,0,0,1313,0
78851,28,2,3,-1,-1,-1,-1,-1,0,55771,23355,56995,44242,19048,2829,14523,530,0,13606,3038,0,0
71642,41,2,2,-1,0,0,5,4,1,27051,31520,20538,4902,3406,11605,6078,12746,0,1402,1115,4354,0
52227,31,2,2,0,0,0,0,-1,-1,9838,15552,2889,29158,21611,15614,3881,0,458,0,1802,1268,0
44437,29,2,1,0,-1,-1,-1,0,-1,10505,16764,6069,19558,39697,10820,5387,8319,13,2555,7803,2753,0
203321,41,1,1,0,0,-1,0,-1,-1,110106,140212,103422,24717,134909,137975,35669,71924,29885,7059,22872,36936,0
62207,70,2,1,0,2,0,0,6,0,41974,25964,18318,20103,30671,8293,26894,0,3903,1641,0,447,0
44035,71,1,2,-1,0,-1,-1,-1,-1,6258,9409,17686,20691,8839,30700,0,3492,5576,3008,2171,4057,0
55148,41,2,2,0,0,0,0,0,6,29123,40278,8538,25835,24498,9179,7291,13967,3570,6487,7945,782,1
252206,48,2,1,-1,-1,0,-1,-1,0,54463,45399,72220,102476,93583,132067,14644,0,9411,11534,21073,59504,0
112894,74,1,2,-1,-1,0,4,0,-1,62227,74410,46966,72567,4352,83332,23458,21812,7099,19992,776,2637,0
25119,33,3,2,3,-1,-1,-1,-1,0,12847,15326,11320,16717,9055,18073,1702,0,6493,0,1959,0,1
66230,72,1,1,5,-1,0,0,0,-1,47561,29722,42097,33012,22962,6834,5691,0,0,3321,2768,1127,1
99426,26,1,2,-1,1,3,-1,-1,0,69921,29190,43330,71038,9954,9417,11523,5250,26801,17303,5798,3246,0
35000,33,2,2,0,4,2,0,0,-1,2190,11363,4770,4804,8570,2934,142,982,1973,2848,315,1302,0
32609,39,2,1,-1,6,2,0,-1,0,7998,3640,8074,6524,15233,9926,0,135,4052,336,2087,3279,0
68010,23,1,2,-1,0,3,0,0,-1,12149,38033,30244,2547,24875,24591,0,21621,3242,1070,5050,3482,1
165259,65,2,1,-1,0,-1,-1,0,-1,123283,56256,85853,42964,58532,13227,44309,8149,15118,8754,0,3119,0
92298,67,2,2,-1,-1,0,0,0,-1,41330,51500,28086,24033,26060,56924,21147,42124,4475,0,0,0,0
49456,41,1,2,3,-1,-1,0,0,0,10571,35286,6676,8997,12247,24845,5477,0,2558,0,2838,10948,0
68770,66,4,2,-1,0,6,-1,-1,-1,23400,3734,48622,7779,62516,18037,8981,1141,17070,1187,0,337,0
69101,62,1,2,-1,-1,-1,6,6,-1,43143,27443,21623,24319,6139,36304,4630,9656,6669,0,4266,4385,0
64580,64,2,1,-1,-1,0,0,-1,0,29608,47539,42295,36452,12636,21077,13721,23549,16439,0,462,2442,0
84067,64,1,1,0,0,-1,0,0,-1,14240,60103,19984,39746,45882,54388,3359,1982,0,5860,15419,13846,0
10000,51,2,2,0,-1,-1,-1,-1,0,2542,7941,2102,1516,2602,2602,276,0,0,399,1157,421,0
10000,26,3,1,-1,0,-1,6,0,4,1335,2506,1627,0,4669,1961,27,1176,0,0,1671,662,1
82270,70,1,2,-1,-1,-1,-1,0,-1,31488,44908,1503,59767,45812,16300,5618,14461,1326,30007,19816,2972,0
34689,53,1,1,-1,0,2,0,-1,-1,14896,8820,15883,1000,25643,10032,4089,1911,10331,63,2485,2194,0
18491,69,1,1,0,-1,1,0,-1,-1,3021,12387,11133,1709,9542,6274,956,690,1503,18,982,559,0
35556,72,1,2,0,0,4,-1,0,0,12081,18865,7409,6294,4704,25137,2349,3130,1469,0,0,4774,0
71900,31,4,2,3,0,-1,-1,0,4,58123,11972,41068,16636,27497,35938,15809,6127,3536,3557,12321,13180,1
65268,42,2,2,-1,-1,0,-1,-1,0,58888,21193,16661,22731,27165,44630,11984,4587,1995,9408,1671,7575,0
90890,31,2,2,-1,3,1,0,-1,-1,2546,73092,75603,55972,47203,44044,342,15030,5814,0,14207,5083,0
49306,23,3,1,4,5,0,1,0,3,26373,39594,15819,10825,19330,16379,1211,13097,0,1924,4022,806,1
16452,73,3,2,-1,4,6,1,0,-1,8710,15403,5881,3229,0,12564,701,3257,1533,0,0,7926,1
91238,70,2,2,-1,0,0,-1,0,0,2616,68367,30788,39335,30873,15857,205,27504,3968,0,0,5603,0
109651,71,1,2,-1,0,0,-1,-1,-1,25110,13724,50957,52171,48417,29863,0,2933,10811,22415,6736,16667,0
62472,68,1,1,-1,-1,-1,4,0,-1,31170,14866,15855,34202,49553,10401,24295,2192,0,9198,0,0,0
71936,56,1,2,-1,-1,0,0,0,-1,38959,22567,30768,4994,44312,1927,6369,8904,676,1331,9380,520,0
129371,49,1,1,-1,-1,0,0,0,-1,65008,85543,2607,44886,24601,55424,0,0,856,10524,2680,38907,0
26915,74,2,2,-1,-1,3,-1,0,0,18838,2779,13595,14025,6360,14966,3481,584,5704,1374,2747,4351,0
163861,50,1,1,0,-1,0,0,-1,0,76182,81222,37817,48292,104435,62915,0,24280,5530,0,52243,8381,0
77039,55,2,2,-1,-1,0,-1,-1,-1,49373,51899,5642,17867,7735,34308,4227,12439,146,6584,2289,0,0
49109,32,2,2,-1,-1,0,1,-1,3,16324,13026,43914,13652,35109,13958,7458,3402,33908,6801,3025,4876,0
233622,61,1,2,0,-1,0,-1,0,-1,165065,110936,21238,120319,141445,81915,114741,41148,12450,0,18475,13767,0
24367,65,1,2,-1,0,0,0,0,-1,19789,5968,6306,4649,14986,13807,2609,1959,0,419,904,7558,0
33923,57,2,2,-1,0,0,0,-1,0,14017,15111,6605,14449,7739,22409,0,0,0,5306,1592,2997,0
28401,47,2,1,0,0,-1,-1,-1,6,7905,5677,8275,10226,9079,0,1065,939,3658,1017,138,0,0
65282,31,2,2,-1,-1,-1,0,0,0,16089,49062,11902,3589,35810,16890,1484,4485,721,0,5838,7888,0
126238,22,2,3,0,0,-1,0,0,-1,82761,55939,50570,15881,79447,55487,31326,15172,4150,1263,13830,0,0
31258,54,1,1,0,0,0,-1,-1,-1,5589,22780,11271,26509,3532,8053,3061,3207,2587,4674,0,441,0
965953,57,1,1,0,0,0,0,0,-1,5613,604181,529629,633815,417685,255535,3449,273008,227446,35548,173395,28976,0
40387,62,1,2,0,0,-1,0,-1,-1,23365,17560,21862,5493,14114,21389,11022,10548,8186,103,1824,8541,0
91584,72,1,1,-1,-1,0,-1,-1,-1,47428,19576,74189,21120,37655,18809,7117,0,40617,6879,0,3038,0
49126,47,2,2,-1,-1,0,0,0,2,12010,20132,10006,23916,3596,13194,3972,2234,2018,4174,1629,1829,0
35605,65,3,2,6,1,1,6,4,-1,22291,812,16517,18221,23272,25524,8099,512,3868,6761,9915,12392,0
36407,59,1,2,-1,0,-1,-1,0,0,1331,13784,6131,23544,11081,13877,31,5499,2786,6286,4990,5102,0
161217,35,1,1,0,-1,-1,-1,0,0,85764,77551,32999,41155,88268,60145,4375,0,22386,10798,52497,20192,0
24756,66,2,1,0,0,6,0,-1,0,11798,14937,13915,3426,23420,17187,1440,0,0,1932,0,0,0
11906,23,2,2,-1,-1,0,-1,-1,0,6296,3127,5384,8232,9090,1919,3425,1198,441,0,3037,236,0
27969,53,1,1,0,0,0,-1,-1,-1,15989,14812,17954,4321,16264,17645,0,0,2152,3026,4372,0,0
218103,71,1,2,-1,0,-1,-1,-1,0,130358,81132,46097,60639,107641,114943,68508,10961,9018,36521,5183,28242,0
93311,56,3,1,4,5,0,0,4,-1,43296,31004,53907,49181,44152,22630,2438,6721,18677,0,15637,7924,1
13776,71,1,1,-1,0,0,-1,-1,-1,8890,7839,4464,0,9944,4189,1314,2034,0,0,1355,802,0
93993,24,2,2,5,0,0,-1,-1,-1,27937,8195,43487,42857,34857,62950,1332,3703,13384,0,0,13429,1
10041,49,2,1,0,2,0,0,0,0,3271,3913,8091,10041,5559,2610,626,612,435,0,0,289,0
67150,63,1,2,0,0,-1,-1,0,4,24198,15350,7458,12331,8569,22138,772,1667,1670,1982,2574,0,0
18653,55,2,2,5,-1,0,0,6,0,13987,7574,13278,12341,8480,9508,4585,4443,3151,7624,1921,1160,0
139957,68,1,2,0,6,0,-1,-1,-1,42952,94044,134929,21532,24345,50617,0,5827,57729,4417,11031,0,0
106959,45,1,2,0,-1,0,-1,-1,0,96780,38568,61529,18029,31140,28361,61117,12454,7859,956,0,2877,0
150261,57,1,1,0,0,0,-1,-1,-1,83738,64184,39682,41210,136101,64842,0,19057,0,1595,0,5233,0
27095,43,4,1,-1,-1,-1,0,0,4,7768,10745,16849,9443,18142,12634,3261,4223,1466,0,11904,0,0
58888,68,1,2,0,0,4,3,-1,-1,31205,37025,23464,27397,26085,27162,0,0,8290,5107,3223,2248,0
20683,27,1,1,0,0,-1,0,0,-1,3825,15114,4109,5290,10499,5382,182,6136,2227,856,1601,1118,0
15047,34,3,1,-1,0,-1,0,0,0,5941,10767,7401,9840,12295,3564,295,5436,627,1595,4395,1107,0
146575,26,1,1,-1,-1,0,-1,-1,3,86231,45635,68296,39165,32667,57256,29331,15454,39256,11780,6892,0,0
46034,58,3,2,2,0,-1,5,0,-1,30494,15531,24962,31620,11569,4513,4239,2163,12561,7761,8387,1982,1
53288,33,2,1,-1,-1,-1,0,5,0,18575,36302,19248,36019,15781,29234,3056,0,4032,0,4690,2651,0
134549,38,2,1,6,3,-1,0,0,-1,5303,1089,72410,116571,46296,15987,2884,197,5702,13977,10516,1912,0
17324,66,2,2,0,1,-1,0,0,0,5007,10186,8592,3822,4185,4755,1617,1958,2606,0,1583,872,0
87213,40,2,2,-1,-1,1,0,0,0,40906,24244,52647,28945,18811,12799,10854,13604,12023,5670,0,2487,0
26719,28,1,1,-1,0,3,-1,0,-1,10808,7751,14292,11291,13897,18963,3004,455,377,2658,2308,4868,0
111929,22,4,2,2,6,2,4,-1,-1,84532,83362,59310,36496,51237,53018,42001,9490,26718,1794,29353,29456,1
53045,33,3,2,2,3,1,-1,0,-1,17363,24997,9524,16288,18253,28899,1491,7705,3460,0,0,5863,1
74230,70,3,1,0,5,-1,0,1,1,22232,34898,21815,38729,28359,8551,4915,7844,235,0,0,1301,0
27964,50,2,1,-1,0,0,-1,-1,-1,15583,14741,21110,18586,5881,15100,1205,67,0,0,236,280,0
280878,74,2,1,1,2,4,1,0,0,21339,223091,72819,96665,106074,226218,3022,15866,14451,9778,60881,64872,0
242521,32,2,1,0,-1,0,-1,-1,0,88480,55610,115587,142970,77745,183511,0,4818,22107,47717,18578,34285,0
96836,39,1,2,1,-1,-1,0,-1,-1,41110,4490,54863,4343,38568,57550,8591,0,0,0,8524,0,1
125518,29,2,1,-1,-1,-1,-1,0,4,69793,82223,90853,34311,74896,42816,8475,0,0,1674,21976,7215,1
38502,42,2,2,0,0,-1,0,0,-1,15996,11913,20201,15505,11948,15279,4628,3697,0,5119,1036,2641,0
17769,51,2,1,-1,0,0,0,0,-1,9766,3262,4067,5559,2407,6029,2744,1652,2112,2479,87,206,0
129716,64,1,1,0,0,-1,3,0,-1,41252,67809,64462,56018,84478,29110,7912,37580,32566,11241,0,0,0
23495,40,2,2,0,-1,0,0,0,0,8787,15621,8303,23391,9627,112,321,5715,2677,7713,929,30,0
139829,62,2,2,-1,0,0,-1,0,0,19722,86690,71733,69727,82146,10951,14012,9891,889,14414,27074,1761,0
113355,54,2,1,0,-1,0,0,0,0,44080,44154,38347,51967,82897,33740,4533,0,0,3616,11565,6292,0
41419,36,3,1,3,-1,0,2,3,0,18719,27565,10238,14685,2624,4655,13739,2236,1761,4235,1173,736,1
56581,70,2,2,-1,0,-1,-1,1,0,28970,37066,24709,19467,30164,27405,16335,21454,915,6214,9257,14370,0
151433,44,1,1,0,0,-1,-1,-1,-1,14588,32000,50531,99109,27729,35369,1022,18530,19274,30697,4259,9489,0
85487,29,1,2,-1,-1,0,-1,-1,0,19809,54098,45683,32358,8337,66566,3081,4475,15695,0,2373,18606,1
35469,72,2,2,-1,0,-1,0,-1,-1,20390,7826,22429,15343,7201,20150,0,1658,9626,2167,1948,0,0
14594,70,2,1,0,-1,0,0,0,0,9293,1779,5199,6355,2693,8480,0,812,548,2231,0,1086,0
73898,23,3,2,0,-1,-1,-1,-1,-1,36801,4233,8262,48190,45797,17927,4246,814,2618,6790,0,6486,0
92007,69,1,1,-1,0,0,-1,-1,-1,34488,15313,63328,5094,12553,11707,5050,2704,14464,581,2912,4808,0
622189,72,1,2,0,0,-1,-1,0,0,312138,439244,341104,296192,384739,127062,79379,99195,0,44432,284292,20499,0
45400,65,2,2,0,0,0,0,-1,-1,25367,27517,17871,6637,27918,35346,5231,1324,2182,1520,6170,5677,0
62419,34,2,2,0,-1,0,5,-1,0,29485,14461,32123,17558,7542,18198,13683,629,0,169,961,4373,0
44521,55,3,3,-1,-1,0,-1,0,0,14621,14021,22085,23269,28331,19322,4322,0,6387,1534,4762,5910,1
57752,50,3,2,4,0,0,0,0,0,26130,19682,33563,8196,9934,2407,3113,7385,8977,1916,1945,1271,1
22617,54,2,1,0,0,0,0,0,5,0,15063,8025,3786,10856,1917,0,5214,1448,193,6336,793,0
46084,54,2,1,0,-1,-1,-1,-1,0,33674,5077,20897,29965,37583,28383,15421,478,6337,3723,24855,9120,0
133065,55,1,1,-1,0,-1,0,-1,0,85856,45804,42511,22212,71751,61526,17125,3376,2708,2237,9016,6326,0
37563,48,2,2,0,0,-1,-1,0,-1,3218,8685,8655,9681,22157,16448,694,1999,0,0,8293,7318,0
64568,58,3,2,2,0,-1,0,-1,-1,33096,12209,12288,17822,11133,43711,12518,0,1177,5778,1302,14785,1
52964,49,2,2,0,1,0,0,-1,-1,29496,27438,10912,5254,14353,25033,4769,1714,1283,3765,5184,495,0
47326,21,3,2,1,5,-1,2,0,0,8532,9628,15377,26127,17654,22771,482,4722,0,15505,6361,3915,1
172367,22,1,1,0,-1,0,0,-1,-1,34486,44719,36289,49715,59267,23440,2898,5887,18758,0,10933,6461,0
57215,72,1,1,0,-1,-1,-1,4,0,30086,17252,8090,34356,20904,27460,11970,2008,2342,23841,2494,12766,0
15344,70,2,1,0,-1,6,4,-1,-1,7618,8549,913,7275,3037,5043,107,3352,463,3254,1358,373,0
27729,52,3,3,1,6,0,-1,3,5,11703,20020,18382,7004,8055,2839,864,4423,0,0,828,226,1
35455,30,1,1,4,0,0,0,-1,0,16763,7113,5452,10198,18090,5401,3666,1213,0,6656,422,2629,1
10000,63,2,1,-1,0,0,-1,0,0,1153,874,5247,8810,4269,1369,540,539,0,4673,935,355,0
63014,28,1,1,-1,0,0,-1,0,0,14843,54784,24301,9290,27605,6464,8628,10095,14284,949,890,983,0
57481,41,2,3,0,0,-1,0,-1,-1,39278,996,26797,27783,46426,23782,3805,615,10541,6029,8338,8437,0
110924,38,2,1,0,1,0,0,0,2,72855,23991,80159,11222,36405,24363,13508,11404,20282,2876,9862,0,0
27584,21,1,2,0,0,-1,-1,-1,0,24658,2555,20550,8495,23834,15522,3690,1629,13939,2857,0,7684,0
52618,64,2,1,3,0,-1,1,-1,0,15695,12693,12387,10407,33550,16914,2734,4282,1558,2633,15365,11989,0
120870,48,2,1,3,-1,0,0,0,0,46037,19764,55101,91873,77175,83038,28551,4906,16231,0,6467,26657,0
30954,38,2,2,-1,0,-1,0,0,0,10653,13124,13645,21996,7786,16319,4774,6405,4117,9107,0,3632,0
105392,48,1,2,-1,0,0,-1,0,-1,43702,34310,42843,67557,58443,54624,0,4891,5442,16782,15877,15720,0
246384,21,1,2,0,-1,5,0,-1,-1,66347,14106,19873,45975,91830,136251,0,3380,0,11971,23567,60180,0
10000,44,3,1,0,-1,0,0,4,-1,4462,7350,0,953,2981,3851,935,0,0,440,1577,0,1
60969,49,2,3,-1,-1,0,-1,0,0,50074,24193,22236,39116,32440,23772,7597,1961,0,9548,725,12102,0
124282,39,2,2,-1,-1,2,-1,-1,6,48484,94463,64053,37420,36085,81227,7647,0,18681,14262,3827,14586,0
37028,65,2,2,-1,-1,3,-1,0,0,8211,7437,6139,28810,11601,6000,1548,571,346,7025,1646,967,0
104061,34,3,1,-1,2,3,5,0,-1,44009,41563,46830,52533,49195,62632,30397,7206,24320,0,0,23255,0
113988,28,1,1,0,-1,-1,0,0,-1,6793,36088,6386,25053,79104,15512,3437,2457,1972,15511,0,4468,0
201891,49,2,1,-1,-1,-1,-1,0,0,122869,40075,125511,114303,51663,103946,63816,7684,9199,0,0,19171,0
78117,68,2,2,-1,0,3,2,0,0,30306,21947,42621,21928,62232,19787,16102,7394,7789,8709,32926,6259,0
302096,41,1,2,-1,-1,0,-1,-1,0,78630,103515,59930,116820,140278,188151,13968,50777,1746,34100,23862,28263,0
87244,23,1,2,0,0,-1,0,-1,-1,43274,14288,50376,18258,50368,48510,15245,0,8414,0,1078,9375,0
16411,73,2,1,-1,-1,-1,0,0,-1,9537,7340,5837,10388,3473,10128,4364,1557,1229,658,1064,1269,0
20713,44,3,1,-1,-1,-1,-1,0,-1,12582,8397,15069,17015,10271,3471,4163,319,4889,962,1870,628,0
110712,30,2,1,0,-1,-1,-1,0,0,31660,58499,42980,62051,38922,23784,11321,9538,0,4218,14423,4889,0
152576,54,1,2,0,0,-1,-1,-1,-1,52336,86974,34235,38799,118943,111254,0,35215,2705,10965,0,50148,0
26764,38,3,1,-1,0,-1,3,0,0,18412,2901,10934,18828,12768,8589,7767,54,4098,0,5757,4485,0
290660,71,1,1,0,-1,-1,0,-1,-1,153508,169537,263025,186831,155656,97309,17241,81848,112807,49641,40855,2333,0
51704,36,1,1,0,4,-1,-1,2,-1,42027,26300,12487,14320,24252,2457,17290,16828,953,0,13977,962,0
49657,50,3,1,0,5,5,3,0,0,16918,4687,14959,1860,21827,13186,13148,1049,1084,102,8037,3687,0
69385,50,2,2,-1,-1,-1,-1,0,-1,39995,28814,24179,18860,11739,22777,0,4860,3316,6602,5536,2218,0
11836,34,3,1,-1,-1,4,0,-1,-1,7756,6847,9769,6809,5152,5650,641,2048,199,2726,126,3584,1
44873,47,2,2,-1,-1,2,0,0,-1,19284,28130,14620,26876,19571,11550,2458,0,0,0,0,0,0
329148,26,2,2,-1,3,4,0,0,0,85580,105471,21633,124736,45832,164160,3525,1972,1381,11833,10229,40272,0
32815,55,1,2,-1,-1,-1,0,5,0,13112,8565,12348,22510,12322,15212,4034,4426,2721,8771,9820,441,1
113164,61,1,2,-1,-1,-1,3,0,0,61529,6866,53244,32601,70078,21189,20319,0,36051,5203,11364,3048,1
13627,72,3,2,6,2,-1,0,2,5,1928,8087,1537,0,2443,0,732,2958,186,0,361,0,1
16271,38,3,2,-1,-1,3,-1,3,2,6060,9325,8001,8947,5725,6924,1538,1738,5238,1226,1237,0,0
15812,36,2,1,-1,0,0,-1,-1,-1,5406,7294,6080,10251,9099,487,544,2889,1106,5695,903,89,0
104073,50,2,2,-1,0,0,-1,0,0,43620,17234,4847,51292,18888,35742,9782,2001,379,2165,6674,4822,0
34178,58,1,1,0,-1,0,-1,-1,-1,27369,11175,11998,4093,14218,16003,10257,0,2351,695,2336,1728,0
189182,74,1,1,0,-1,-1,0,-1,0,107681,17815,105448,98741,110538,3971,28640,3107,2865,24389,82794,973,0
22432,22,3,1,0,-1,0,5,2,1,3340,3434,7371,2636,2090,11153,1077,686,1901,1097,1023,3548,0
76029,33,1,2,-1,-1,-1,-1,0,0,37438,35174,22346,29972,19882,22976,14266,9415,1890,4106,8912,6347,0
68125,35,2,1,-1,0,0,-1,0,-1,12953,16103,29157,26511,13691,7631,1235,0,4309,6093,4440,2261,0
10000,34,3,1,-1,3,3,4,4,6,6061,1100,7496,1064,4837,454,0,0,3318,590,0,0,0
57694,46,2,1,0,-1,0,0,0,-1,19098,26475,13070,16979,45353,19703,742,10495,3510,0,0,4282,0
64855,68,2,1,-1,0,0,-1,0,0,13824,36926,10540,22881,36739,22720,5710,30136,1959,0,11693,4368,0
170840,22,1,1,0,0,-1,0,0,0,137189,33574,80828,29605,78969,119902,70825,0,53054,6712,44114,14879,0
31852,65,1,2,0,-1,-1,-1,0,-1,461,9579,21822,7680,7310,9524,304,2115,6205,918,0,2729,0
35698,54,1,1,-1,-1,0,0,0,0,6453,11636,16471,6051,22906,12565,1110,7325,4489,2437,1035,5985,0
116321,54,1,2,-1,-1,0,0,-1,-1,77215,82256,26825,54327,55809,67439,18148,0,1267,31413,18369,0,0
212433,57,1,2,0,-1,-1,-1,-1,-1,150108,50203,78292,65940,70481,95246,34380,24114,24861,7266,14260,21306,0
42722,27,1,2,0,-1,2,-1,0,0,36571,25405,19246,11515,24621,18593,11328,1458,4228,6959,6201,5231,0
25547,61,1,2,0,-1,0,-1,-1,-1,4926,9695,9123,12903,5304,2409,0,1102,56,6767,0,533,0
53267,34,1,1,-1,-1,0,-1,0,-1,27489,3966,4986,25975,42671,17235,8398,638,265,0,0,572,0
15255,48,3,2,2,3,1,0,-1,0,3162,3459,3952,9827,9320,4452,322,0,1332,5046,1498,544,1
94343,57,1,1,0,-1,-1,1,6,-1,43532,16980,28273,40830,25587,4721,0,9578,17920,2643,3105,1134,1
20663,53,2,1,-1,0,-1,-1,0,-1,7656,13428,19444,2515,250,17487,4577,1166,8685,924,69,5038,0
74730,38,3,1,6,3,5,2,4,2,40243,15792,58096,1085,29197,11082,0,13497,17468,0,9463,4439,1
81354,42,1,2,-1,-1,0,-1,0,0,23483,34519,66896,15146,36126,55585,7191,2794,0,7316,0,13132,0
109456,46,2,2,-1,0,0,-1,2,-1,42827,35231,88036,50470,79135,30346,3332,5612,0,23016,0,2496,0
10000,23,3,1,-1,0,5,-1,-1,0,2742,2501,5572,4182,7110,4593,1540,0,1204,0,4403,0,0
12009,60,2,2,0,-1,0,-1,-1,0,4311,3049,11116,5854,8881,6412,661,659,0,320,1025,1341,0
193031,26,1,1,-1,0,-1,0,0,0,67087,34085,158639,164453,28401,85226,15667,0,0,118283,0,20526,0
27567,45,2,1,2,4,0,0,0,0,5798,16711,20715,5459,5575,3525,1548,6707,2274,0,2726,0,1
15167,56,2,1,-1,0,-1,0,-1,0,4181,2102,5307,7208,1356,2790,0,355,0,2895,0,449,0
41682,25,2,2,0,-1,0,2,5,1,16496,24736,27211,29057,30408,10280,942,0,5241,2210,9110,3859,1
83312,74,1,2,1,5,0,-1,-1,-1,42067,13264,32886,3750,11207,12488,13719,4216,4745,1140,2221,6409,1
60479,41,1,1,0,0,0,-1,-1,-1,15332,37866,42695,7552,12020,14619,3372,11052,11889,0,4101,4464,0
49898,21,3,1,5,-1,-1,0,0,1,7253,30456,16565,31645,23101,44722,956,10165,6152,4932,0,0,1
89542,56,1,2,-1,0,-1,0,5,-1,24341,12404,32567,23696,30605,37406,3354,4223,3423,592,3332,11099,0
85870,51,1,2,0,0,-1,-1,0,-1,8843,53828,43522,311,30375,38193,799,10987,13952,8,4151,14570,0
144162,55,2,1,-1,0,5,-1,-1,0,41936,62102,68448,81789,110077,65451,7922,0,33380,15881,0,0,0
33927,61,3,2,0,2,0,-1,-1,1,14322,19201,24924,6984,21528,15666,2021,1435,3083,1977,1712,11871,0
66277,46,1,2,-1,-1,1,-1,0,3,28919,47924,10722,10090,20021,26288,4094,4791,0,3143,10562,479,0
130446,65,1,2,0,0,4,-1,-1,3,49697,27753,26756,22086,3450,58918,15692,5453,7002,10426,712,22123,0
76277,40,2,1,0,-1,0,0,0,0,38522,6793,48646,11531,26104,9951,10252,498,24230,2784,0,0,0
23806,50,2,2,-1,-1,-1,1,0,-1,4876,15465,11839,16342,15194,5849,2552,0,1998,1539,4804,1523,0
45538,29,2,2,-1,0,0,0,-1,-1,15766,20123,28839,23771,5972,17877,5900,0,13930,8114,1534,0,0
48723,54,3,1,4,5,-1,-1,0,0,7771,18987,28707,15471,20041,33399,644,8678,4641,3395,3375,5962,1
42916,35,1,2,1,-1,2,-1,-1,-1,17268,31179,31072,24619,3253,22098,8090,20611,7188,4308,1838,2543,0
44584,58,1,2,0,0,0,0,0,0,24914,35999,19098,28946,18600,26296,6173,10424,5575,8104,1845,14478,0
16104,64,2,2,0,-1,0,0,-1,-1,13,4077,14401,4565,12976,1434,0,192,1449,1127,1698,197,0
10000,67,1,2,-1,-1,0,-1,4,-1,6042,4948,1603,6860,10000,5190,1597,1755,466,2256,0,1416,0
36342,71,2,1,-1,0,-1,-1,-1,-1,12292,15864,13122,26776,10262,15766,4049,2867,5610,8599,1779,3504,0
54275,27,2,2,0,0,0,0,0,-1,29603,0,42354,28626,9741,22756,15556,0,3463,6773,381,0,0
28570,28,1,1,-1,-1,0,2,4,-1,2039,22206,14646,12578,14782,9345,813,9589,8149,0,1947,4375,0
147605,71,2,2,0,4,6,-1,0,0,29075,48073,87422,80218,50874,84158,7289,5189,8997,13797,9436,0,0
29706,41,1,1,-1,0,-1,-1,5,-1,16654,15529,4636,11021,20189,14391,0,0,296,805,0,0,0
101724,22,2,1,4,0,-1,0,0,0,15848,71260,34934,43226,49076,26961,3666,0,14944,15495,19745,5033,1
68523,36,2,1,0,0,-1,-1,0,0,36897,21396,25521,43002,18855,37223,0,7094,8991,14269,7181,0,0
279586,66,2,2,-1,-1,0,-1,-1,0,169616,166200,81548,125357,38807,107720,18036,31629,13022,1121,6201,21451,0
105698,40,1,2,0,0,0,0,0,0,42833,64226,64799,62404,35539,45151,20273,12036,9391,12461,5549,2355,0
10789,25,3,2,-1,0,0,1,2,-1,3982,6501,546,0,2275,3943,1667,0,127,0,0,648,0
79763,59,3,1,2,5,4,-1,-1,0,37100,13921,56580,68069,27038,46965,17599,7729,11472,10011,3336,2906,0
133437,31,3,1,0,2,3,5,1,-1,54490,50758,26048,125731,41500,47452,2109,27056,3716,25205,17295,4795,0
10000,40,3,2,0,0,-1,0,0,-1,5688,6356,0,9129,5920,0,2524,0,0,953,1078,0,0
114436,21,1,1,0,0,-1,0,6,4,11708,11723,71728,54194,28862,36066,3229,3427,5147,2597,3782,5189,0
97562,53,2,2,0,-1,0,-1,-1,0,49139,60343,45169,57165,19694,50025,4273,7255,32265,10630,352,0,0
57884,45,1,2,-1,-1,0,0,0,5,18302,27345,18078,16277,36692,17921,10164,4039,0,4912,3451,2393,0
10000,67,3,2,6,5,-1,-1,2,-1,0,4957,4912,9863,0,5935,0,1127,589,0,0,680,1
54160,39,1,1,-1,5,-1,-1,2,-1,10534,1895,48640,17946,8277,17531,3051,1109,3913,1994,3244,6507,0
43114,32,1,2,-1,0,0,0,5,0,13238,11550,18209,11764,20350,27739,1846,2890,529,0,1427,6487,0
166678,29,2,2,3,4,6,2,0,-1,120340,23251,16980,46823,136049,136878,9056,0,3578,17882,57326,30229,1
63933,31,1,2,0,0,-1,-1,0,-1,14793,16652,31851,30406,13002,25774,5368,2108,1460,6194,0,725,0
35247,45,2,2,-1,0,0,0,0,-1,18877,27983,23608,4938,1464,4888,2633,8394,12902,2121,836,1,0
42927,25,1,1,-1,-1,-1,-1,1,1,2536,18529,6298,25692,26814,21238,467,4304,1599,0,5477,0,0
63614,42,2,2,0,-1,-1,-1,-1,0,18384,33788,3099,17188,22888,2446,0,6501,1131,3521,4256,1263,0
35911,67,3,1,0,6,0,5,1,4,19750,10693,10965,19857,8656,2179,0,1407,5376,8839,3215,320,1
26057,62,2,2,0,-1,0,-1,-1,-1,2842,4532,7838,9934,11159,9271,1091,826,1110,4584,1282,440,0
84769,55,1,2,0,-1,0,0,-1,-1,37687,32666,36770,26004,10451,9825,11316,13689,33456,3132,3169,3543,0
43943,69,1,2,-1,-1,-1,0,-1,-1,8564,20790,7090,17026,6728,26045,2778,0,4104,8005,760,2036,0
10000,63,1,1,-1,0,-1,0,5,4,3531,4414,4587,303,0,3789,689,0,0,23,0,470,0
117112,56,1,2,0,-1,-1,-1,-1,5,49050,38470,32525,45011,20313,31018,2235,13307,8518,8310,7320,6216,0
77539,67,2,1,5,0,1,-1,-1,0,44720,61791,43016,8662,26913,28385,11223,5589,0,229,0,8576,1
80520,27,1,2,0,-1,-1,-1,1,1,37612,4494,67210,17956,40424,11385,8793,1216,25906,4350,9517,6921,0
48170,65,1,2,0,-1,0,3,4,-1,19629,9854,14805,31095,11390,25946,8176,1108,2389,4547,4273,12077,0
64784,36,1,2,-1,-1,-1,-1,0,-1,23155,37365,29910,9306,24270,23243,570,11787,2131,5481,17400,5431,0
66088,60,3,1,-1,0,0,-1,-1,-1,48894,44328,12276,39157,27870,20684,0,6196,5998,6765,9924,10317,1
41399,70,1,2,0,-1,-1,0,-1,0,20099,9285,22360,16078,24254,5766,12422,6343,0,5837,2244,0,0
136514,47,1,2,0,3,0,-1,-1,-1,70061,39761,111911,89256,9027,20817,25128,7514,32182,17939,0,0,0
15064,25,2,2,-1,-1,-1,-1,-1,0,1968,8077,4814,8631,1819,289,244,0,1474,269,275,187,0
78511,40,1,2,0,0,-1,-1,-1,0,32568,33935,21315,18902,23266,20923,5457,2953,3549,5314,5102,4491,0
35028,42,3,2,0,-1,3,2,0,0,20623,13814,9987,31088,6608,19662,0,1225,5225,0,0,3973,0
153065,71,1,1,-1,0,0,0,-1,0,116706,69643,56578,4542,39600,86101,3462,0,9155,0,8245,32638,0
23502,71,2,1,-1,0,0,-1,-1,-1,7316,4532,8072,13033,6997,8112,0,1735,0,6827,1204,613,1
25646,51,2,2,-1,0,0,-1,0,3,10454,12381,16058,18397,8370,12354,4580,7008,0,1525,2171,2089,0
16065,72,2,2,-1,-1,-1,0,-1,0,6831,2834,5976,3836,3622,3404,1577,113,523,827,2576,1002,0
31151,44,2,1,0,0,0,0,0,-1,0,5805,13455,16566,15002,5431,0,2697,5949,2133,4328,2466,0
60134,43,2,1,3,-1,-1,0,0,-1,18133,25953,37164,33016,23822,32481,2870,7868,0,6284,1504,0,0
11634,66,2,2,-1,0,0,0,0,6,4245,7518,1919,690,2266,2941,954,3703,603,90,446,0,0
34395,57,2,2,0,4,-1,0,0,0,19412,4575,16866,1584,11860,7146,2978,155,2503,717,1500,1084,0
79908,49,2,2,-1,1,-1,0,5,-1,37405,57515,21053,50911,4119,36995,15231,21261,7231,7202,1038,0,1
45147,45,2,2,0,0,0,6,-1,-1,28617,20677,19223,10472,27600,13398,5180,4689,7495,4728,16630,3303,0
52060,59,2,2,0,0,-1,-1,-1,0,19109,27512,31945,18386,14045,33726,1055,15757,13113,7822,2507,7526,0
20570,61,1,2,0,1,4,3,-1,0,13393,2041,4689,6599,7752,8617,3478,425,636,0,1103,4077,0
63350,47,1,1,1,-1,0,5,1,0,25217,21848,2318,18310,20484,2761,2793,4553,121,2414,4780,0,1
50158,22,2,2,0,-1,3,-1,-1,-1,6203,42846,11400,18627,22470,21058,1093,25900,3572,5648,13241,934,0
60203,26,1,2,0,-1,0,-1,-1,-1,19899,33744,15121,9228,37578,10239,8872,9758,6286,4996,7185,5495,0
55394,28,2,2,0,0,2,3,0,-1,32558,25001,48231,9496,4574,11139,7667,9682,20252,2626,105,1011,0
53592,45,1,1,0,0,0,-1,-1,-1,8838,32020,6966,20050,22449,26955,0,11819,497,7826,2732,6832,0
34035,54,2,2,0,-1,0,0,-1,-1,14688,12049,25785,6617,14797,20631,0,2684,8795,697,7086,0,0
21336,64,2,2,-1,0,0,-1,-1,0,0,9952,9094,13473,9740,12135,0,1397,4801,215,2279,2773,0
106891,33,2,1,-1,-1,-1,-1,-1,0,74632,23165,2365,23503,72629,52948,8083,10713,1757,2052,0,0,0
18373,63,2,3,-1,0,0,-1,0,0,7508,3655,11178,10562,11339,9083,871,1137,2421,0,1699,1911,0
77872,56,1,2,-1,-1,0,-1,0,0,22099,56400,7925,36912,31589,48084,1991,0,0,4551,430,4745,0
292737,23,1,2,0,0,-1,-1,-1,0,82799,77101,159764,193702,95043,80701,0,14245,133424,83960,0,24058,0
118319,39,2,2,-1,0,0,0,-1,-1,36033,105629,20264,18598,78374,27225,16088,29104,410,0,22024,3389,0
73680,37,2,1,-1,-1,0,0,0,-1,44560,14093,63737,15648,23512,39869,14372,0,13761,11006,1564,6356,0
59861,68,2,2,0,-1,0,-1,-1,0,6326,39648,3364,24275,21696,10811,469,11777,321,7315,0,75,0
44257,70,2,1,-1,-1,-1,-1,0,0,3964,15130,18091,33964,1833,20774,1510,1316,4940,1976,584,695,0
23835,65,2,2,-1,-1,0,0,-1,4,4110,9609,11354,6536,1018,14659,613,2905,3718,1493,169,5079,0
40012,49,2,2,0,0,-1,0,-1,-1,19713,27733,31672,16913,22114,5851,11873,24408,15456,4166,1854,4370,0
77644,47,2,2,0,0,0,-1,0,-1,34207,44584,11891,30512,39078,4856,10618,5064,8384,5833,29770,1620,0
66954,37,2,2,-1,0,6,0,-1,-1,22597,10368,12371,22232,28191,54069,5085,1210,0,0,3741,0,0
128984,62,1,2,0,0,0,0,0,-1,64776,58324,57390,74121,34112,53625,26730,32940,19564,13142,0,27654,0
182081,25,1,1,0,-1,0,-1,-1,-1,68421,72447,39133,77744,9506,29446,19557,5970,18537,0,0,6454,0
43184,35,2,1,5,0,-1,0,0,-1,7086,22989,14627,11958,23038,17505,3901,15280,5275,5403,7043,4350,1
57152,28,2,1,0,-1,-1,-1,-1,-1,24554,21459,31481,42853,16274,39265,11,4981,4662,5191,2497,3351,0
10729,47,2,2,-1,0,0,0,0,-1,2455,8604,7130,2576,10359,2114,1204,4762,4075,234,0,454,0
417245,37,1,2,0,1,-1,0,0,0,101627,141167,79885,176089,60959,134261,15091,54280,5307,8423,13566,9075,0
49285,31,1,2,0,0,-1,-1,0,5,30575,11825,5028,11153,13979,16579,12055,3204,557,3804,2336,3635,0
82566,41,2,1,-1,-1,0,0,-1,-1,39975,37284,16946,44567,42127,20923,2177,15155,827,3554,14711,15337,0
49259,67,1,2,-1,0,0,-1,0,-1,28820,22854,18186,12607,20570,20279,14740,4485,6056,3173,3158,2997,0
24176,51,3,2,-1,-1,-1,2,-1,-1,4621,15871,4410,12275,7574,7658,829,6206,0,1381,1038,1032,0
56776,65,1,3,0,-1,0,-1,-1,0,18043,20497,37426,21030,19284,18135,2964,5881,0,5804,5881,6952,0
18104,70,2,2,2,1,-1,0,-1,-1,14329,8845,12950,10180,16120,2322,130,3798,5597,694,7788,330,1
10000,69,2,2,0,-1,3,-1,0,-1,4759,7433,7872,1001,3385,7979,0,3338,1504,567,846,0,1
173550,39,1,2,1,-1,-1,0,6,0,45195,43536,127767,20729,93545,104074,21411,0,87419,0,7921,0,0
106195,68,1,1,0,0,0,-1,0,0,58508,15772,49277,59866,76648,44181,5663,259,3728,2083,3486,0,0
32984,70,1,1,0,-1,6,2,0,0,2920,7908,6269,12582,27841,8617,1273,2210,2128,6858,6007,5005,0
98518,72,1,2,1,-1,0,-1,-1,-1,60375,37837,48833,68697,8886,75795,5308,6760,28127,27377,1342,15079,1
132669,39,1,2,-1,-1,0,0,6,-1,70924,48742,64959,25462,32232,63123,10198,0,0,0,5283,5938,1
28157,33,2,1,-1,1,5,1,-1,-1,8266,14139,4572,3335,3379,12823,3245,1934,1144,471,853,1950,0
95411,52,1,1,-1,-1,0,4,-1,-1,42050,57575,15661,70597,69339,53472,991,0,1132,18871,27919,3866,0
109693,71,2,2,-1,-1,-1,0,0,-1,25377,74931,21302,43676,52171,87585,5031,18544,11586,20190,15639,15623,0
21715,69,1,1,-1,-1,0,-1,-1,0,10156,8340,4818,9966,7118,9548,5258,255,1636,591,2178,3558,0
52578,51,3,1,5,-1,0,0,-1,-1,14122,30868,36720,43424,1099,4011,0,3631,28535,21152,469,928,1
65611,29,2,2,-1,5,0,-1,-1,0,31487,22903,13708,6011,20578,30875,5282,6551,1774,0,0,10877,0
154459,43,4,2,-1,0,0,-1,1,-1,42313,72224,31150,53546,61898,38118,25683,33624,6027,0,7855,22316,0
53581,59,3,1,3,1,-1,0,0,0,1948,5351,14306,25215,18042,12384,0,1205,136,12102,8130,3874,1
49403,51,1,1,0,4,0,0,0,6,15684,8510,20173,16377,18074,27767,3782,1427,7642,3431,5340,14320,0
38709,39,2,1,-1,0,0,0,3,0,0,26621,3379,27575,11877,18832,0,7313,519,0,1268,807,0
346343,39,1,1,0,-1,0,-1,0,-1,149324,181522,57680,59418,157139,172678,0,68347,14287,28963,58604,18401,0
25833,24,3,2,-1,0,2,0,-1,-1,25833,5179,17115,13052,6287,14129,19667,1439,576,2673,3083,2978,0
78348,36,2,1,-1,-1,-1,-1,0,3,19011,12150,29639,50153,64385,37321,8897,2646,12043,8951,0,2858,0
40509,57,2,1,-1,0,-1,0,-1,0,1199,15725,16705,4788,467,21501,438,4900,1152,4193,194,9433,0
81498,34,3,2,-1,-1,5,0,0,0,30286,32409,16461,26617,42168,25714,3320,1570,1944,4934,6618,3257,1
84783,74,3,2,-1,6,5,-1,-1,5,18972,30508,36849,31109,28996,12173,9941,3894,18065,0,1179,4384,0
33697,25,3,1,5,1,0,2,4,0,22037,19361,4975,18668,11042,12112,4829,6356,1240,2067,4168,8498,1
49566,52,1,1,0,-1,0,0,0,-1,31697,5299,23671,29824,11984,12887,0,937,5344,6427,3324,0,0
48629,47,1,2,-1,-1,-1,0,0,0,23540,13332,7458,18915,21597,28507,0,0,2180,1909,6976,0,0
17234,65,1,2,-1,0,0,0,0,-1,2709,5910,7006,4309,2768,13768,0,1239,0,520,1736,2436,0
53127,68,2,2,-1,0,0,0,1,0,19434,21000,29986,41546,28152,19458,8228,9218,8179,21634,0,3534,0
52277,50,2,1,0,0,3,-1,5,0,3104,31419,27091,7580,17692,16454,47,11642,2662,2625,5193,5826,0
35723,55,1,2,0,-1,-1,-1,0,-1,23154,21922,11282,31935,24574,13354,7899,6143,0,0,2187,5256,0
11295,58,2,1,-1,1,-1,-1,-1,0,2972,6902,6936,5920,5608,5821,1087,0,906,474,0,846,0
80943,49,1,1,0,5,4,0,0,0,70192,26631,33766,27920,64876,41977,12160,8113,3228,3372,21722,9877,0
63965,30,2,2,-1,0,-1,-1,0,0,54910,33429,28953,44890,9658,24081,6336,12184,3384,22737,2394,9576,0
47053,44,3,2,0,5,4,1,3,0,11667,18947,12187,4207,19934,12092,0,3760,3979,827,0,0,0
22204,34,2,1,3,0,4,-1,0,0,8456,16985,3499,10990,19073,8867,2854,2321,560,462,811,4077,1
67333,46,2,1,0,0,0,0,-1,0,7773,32042,34715,50067,49374,5523,2,16609,2493,5153,0,1385,0
59492,54,1,2,0,-1,0,-1,-1,-1,48397,9684,24273,24561,16301,20480,5751,0,5752,4139,3271,4906,0
137044,32,1,1,0,0,0,-1,-1,-1,76191,54961,73817,27847,77438,20340,23564,0,24243,16693,0,3779,0
22474,34,2,1,0,0,0,0,-1,-1,5945,1840,9168,6999,8908,2885,3389,107,765,1432,1007,1401,0
123027,65,2,1,-1,0,-1,-1,0,0,56694,82899,35566,40002,84275,73207,13839,12471,10384,7288,98,16163,0
229684,41,1,1,-1,1,1,0,-1,-1,57173,86568,80453,92903,109623,55502,12645,54804,0,12706,45222,14353,0
37653,31,4,2,0,-1,-1,0,-1,0,2413,15171,12991,20780,17083,6148,670,1844,2285,6059,10142,3113,0
67706,59,2,1,0,0,-1,0,-1,0,22571,33756,16049,17971,28644,43836,6108,3896,0,1673,7185,0,0
64243,59,3,2,0,-1,4,6,-1,-1,18368,24282,23366,21192,39425,24069,4769,1930,4545,2105,5905,1737,0
21578,65,2,2,0,0,0,-1,0,0,4474,3455,18531,6767,9810,16865,3080,682,4495,0,1302,1091,0
23255,62,3,1,-1,0,2,3,2,-1,4476,11979,6169,8622,7956,13305,1415,2864,2439,0,1684,1368,0
79526,74,1,2,0,-1,0,-1,0,-1,33567,28559,9155,8497,52063,53865,10343,4740,1919,3503,0,0,0
347315,52,1,1,0,0,0,-1,0,0,134203,130608,97443,75463,51629,51682,39686,0,17044,28453,15841,0,0
13179,36,3,2,5,0,-1,0,-1,-1,4368,4157,7069,7223,3662,162,2876,20,1821,2735,302,12,1
127198,67,3,2,-1,0,0,-1,-1,-1,58046,6001,32052,54592,27430,46425,3638,1276,2620,6279,6886,3559,0
41999,35,2,2,-1,-1,-1,5,-1,0,16608,11481,14482,24920,34433,14878,5277,1214,6395,5478,13382,0,0
66764,36,1,1,-1,0,0,-1,2,5,22162,3145,18664,36884,23808,4951,0,1060,0,12901,11319,0,0
181844,65,1,2,0,0,-1,0,-1,0,61482,60925,162423,29076,74927,87502,736,16698,33208,2137,41817,11333,0
247003,68,2,2,0,0,-1,-1,0,-1,105348,106653,51357,137267,114951,80896,16472,26766,12980,34761,11650,13952,0
48127,39,3,1,0,0,6,-1,-1,-1,23994,29825,34240,30536,14960,40230,3250,2291,0,4493,3117,17579,0
174254,60,1,1,0,-1,-1,0,0,0,84596,12635,114926,67682,63147,77480,12816,1983,26108,16627,0,10882,0
32867,70,1,1,0,-1,0,0,-1,3,19099,24586,6943,12519,4020,15642,0,1409,6047,4069,2366,3528,1
32094,64,2,1,0,-1,1,-1,0,-1,22718,7744,3127,26036,8553,4572,1209,2584,1138,5464,594,478,0
16614,21,2,1,-1,0,0,-1,-1,-1,8257,11750,7419,8531,12720,5782,0,2126,1490,5063,532,973,0
32452,56,2,2,-1,-1,0,0,-1,-1,15536,3501,13782,16707,8401,13285,3913,553,2689,5986,2292,1466,0
77048,30,2,3,0,0,-1,0,0,-1,41028,42781,13796,48959,57281,35923,2604,10338,3296,16360,6989,19274,0
40661,66,4,1,-1,-1,-1,3,-1,5,10003,15107,24455,20746,22257,16484,4895,5449,589,14806,3634,4581,0
273253,24,1,2,-1,-1,0,-1,-1,0,218415,80998,132244,9539,31016,67771,37918,37685,70252,4851,2864,23976,0
253664,74,2,2,0,0,0,0,1,6,39029,104658,14884,67990,91058,58199,20580,12341,820,0,0,15498,0
43949,30,2,2,0,-1,0,0,0,-1,16084,11979,23737,21751,4935,15981,6088,9032,2721,4550,1556,4146,0
28459,43,2,2,-1,-1,-1,-1,-1,0,8237,18904,23536,12487,8369,8146,361,2048,0,846,1373,2225,0
86799,33,3,2,1,-1,4,1,5,1,10689,53681,29696,18531,36566,30853,4386,17274,1725,4601,8523,0,1
134777,64,2,2,0,3,6,6,0,-1,30442,41328,88047,21224,79985,26290,0,18800,8117,640,7618,6052,0
69772,42,2,1,0,-1,0,0,-1,-1,11970,33869,32662,13941,6183,27584,5371,5145,14198,7091,2670,2646,0
120682,61,1,1,0,0,-1,0,0,-1,6968,75370,70719,19922,22528,29474,3230,9928,27276,832,8386,8909,0
76063,24,2,2,-1,0,0,2,-1,-1,21876,28798,54516,32663,31661,35796,8428,13153,28229,22856,1701,1728,0
31115,45,1,1,0,2,0,0,0,-1,5854,15196,17807,10736,1859,5858,1584,5707,6862,4305,0,0,0
25890,70,1,1,0,0,-1,-1,-1,0,7586,3178,16755,17249,14999,243,3979,0,0,8517,3354,45,0
47064,71,2,1,-1,4,2,3,-1,0,12170,21551,13714,16563,14313,3964,1733,6428,1556,0,5288,2610,0
41742,32,2,2,0,0,0,-1,-1,0,12096,20242,21555,29398,7388,21492,2297,9606,0,12860,0,7557,0
42825,42,4,1,0,6,0,5,5,0,5560,11837,8271,26464,16352,12256,2884,2048,5372,0,4454,5583,0
44135,43,2,2,0,0,0,-1,0,0,25486,16875,22605,30102,21287,15606,10172,5177,0,3961,1789,3519,0
10000,51,3,1,0,-1,2,0,0,2,4501,5004,5000,1695,9039,3890,485,1829,1130,729,2691,505,1
12666,50,1,2,-1,-1,0,0,0,1,7696,8438,2683,4904,5998,2539,126,2966,491,1352,0,338,0
88428,26,2,2,-1,0,0,0,-1,0,50876,59465,23484,37875,34323,63434,16906,21570,0,0,11199,34331,0
20193,62,3,2,-1,0,1,0,-1,0,5357,8047,17026,9107,4600,822,2739,1080,2835,5080,602,225,0
40712,33,2,1,-1,-1,-1,-1,0,-1,8453,12586,13856,9132,29789,12039,1300,5642,0,545,0,3785,0
31370,38,2,1,-1,0,0,-1,0,0,24933,6580,18032,4239,23266,20221,3285,150,1011,82,4372,8151,0
23613,66,2,2,0,-1,3,1,-1,-1,17533,19194,5697,16572,6425,9401,0,6237,2203,1304,3549,536,0
32357,58,1,2,-1,-1,0,3,-1,0,5930,13873,4675,8383,24746,10951,79,9408,0,1811,9335,2606,0
110842,42,2,1,0,0,0,0,0,-1,31134,52787,7450,83304,66644,60710,2384,21135,3224,27932,2055,15082,0
56678,70,1,2,-1,-1,-1,0,-1,-1,26966,9082,29653,6989,19372,26105,7631,2055,8625,150,3330,4992,0
114037,42,1,2,-1,0,0,-1,-1,0,19607,58000,64074,21511,46049,85383,1629,0,9379,1920,17055,16519,0
126974,51,1,1,-1,-1,-1,0,-1,-1,70144,70141,93411,23239,41742,61689,20817,23854,0,1911,23304,871,0
88408,34,1,2,2,-1,-1,-1,0,0,18613,41322,44811,27034,22272,14381,0,12988,9386,1684,3021,2345,1
93119,30,2,2,-1,-1,-1,0,0,-1,60411,71220,51256,64100,17359,22078,8956,1788,5738,41217,944,2808,0
34709,47,3,2,0,6,6,5,2,1,1797,13559,4973,24500,2673,1214,600,3829,744,0,415,610,0
145954,51,2,1,-1,1,-1,-1,0,-1,78467,612,96473,107188,124568,69583,17742,198,15101,0,4355,10461,0
66307,64,3,1,4,0,4,1,4,-1,49088,6249,46278,32204,15777,37785,5489,864,0,17892,7550,5683,1
105361,42,2,1,-1,-1,0,1,4,2,71836,55842,78114,12702,30350,73202,0,38406,0,3713,5525,20430,0
32391,69,1,1,-1,-1,-1,-1,-1,0,16704,4541,26209,15137,12824,12204,0,444,4729,0,0,0,0
84716,53,1,1,0,0,0,-1,5,1,13132,28022,39923,46530,9800,16843,0,18266,20592,27642,1466,8182,0
10000,24,3,2,5,4,0,0,4,6,6652,1394,9687,9342,3105,1671,0,518,1990,2876,0,415,1
150364,60,2,2,-1,0,0,-1,0,4,29385,114191,33435,92733,14660,33432,7130,19043,16001,6848,0,6484,0
20840,52,3,1,-1,0,0,5,4,4,9462,8235,13262,3861,6524,9091,1792,4951,504,2497,2851,1779,0
46569,42,1,2,0,-1,-1,-1,6,0,23868,34815,14359,25904,18411,22900,12558,7113,3118,21291,5774,4858,0
16417,46,2,1,-1,-1,-1,-1,2,-1,8702,824,9492,10109,8099,4840,2950,0,4313,3601,5306,784,0
47618,37,2,1,-1,0,3,0,-1,3,15336,13862,3646,11307,23659,16719,3123,4769,0,2322,11737,2248,0
27687,54,3,2,0,-1,0,5,-1,0,18451,9621,7513,13473,6556,20296,0,0,393,4966,3822,0,0
294970,51,1,2,0,-1,0,0,-1,0,109205,88320,127632,46144,148400,101463,0,13941,20232,13400,16880,1726,0
68235,45,3,1,0,0,2,1,6,1,30434,27188,35961,4845,50019,8138,12315,14110,5158,0,19060,2776,0
32476,36,2,2,-1,6,0,-1,0,0,8361,11535,22403,14468,18418,15319,3266,1169,5617,1541,4890,3297,0
10000,42,3,2,0,-1,0,0,-1,6,10000,4803,3569,2156,3497,1322,3819,418,316,497,849,49,0
10000,47,2,2,0,0,-1,0,-1,0,3185,7619,3549,0,3558,3783,1574,3327,0,0,977,2320,0
21568,46,2,3,-1,-1,0,3,0,4,10396,4187,18712,11461,9542,11285,0,934,2064,4038,0,1734,0
16899,37,2,1,0,0,-1,-1,-1,-1,1176,7008,5173,13724,5353,6008,285,2880,440,6140,2636,2598,0
45352,52,3,1,0,2,4,1,-1,0,28499,21096,12301,23610,9694,12234,17327,4677,2769,3067,696,0,0
61115,33,1,2,-1,0,0,6,-1,0,8670,23544,15382,31782,1855,8137,1565,616,0,14855,372,0,0
49705,48,2,2,-1,-1,0,-1,0,-1,35111,33620,7519,14971,28231,37563,9410,7395,3048,5035,2291,2548,0
22945,27,2,1,-1,-1,-1,0,-1,-1,0,15403,10383,10996,17576,15365,0,5532,2742,0,0,7442,0
55360,46,2,1,0,-1,-1,0,4,-1,10060,12103,20781,14070,29916,33477,1535,0,3659,529,20876,8569,0
15735,63,2,1,0,0,0,0,-1,-1,1326,4015,13669,3034,3247,11718,141,1513,4642,865,919,0,0
45677,65,2,1,-1,4,-1,0,-1,0,6654,14741,3648,18148,34436,36582,1591,8490,1215,1833,0,19332,0
95244,58,2,1,-1,1,-1,-1,-1,0,46189,49551,75402,83504,76729,31052,9391,18357,6348,29130,0,6205,0
36594,61,2,2,-1,4,4,-1,-1,3,5818,7329,17076,12962,17479,14798,1127,2086,3084,2062,8463,2547,0
69906,24,2,1,-1,0,0,-1,5,5,23160,51087,33082,1868,36403,56385,7456,21024,0,458,12619,16123,0
10082,39,2,2,0,4,4,0,4,-1,4385,5511,3648,6479,6716,5087,1508,388,919,3681,166,0,0
10000,56,3,1,2,0,3,1,4,6,4019,3048,4950,1448,6803,6889,1329,133,1209,0,5131,383,1
63691,64,2,1,-1,-1,0,-1,-1,-1,31724,26172,17416,14587,12867,21385,10743,8143,10236,4574,1427,0,0
158591,52,1,2,-1,1,4,-1,0,-1,23865,81294,28234,47409,67084,112966,13371,24017,7861,6249,1292,24849,0
40514,67,2,1,-1,-1,-1,-1,-1,5,3720,19430,14908,5573,25108,9763,1176,2011,10590,2619,5779,2189,1
381794,35,1,1,0,0,-1,0,0,-1,82367,57884,311128,121241,66128,130719,30007,20976,0,30916,29063,39796,0
21628,29,1,2,0,0,-1,0,-1,0,10501,11810,11016,6142,9978,14826,5026,0,1902,274,1317,0,0
28453,25,2,1,0,0,-1,-1,0,4,6991,15369,14042,8081,2905,12638,2866,5353,1030,1623,211,595,0
54834,52,2,1,-1,0,-1,-1,-1,2,27553,42633,28098,5710,36969,19001,12682,6267,1938,1300,567,5078,0
71075,56,2,2,0,-1,0,0,-1,-1,19961,49110,39744,34042,17132,27861,15756,10843,11607,0,7017,9345,0
21508,36,4,1,6,0,2,2,5,-1,10772,21508,7221,14604,15981,12947,7012,14136,1747,0,1398,0,1
29409,63,1,2,6,0,-1,0,5,-1,5221,3124,28868,11375,15945,14279,783,331,609,6024,3623,5499,1
112722,60,1,1,0,-1,3,6,6,0,69017,13298,39670,76157,21649,48168,18485,2252,13204,12599,2296,1850,0
76348,40,1,1,-1,-1,0,-1,-1,0,22070,48285,9454,27069,14093,31828,7160,10458,1473,12112,2994,6561,0
52092,33,1,2,-1,-1,-1,-1,0,-1,16292,32463,35813,50102,4778,10877,4205,4621,17956,14535,1222,501,0
73061,61,2,2,4,0,0,3,-1,0,31716,8874,18176,26822,22053,34352,8779,0,0,2266,7045,9013,1
43955,57,2,1,5,0,0,-1,0,0,13776,24604,25695,14779,11760,13893,10489,5174,6827,3494,4810,3961,0
43835,30,2,2,2,-1,-1,6,-1,-1,32117,32361,28695,35115,22208,12240,6393,6911,2773,11197,1869,7331,1
59588,34,1,2,0,-1,4,5,3,5,22713,35700,24732,21030,2179,22035,9853,4111,0,1119,0,12349,0
25416,47,2,2,3,0,-1,-1,-1,-1,5079,14878,16559,8763,6069,18259,478,154,2774,0,860,0,1
32803,48,1,2,-1,-1,-1,0,-1,-1,10243,23994,12874,2786,11171,8579,3167,10904,1300,1383,3073,0,0
32190,29,2,2,0,0,-1,-1,0,-1,7376,10275,23939,5018,14344,5216,1699,3796,12243,0,4563,2120,0
50294,72,2,2,0,3,0,-1,-1,-1,29754,23282,27465,20382,9430,22828,5915,0,3104,4458,7030,2347,0
15358,41,1,1,0,0,0,0,-1,-1,10225,5508,335,10804,4426,14001,807,1288,0,844,1295,0,0
104380,41,2,2,-1,-1,4,0,-1,0,16933,24605,22244,35489,67882,31788,7033,15068,10650,19076,23726,10421,0
49749,24,2,2,0,0,0,-1,0,0,36615,34227,19180,14599,6887,40560,2156,3765,7802,897,1841,27233,0
29272,68,1,2,0,0,-1,-1,-1,3,8569,9663,9677,14289,110,18511,1221,4007,182,8287,54,1612,0
178666,33,2,2,0,-1,4,3,0,0,122003,73369,69360,26158,71899,26935,85684,25175,7674,6577,9749,6370,0
50687,74,2,1,0,0,0,0,0,-1,15744,27819,22308,17363,35014,23784,3083,5963,1078,5751,1121,926,0
23584,47,1,1,-1,-1,0,2,5,6,13378,7858,4368,7610,7580,4236,7846,2074,33,838,4126,2099,1
241312,68,1,2,0,0,0,0,-1,0,165541,204743,74383,72421,53509,84302,17309,35112,2507,37003,15788,30163,0
144913,30,2,2,-1,0,-1,-1,0,-1,57478,40406,36069,99067,29583,60006,25214,14372,0,53597,413,5229,0
16585,29,3,2,0,0,0,-1,5,-1,2980,6176,7501,4226,3383,4742,661,1885,3827,1201,1412,1347,0
37858,64,2,1,0,0,0,0,0,0,7326,13742,14526,21238,27236,27715,1075,3993,4285,7601,5574,15130,0
33993,65,2,2,2,0,0,-1,0,0,12460,16134,17724,2494,17834,3027,8213,6637,4677,701,1092,1135,1
10812,50,2,2,-1,0,0,-1,-1,0,6953,5710,6482,5607,483,6065,458,1056,2354,1230,122,0,1
63560,22,2,3,-1,0,-1,-1,4,5,44746,28325,35332,21317,30536,23444,5870,12409,14717,2733,0,12178,0
134940,71,1,1,-1,0,0,0,-1,-1,36076,55865,41971,40003,66294,68938,17210,0,15627,15451,15965,37383,0
82910,42,2,2,-1,0,0,0,0,0,14225,56733,37603,7099,34946,30085,0,28009,11790,541,4712,6043,0
35225,71,3,1,0,0,0,-1,-1,0,8285,7215,4758,15218,14076,22682,4488,1884,0,1061,6643,11611,0
104164,68,2,2,-1,-1,-1,0,-1,0,14779,64520,38500,69143,51872,46721,9257,15348,15126,14166,13122,10984,0
13836,66,3,1,6,2,4,3,6,-1,801,6323,6143,7554,5548,4204,451,2732,388,792,592,97,1
293930,58,1,2,0,-1,-1,0,2,-1,99114,154656,117500,33901,125458,105756,16163,31072,37259,1631,40282,25009,0
26432,57,2,1,2,-1,-1,0,0,0,1665,14041,16117,13228,8240,14085,772,848,3740,3436,0,0,1
28888,49,2,1,0,0,0,0,0,5,11532,23066,14960,15999,4986,8687,3307,1884,1731,4061,2252,2752,0
43316,22,1,1,-1,0,-1,-1,-1,-1,1778,8453,22072,8103,27418,36993,1184,2018,5950,3845,0,1103,0
40861,41,1,2,0,-1,0,-1,0,-1,11772,1188,4552,8501,7036,8889,0,307,1263,2901,0,254,0
42016,60,2,2,0,-1,-1,0,-1,0,4797,12696,24210,15634,15308,15527,1142,4162,7937,3757,1434,1771,0
40735,64,2,2,-1,-1,-1,0,-1,0,5659,7924,11985,24335,13685,20397,2169,2686,697,0,0,0,0
54377,51,2,2,-1,0,0,0,0,-1,25249,22541,23637,15611,35552,6342,4308,1402,0,8208,9119,675,0
35650,59,1,1,-1,2,0,-1,0,-1,20785,26441,32382,26187,798,26502,1827,8838,2685,3876,317,8326,0
56009,22,2,1,-1,0,0,0,0,0,23736,10995,30598,11020,6585,28749,5927,0,3698,7355,1991,0,0
28685,46,1,1,-1,-1,4,-1,0,2,13688,15924,15479,21314,14811,9136,896,4785,5201,0,5058,2613,0
123309,48,1,2,0,0,0,0,-1,-1,59791,59050,93268,35074,28119,49683,15574,4649,52711,0,9171,21770,0
87208,69,2,2,0,-1,0,-1,0,-1,5422,44329,30416,23157,18713,31526,1783,18850,0,8184,0,4646,0
68312,37,1,1,-1,-1,0,-1,0,0,45696,59193,42240,12176,54582,4164,5225,10396,10969,0,4675,0,0
20405,33,3,2,0,-1,-1,1,-1,6,7222,14132,213,0,6960,8486,605,5279,87,0,1069,0,0
62875,40,2,2,-1,1,-1,0,-1,0,28502,31663,28782,17957,7074,50005,0,14023,13657,4504,971,2967,0
33737,30,1,2,5,0,0,-1,0,-1,17003,11209,4266,22684,18053,22860,1948,1786,553,0,5345,8994,1
70551,51,1,1,-1,0,0,-1,0,0,37097,8739,7821,24164,17176,38709,971,1397,2204,12012,8941,18459,0
43414,55,2,2,-1,0,-1,0,0,0,25152,39463,21268,10042,23596,15115,8220,3088,3700,0,6386,4416,0
562642,64,1,2,-1,0,-1,-1,0,0,386163,172934,313647,431652,161883,4258,0,0,25456,196391,54786,733,0
25715,73,1,2,-1,-1,-1,-1,0,-1,13126,5669,16032,8743,7545,14930,0,0,0,743,0,3141,0
10000,24,2,2,-1,0,0,0,0,0,0,2275,1813,181,3125,1072,0,44,1470,98,1935,0,0
41208,34,1,1,0,0,-1,0,0,0,33459,3218,31232,4446,4058,13522,16249,0,12495,426,709,0,0
12426,37,2,2,0,5,0,0,-1,-1,3517,12426,4823,521,1641,3014,1916,3349,526,206,193,0,0
27409,34,2,2,0,0,-1,-1,0,0,16056,8530,6460,8052,11336,6544,8248,3433,1317,1003,2177,4905,0
24303,65,1,2,-1,0,-1,4,4,-1,9329,6099,8085,6311,7974,2277,3701,0,2055,3216,0,655,0
23775,28,2,2,0,0,0,-1,0,-1,9570,6459,1403,16526,771,7111,3964,682,0,7602,108,2038,0
20911,22,2,2,-1,6,-1,-1,-1,0,5049,9298,11140,15125,11165,428,693,0,3976,1631,2783,186,0
105911,67,2,1,-1,1,4,3,6,-1,15727,31497,19744,35601,55480,16553,5059,9594,13662,7241,2225,3237,0
66015,72,1,1,-1,-1,-1,0,0,0,14386,7867,55408,45869,3613,9473,4305,3456,14547,5181,1482,2587,0
115886,33,2,2,-1,-1,0,-1,5,6,76201,26754,80896,100703,57554,27583,5701,3064,27651,41155,29858,5973,1
70888,38,1,2,-1,0,0,-1,-1,-1,33074,19868,21622,2119,24378,9101,0,2873,0,1034,0,3257,0
103039,48,2,2,2,-1,0,0,0,0,36720,71902,31959,83546,21589,62410,0,13817,1632,10090,0,0,1
53893,49,1,1,0,-1,0,0,0,-1,35404,26762,14855,41731,40310,12250,8243,2633,5054,0,5506,1519,0
122880,74,4,2,-1,0,0,0,0,0,52679,66340,53743,48595,67484,30270,0,0,9503,0,7251,10723,0
100032,42,1,2,6,0,-1,6,0,0,48576,63307,59439,50165,56194,27786,0,0,16500,20928,12417,4530,1
18388,21,3,2,5,5,1,-1,4,-1,811,9758,9796,4192,1411,2261,47,1499,1869,0,1064,324,1
56310,43,3,1,-1,5,0,0,2,0,49374,15257,12150,17916,9452,22094,6683,3354,1316,0,5059,10241,0
50095,51,2,1,-1,-1,-1,-1,0,-1,21957,19614,28219,11201,19687,17702,11228,643,6553,2783,6256,2253,0
58364,48,1,2,-1,0,-1,0,-1,-1,27592,23135,36112,8368,36037,24421,14807,0,840,126,10690,5052,0
52934,48,2,2,-1,-1,-1,0,0,-1,26226,37165,31851,41850,25514,10459,5277,16736,3073,7631,7444,3830,0
62587,70,4,1,5,4,1,-1,-1,-1,49900,11795,16657,39409,25531,14566,16072,5217,0,21232,10737,514,1
10000,64,2,2,6,-1,0,0,0,0,6710,5534,3026,9900,530,7964,693,4193,173,0,228,809,1
37021,34,2,1,0,0,1,0,0,-1,8234,17889,5138,25082,8824,11080,1639,3737,1342,9761,4206,1780,0
118492,40,1,1,0,-1,0,-1,-1,0,56495,53569,49982,63545,4128,17326,0,23514,6222,28927,702,2941,0
41852,57,3,1,6,4,0,0,0,-1,8307,9345,3291,15481,22960,14239,2265,2787,767,5318,3800,4214,1
27871,43,1,1,-1,-1,-1,0,0,-1,17298,3985,14724,19820,6579,724,5669,0,9057,7672,736,254,0
10324,44,1,2,-1,0,0,0,-1,-1,3343,373,5795,7426,4504,8400,804,71,1002,195,906,184,0
267590,30,1,1,0,-1,0,0,0,0,75674,13218,147529,48069,65630,79480,43967,4339,17680,16233,1166,14590,0
42206,34,2,2,0,-1,0,0,0,0,20444,27221,11592,20912,10300,11359,0,7810,1535,4748,0,3923,0
115216,61,3,2,-1,5,0,-1,0,-1,66163,62380,47234,35198,48015,67086,5318,21028,5892,712,0,30257,0
92593,66,2,1,0,-1,-1,0,0,0,16676,25022,24505,22857,41426,38891,1001,5032,12785,10278,16343,22851,0
36372,63,1,1,0,-1,-1,0,-1,0,19752,6463,2533,9115,8423,7292,835,313,1271,695,2162,720,0
10000,37,2,1,-1,-1,3,0,-1,0,4332,5100,3246,3658,3760,8281,884,2153,517,0,487,1328,1
33869,28,2,2,0,2,2,0,-1,0,7626,15703,19684,3307,12202,13025,3362,0,12494,382,2080,5197,0
47581,29,2,2,-1,0,0,-1,1,2,24287,3784,16506,15458,18755,22741,7620,1584,5642,6445,8573,1627,0
98420,42,1,2,-1,-1,0,-1,-1,-1,18018,39139,66762,62336,48402,57924,0,4783,13714,9202,25666,12321,0
20156,48,2,2,-1,0,0,6,0,5,4041,7076,6629,12778,13949,4610,1613,968,345,1566,5592,1149,0
56523,69,2,2,0,-1,0,0,0,-1,25855,12702,44039,22783,23606,22699,7719,2644,3955,2249,8219,13971,0
39554,69,3,2,1,4,3,5,4,1,23307,3368,29,13334,4908,13512,2450,289,6,4992,2020,0,1
107878,21,2,2,0,5,2,-1,-1,-1,62493,76577,61696,46021,23316,13954,23358,18654,14749,12292,13044,4174,0
53692,59,1,2,-1,0,0,-1,-1,0,34292,23461,24064,13456,25430,38486,5174,5701,13593,4121,0,18248,0
69857,37,2,1,-1,0,0,0,2,3,33845,32483,32428,12449,26691,15149,12280,6371,18751,841,11603,356,0
86441,31,1,1,0,-1,-1,-1,-1,-1,56953,40294,35967,35389,11352,30481,43297,0,4048,11042,598,13048,0
69133,50,3,2,-1,6,-1,5,-1,-1,18738,41808,12029,6380,28716,14222,4570,10776,3808,4533,0,1481,0
25439,22,2,2,0,-1,-1,-1,0,0,22933,8439,16848,13203,17242,9644,5078,1447,473,4541,0,7570,0
10000,39,1,1,1,0,-1,0,-1,-1,457,282,2650,259,4164,1534,146,128,1282,40,1681,0,1
40558,50,2,2,0,4,-1,0,4,6,13624,0,17697,17110,22742,8909,3679,0,3413,1157,1677,0,0
57050,35,1,1,0,-1,-1,0,-1,-1,25493,23950,30215,30846,15513,45762,0,7157,10518,0,0,0,0
27185,53,1,2,-1,-1,-1,0,-1,0,12537,8548,15106,9997,8962,16206,4140,3884,0,1063,0,3549,0
14669,45,2,2,-1,-1,-1,4,4,0,3784,5284,7239,7010,2096,5063,761,1089,2299,1857,970,729,0
30953,64,2,1,0,-1,0,-1,0,-1,8454,8128,12414,13262,19671,8664,785,1442,3669,998,0,1155,0
31301,30,3,2,0,-1,-1,0,-1,3,10615,5039,24954,21411,15474,11977,6077,1986,0,6384,0,4058,0
52909,24,2,2,-1,0,0,0,0,-1,28523,10806,30615,19592,6336,19245,10030,3290,19497,5802,1136,2004,0
11028,49,1,2,0,0,4,0,0,0,5289,6438,4417,6124,5294,257,628,563,572,1623,779,121,1
12054,34,2,2,-1,-1,-1,0,-1,0,2234,3821,0,2675,10652,7433,875,1873,0,288,2515,0,0
121011,59,2,2,0,0,0,-1,0,-1,57912,69626,28799,37569,45631,39976,12565,6678,0,0,12995,17070,0
58970,26,1,2,0,-1,0,0,0,-1,20695,16599,29446,20391,33623,31074,0,7207,2806,9186,1445,3533,0
34247,52,3,2,-1,4,-1,6,-1,-1,22990,10580,7790,9893,91,1845,1540,746,4517,3628,22,360,0
11810,74,3,1,2,-1,1,2,0,1,5267,2474,7692,6634,7097,8037,2492,352,39,2378,3652,1258,1
68387,26,1,1,-1,-1,0,-1,-1,-1,35742,40625,25736,49437,56796,20562,0,5954,0,5598,24520,0,0
36296,37,2,1,0,-1,-1,-1,-1,0,16455,14088,31175,22059,22685,22290,6124,1959,2938,561,2145,12643,0
29886,66,2,1,0,-1,0,0,0,0,7018,19188,5623,3658,14735,21608,0,5433,1202,0,7506,9673,0
21311,49,1,2,-1,0,0,0,-1,0,17096,11980,12580,16922,13125,2817,1561,1126,2407,0,2375,501,0
24470,30,2,2,3,-1,-1,-1,0,-1,14569,14622,3383,4192,5385,16867,0,4048,815,0,1914,0,1
332397,32,1,2,0,-1,-1,0,2,0,217325,111589,173444,118570,119821,80668,19938,5235,60485,89588,34825,0,0
51890,62,1,1,-1,0,0,0,-1,-1,11083,11579,11067,14413,29124,5291,2170,0,0,876,5604,2167,0
64538,67,4,2,-1,0,-1,-1,0,0,5682,27768,20843,33190,39370,13800,1650,16831,11862,7772,14123,4857,0
41893,40,2,2,-1,-1,0,4,0,0,18216,14192,15053,20545,17494,4056,6538,0,4250,2254,1184,1902,0
53464,46,1,1,-1,0,-1,-1,-1,-1,14010,14894,12289,20612,28290,9167,1541,3258,448,6765,3500,2923,1
29472,63,2,2,0,0,-1,-1,-1,-1,23180,15761,6873,16709,7879,15967,0,4824,1337,0,4313,4298,0
100692,30,3,1,0,0,-1,-1,0,-1,54652,38224,21222,72042,38719,34930,6167,15297,0,1590,12425,20986,0
66069,32,2,2,0,0,-1,-1,0,-1,4337,16655,44415,8693,7050,14604,1032,7601,0,1980,1340,3834,0
18244,62,3,1,4,0,-1,-1,3,5,15991,7381,4755,6260,5023,13683,2533,1919,0,3126,2277,2340,1
25035,31,3,2,0,4,1,-1,5,-1,10506,10032,9133,0,10771,17832,4199,2501,2348,0,3112,0,0
162299,62,1,2,-1,0,0,0,0,-1,55378,21660,73551,41257,54196,63755,28309,7219,10856,0,39838,13739,0
10000,47,2,2,-1,4,4,-1,1,-1,7878,5167,6868,3474,595,4189,1017,571,1794,0,22,1018,0
62843,74,2,1,0,-1,0,-1,-1,-1,9455,13641,41593,18835,19263,20184,4732,2260,21056,12586,922,0,0
75363,22,2,1,0,-1,-1,0,0,-1,37620,22811,16573,35812,4624,47773,2591,1579,0,15023,1750,14959,0
26908,72,2,2,0,-1,-1,-1,-1,-1,18603,9945,2696,14624,2671,26908,6354,3217,857,0,423,0,0
77664,33,1,1,-1,4,-1,-1,0,-1,20919,795,29017,19442,21151,51730,3649,104,4632,2624,2680,28015,0
102571,22,1,1,-1,0,0,-1,0,-1,47611,30115,29033,18773,91847,61731,22280,22515,11671,3692,21678,7250,0
18307,60,2,2,0,0,0,-1,0,0,11067,0,3239,7677,6482,4249,419,0,1065,0,4151,2383,0
96138,49,2,2,-1,0,0,-1,-1,0,27234,38192,40862,17159,61517,34653,2611,3957,1359,5145,21172,11396,0
62185,66,2,2,0,-1,0,0,-1,0,22149,16295,29757,43636,27978,43419,0,1075,4777,17789,0,10312,0
43374,26,2,1,-1,0,-1,0,0,6,24001,11257,17240,16753,8016,25403,4631,1510,8438,4648,1654,551,0
74638,25,1,2,0,0,0,0,0,6,40829,36487,48177,58506,20761,21189,19667,6714,0,21350,7533,0,0
120840,51,1,2,4,2,-1,3,0,-1,35446,38870,43684,45454,67037,26723,6884,15392,22269,6164,4740,2317,1
312666,68,2,1,-1,0,-1,-1,0,2,100055,83086,132540,191239,221201,118132,15844,23686,9808,29194,32333,17861,0
79854,42,2,1,0,0,0,-1,-1,-1,19511,56519,11008,61306,44342,22320,3487,12467,4625,0,21649,6014,0
93757,64,2,1,0,-1,0,0,0,0,31137,40839,42553,15851,32515,33864,0,10011,19158,4890,13061,8270,0
80121,69,1,2,-1,-1,0,3,0,4,56368,25075,28269,28181,6245,26279,15135,5570,5266,10760,1183,467,0
224430,67,2,1,0,0,-1,0,-1,-1,68991,123386,130787,63610,88349,104615,36568,34237,52345,27307,40034,30964,0
10620,48,3,2,0,0,0,-1,0,1,6275,5065,4125,2107,1668,4643,813,209,495,506,171,2402,0
17095,58,1,1,0,6,4,2,4,-1,10994,3057,12244,9504,14662,6433,8545,794,3938,5532,3493,867,0
77567,49,1,1,-1,0,-1,-1,-1,0,45229,2131,54270,25876,27603,18298,13020,241,6449,1895,6252,2138,0
83126,57,2,2,0,-1,-1,5,3,0,27403,38669,28307,18393,49025,49846,9626,20197,10496,0,19781,13283,1
10000,51,2,2,0,0,0,-1,0,5,5584,10000,6150,0,0,4959,3761,708,976,0,0,0,0
34220,49,3,2,0,0,-1,0,0,-1,19384,20509,27282,23048,7114,16713,0,1593,5793,0,0,3453,0
29700,44,3,2,0,-1,0,-1,3,1,21899,6217,13871,14492,14490,20919,9428,2634,7568,2661,384,11382,0
88905,56,2,1,-1,-1,-1,-1,0,3,50644,29847,55061,16288,20093,28129,22532,19678,23131,0,1839,10504,0
96708,61,1,2,0,-1,-1,0,-1,-1,34399,13666,13568,24550,46862,43599,375,3454,8302,5890,15927,0,0
11538,70,2,1,0,-1,-1,3,-1,0,5838,6385,8030,6332,5163,7342,2316,2455,2159,1502,2358,2021,0
14461,54,3,2,-1,-1,-1,-1,-1,0,2129,12151,5140,9627,7790,5808,0,1001,0,1453,1526,1031,0
25708,26,2,2,0,0,2,-1,0,4,1419,3733,6291,21980,15118,20937,0,1367,657,6665,5971,4267,0
61974,52,3,2,0,-1,0,0,2,-1,5090,17756,30558,30513,12854,15603,0,15541,1858,5695,1864,10762,0
66152,38,2,1,0,4,0,-1,-1,0,183,19108,24984,21180,9798,23200,48,3144,17721,2282,2662,0,0
41768,22,1,1,-1,-1,-1,-1,2,6,5349,6562,29168,32849,14505,9141,1235,347,0,8810,3196,0,0
55030,24,2,3,-1,0,-1,0,-1,-1,23755,6335,15830,20745,20070,19389,0,262,4144,12045,3440,0,1
21027,52,2,2,-1,0,0,-1,0,3,9288,6908,6394,9776,5558,10555,920,0,1375,4466,1061,973,1
353692,72,1,1,-1,0,0,0,-1,0,79950,212926,123426,101421,155804,312149,12030,139281,9554,5859,48463,0,0
108657,48,1,1,0,4,0,5,-1,0,39060,45339,10434,11006,69106,15912,0,18682,5309,1808,10063,7066,1
91944,45,2,1,0,4,4,1,0,-1,37630,40753,9932,53471,55028,69338,8809,4359,3777,0,10856,0,1
206472,25,1,1,0,0,-1,0,0,-1,92703,160113,81957,45885,151145,30555,21482,12372,3783,11108,0,0,0
154734,57,1,1,-1,0,0,-1,-1,-1,14899,103926,47088,54000,23788,72086,0,23157,0,8492,9515,3521,0
50272,23,2,2,0,-1,-1,-1,0,0,22021,32540,20820,39516,3840,11042,6799,18243,2536,19773,695,1889,0
42278,66,2,2,0,0,-1,-1,-1,0,18528,932,15596,26173,13283,5462,3120,285,5461,6212,7370,306,0
137396,65,2,2,0,-1,-1,0,5,-1,15184,111989,2608,36914,70928,70141,231,16210,0,373,0,6876,0
35050,74,3,1,0,-1,1,-1,0,4,9129,15800,14136,24324,1936,23380,1591,7972,5988,4515,383,6045,0
18847,36,3,1,2,5,0,5,-1,0,8244,11287,2758,868,7202,14107,2397,6183,431,226,658,4336,1
236406,29,2,1,0,-1,0,0,0,-1,131993,110954,59074,131805,43762,94132,40402,69558,13023,0,4570,18514,0
32458,37,1,2,0,-1,0,0,0,0,13802,13032,10988,5693,5153,15957,0,8256,6791,1352,103,2922,0
12237,64,2,2,0,0,0,5,0,-1,123,1750,1248,5566,4024,2327,0,788,0,1677,629,593,0
151856,32,1,1,0,-1,0,0,6,0,65703,116060,36517,49955,68502,59566,36328,21837,9999,0,11836,5635,0
19116,68,3,2,-1,2,4,4,1,2,5240,13991,7668,3344,9581,4925,1108,2230,2524,2745,798,264,1
69430,29,2,2,-1,-1,-1,-1,-1,0,16688,24425,11074,45359,9018,34101,4009,280,2518,13658,0,9322,0
209770,23,2,2,-1,0,-1,0,0,-1,172530,79701,126253,66382,53107,74944,0,8670,10889,15488,0,0,0
16319,32,2,2,-1,2,-1,-1,0,-1,5347,1753,6227,8910,7327,7921,1307,379,1287,2613,0,2063,0
47442,61,2,3,-1,0,0,-1,0,0,33969,28317,16466,17274,31909,25187,25525,1411,8767,5894,14913,2292,0
112426,53,3,1,0,0,4,6,-1,5,7509,37874,68290,13432,48832,66638,2487,13142,5856,4840,5710,17501,0
118418,40,1,2,-1,0,0,-1,-1,0,33719,60925,19609,46836,15191,87180,5127,17979,7016,12555,10480,17342,0
29716,56,3,2,2,4,0,0,-1,-1,7373,6089,1305,8119,17265,6496,1981,0,179,822,606,3063,0
464155,56,1,2,0,-1,-1,0,-1,0,165695,119318,38099,148858,214399,270720,63279,1623,0,10970,61102,74918,0
45421,50,2,1,-1,0,-1,4,0,0,16724,15725,15489,10318,14906,8544,1306,0,5139,719,3399,450,1
47137,48,3,2,-1,0,0,-1,0,3,30080,11806,36952,18631,14064,19989,6316,2224,4913,539,240,4553,0
183410,26,2,1,0,-1,0,0,0,0,31162,17358,27644,63503,99919,59511,1738,4446,3367,1009,0,0,0
150416,35,1,2,-1,2,4,0,0,-1,90818,117390,42308,13238,103191,21706,20653,9183,1431,1431,26725,5149,0
141121,49,2,2,-1,0,-1,-1,-1,-1,70105,70594,8015,40093,80976,64110,12145,25893,1148,4666,19198,8341,0
16708,28,3,1,0,-1,-1,3,3,3,13142,5595,7914,8554,2019,0,2090,1984,733,5595,972,0,0
183324,46,1,3,-1,0,0,0,-1,-1,64972,54369,43389,78730,83891,89452,0,31410,34323,10176,12524,24924,0
56143,27,2,2,-1,-1,0,-1,0,-1,19229,26823,27092,16851,38686,5923,7822,4304,0,8899,10721,3588,0
26994,63,2,2,0,-1,0,4,0,2,4934,18708,7476,8668,8815,13686,1027,1517,0,1038,3798,0,0
81963,26,1,3,3,3,0,-1,0,-1,54821,5744,54296,38251,13901,15954,8924,3460,3697,9162,5576,3725,1
57079,25,2,2,-1,0,-1,-1,0,0,33389,23801,21757,15541,18081,14633,0,841,9807,0,722,1037,0
218484,55,2,1,-1,-1,-1,0,0,-1,97255,147638,78204,110968,132939,69184,0,89724,9738,0,9158,17146,0
93107,32,1,2,0,0,-1,-1,2,4,39719,49913,63166,34749,39260,39862,5815,10063,21814,12005,10721,11266,1
18373,39,3,2,0,0,0,-1,4,4,762,2564,5810,16471,11856,7131,220,123,1787,2491,0,5664,0
30556,37,1,2,0,-1,0,-1,0,-1,10647,12681,12024,18173,22182,7330,6575,6594,8443,11611,5534,4133,0
33037,32,3,2,2,-1,5,-1,0,5,11289,16670,14191,7399,26804,11813,2519,6692,5773,2903,4565,2280,1
16695,62,2,2,0,0,-1,0,0,-1,6207,10950,6197,8641,2457,1592,311,0,0,2259,652,0,0
27659,58,2,1,5,0,0,-1,-1,-1,4696,1995,10761,12032,9710,5056,1256,167,0,0,5145,1917,0
40321,33,2,2,0,0,-1,-1,-1,0,13867,16233,16424,10314,20372,13203,6406,2167,0,0,3927,4286,0
34978,58,2,2,-1,0,0,0,-1,0,7324,9823,17777,27725,14216,16351,476,810,6683,2149,2119,0,0
87686,59,2,1,0,0,-1,-1,0,-1,42233,53971,8859,57387,78126,34313,829,8613,813,6314,3464,0,0
27166,50,2,1,0,0,0,-1,0,0,3723,21730,15066,6563,12182,5242,0,1669,5394,210,2057,630,0
10000,52,2,1,0,-1,-1,0,0,-1,1507,3850,3279,3937,0,5019,1360,657,545,0,0,1426,0
12725,71,2,2,-1,-1,0,0,4,-1,5416,0,2841,3856,2147,5704,1103,0,1395,601,802,1141,0
67657,45,1,1,0,3,1,-1,-1,0,35093,19003,34714,17697,26257,45392,7330,6861,3640,2765,2765,16927,0
42917,41,1,1,-1,-1,-1,-1,0,0,7646,16076,19775,9800,14194,10817,1782,3680,5650,6218,8321,1332,0
18227,50,2,1,4,-1,0,0,0,0,12469,3502,1522,546,10062,8798,3461,1809,324,175,5214,2456,1
234863,66,2,2,0,0,-1,-1,0,0,19786,163927,117559,51943,99058,133572,0,105243,20533,9526,13981,0,0
95130,59,2,1,-1,0,-1,-1,-1,0,54979,28900,73788,44851,25762,34388,15718,5883,21409,9960,7465,13830,0
46782,25,2,1,-1,5,-1,-1,1,0,11519,23464,20258,9518,5576,33245,0,3385,5261,3773,2605,17700,0
59079,45,2,2,-1,0,6,-1,0,0,27490,15201,13629,20714,29747,41364,9106,1295,4411,2139,7201,4270,0
39651,60,2,1,0,-1,-1,-1,-1,0,19138,13740,4047,12671,16007,16111,4068,3548,105,0,0,6019,0
17978,33,2,1,4,0,0,0,-1,-1,10630,8152,3844,4935,9719,10887,7406,1770,0,1262,335,0,0
78268,74,3,2,0,0,0,-1,0,0,38496,10192,43235,33131,35398,5693,0,760,11475,7487,0,280,0
135609,64,1,1,0,2,5,0,0,0,29371,66390,106554,85249,37415,18055,7475,8852,41870,14042,21009,4604,0
10078,66,2,1,-1,-1,0,0,6,0,5457,4483,0,2835,3115,5873,2322,1855,0,671,2230,1024,0
82258,25,1,1,-1,-1,0,0,-1,-1,35486,25236,26402,51952,44292,5315,3780,10726,3165,28490,0,2097,0
64181,52,2,1,0,0,-1,0,-1,-1,13243,20066,11784,43287,14954,10847,2651,6623,0,9647,4709,1941,0
37896,49,2,2,0,0,-1,-1,-1,-1,21103,14799,30892,24972,5696,9365,0,978,0,12615,0,4103,0
262449,54,2,3,-1,-1,0,0,-1,0,104237,81434,154795,38525,41700,35772,52110,16976,34980,12138,19432,7157,0
240625,66,2,1,-1,0,-1,-1,-1,3,17935,181345,116651,129261,29319,30886,2874,68186,0,25747,0,5817,0
36242,40,2,2,5,-1,-1,-1,-1,0,16236,20371,15654,1003,5511,19269,10217,4745,8808,183,2202,6660,1
57423,49,1,2,0,0,-1,0,0,0,9698,29114,17328,56186,3886,42791,2677,16893,6133,28500,677,23079,0
37338,57,2,2,-1,3,0,-1,4,0,11336,21797,0,13273,27151,27062,7723,4427,0,5413,4687,5895,0
42083,61,1,2,0,-1,-1,-1,-1,-1,6903,13653,19133,16904,20658,13479,0,0,5291,0,6608,5741,0
16427,62,3,2,4,5,6,-1,3,-1,1378,5332,8219,8542,8673,2732,350,1081,1307,5434,4019,51,1
73532,39,2,2,-1,-1,-1,-1,0,0,20253,51103,36496,56496,20234,30040,572,959,20094,42887,4902,11354,0
235426,74,2,2,-1,0,-1,-1,-1,-1,115014,88071,24576,23133,82729,157023,22135,0,17178,14226,60319,118575,0
118585,21,3,1,0,-1,0,0,-1,-1,59405,22858,33534,40149,45125,54712,6804,11860,3987,16019,0,0,0
92165,47,2,2,0,-1,0,0,0,3,15843,25403,31086,31754,58228,58598,4531,3970,12987,8841,22826,10871,0
10000,53,2,2,-1,0,0,0,-1,0,3011,0,3054,2865,0,5403,80,0,1043,463,0,2568,0
15441,24,1,2,3,0,-1,0,0,0,6960,2582,9539,8221,3745,6841,1539,975,0,0,945,458,1
114844,45,2,2,-1,0,-1,-1,-1,0,25323,53713,71376,35447,50824,82027,10754,4975,1809,16084,16177,3536,0
125344,53,3,1,-1,3,-1,0,6,2,62564,47659,19521,34169,40170,20138,25778,11536,2776,24093,1268,2948,1
53439,53,3,1,-1,0,5,5,-1,1,23169,24330,20239,14492,28271,32787,10465,10579,6575,1756,3405,949,0
38389,27,2,2,0,-1,0,-1,-1,-1,9069,10590,11218,16975,26389,4033,2802,3134,4998,1681,12641,1520,0
202463,35,1,2,0,0,-1,-1,0,0,43600,9056,139752,90167,55599,144816,8145,3510,57735,0,9593,63879,0
125410,34,1,2,-1,0,0,0,0,-1,57323,53732,49931,20815,57277,38430,13555,10624,7244,10432,11903,15706,0
85244,55,3,1,-1,0,-1,0,0,0,34420,40569,49569,18256,24968,30874,3404,20626,26982,0,728,8106,0
15540,38,1,1,-1,0,5,0,0,-1,5123,9158,8329,840,7628,10804,2029,1213,1997,84,0,3930,0
64516,51,2,1,0,0,4,2,0,-1,8941,18096,21015,33172,5578,25662,645,4382,8610,418,1418,5145,0
202735,60,2,1,-1,0,0,-1,0,0,8278,139132,17697,147491,114790,86982,2430,50909,11687,36074,550,12030,0
104655,64,1,2,0,0,-1,-1,-1,-1,28382,5700,70786,22332,24677,23027,1443,1145,48620,9110,11427,5825,0
104672,30,2,2,0,-1,-1,0,-1,-1,54632,71360,21875,49396,28442,55001,2784,27919,1647,12199,0,13496,0
35327,69,3,2,0,-1,-1,-1,5,2,13825,21680,14457,16301,21194,20579,8931,3213,1768,4085,3054,11735,0
53362,29,2,2,-1,0,4,0,-1,0,7649,22360,19384,2662,17172,24246,1355,4580,1229,806,7040,666,0
150545,22,2,1,-1,-1,0,0,6,-1,53714,60290,92720,65811,24696,89924,6174,16074,6139,31782,1391,16411,0
28686,23,2,2,0,0,0,0,3,0,4761,19310,19419,12078,12972,28335,1910,692,11890,2981,4018,14330,0
18568,31,3,2,0,0,6,-1,3,0,7657,2887,6543,3790,3796,1265,3807,2020,3745,0,1311,436,0
33437,68,2,2,0,-1,0,-1,-1,1,28234,32817,10346,2776,18482,3273,8984,0,3859,0,0,317,0
49948,32,2,2,0,-1,0,0,6,2,9601,22099,9689,17442,22708,6951,6617,5276,0,0,4696,1484,0
13520,58,2,1,0,-1,0,-1,0,0,13520,4532,2626,5507,7850,9068,2366,504,0,2186,481,4137,0
123169,43,1,1,-1,-1,0,-1,0,-1,51321,48658,51297,89534,52959,34719,14282,34352,18959,0,5285,10874,0
60178,23,1,2,0,0,0,3,-1,-1,8389,27022,15331,26937,25496,31562,1729,9283,370,7630,4504,0,0
67932,44,3,2,4,2,0,-1,5,1,12284,25385,28738,37987,8347,36680,1786,16952,7439,7920,1017,16611,1
10000,22,2,2,0,-1,-1,-1,6,1,3862,5418,3139,10000,5192,0,1248,520,678,4494,1011,0,0
136283,46,1,1,4,-1,0,0,-1,-1,20846,98174,42364,44549,16127,24630,0,45521,10728,10621,0,9082,1
199983,51,1,2,-1,-1,0,-1,0,-1,99042,58524,66488,141890,74873,119519,9646,34206,7199,19446,11072,0,0
48735,49,4,1,2,1,6,-1,1,3,499,34486,22766,37577,26152,7327,0,16983,2849,11647,2440,3411,1
50212,36,2,2,4,-1,0,0,0,0,32465,18473,16699,7911,14346,11260,0,2797,0,985,4848,2297,1
97945,62,2,1,-1,-1,-1,0,2,0,78124,62090,38224,53047,21453,35804,32407,23780,8250,4365,5585,7278,0
189778,53,1,2,-1,0,0,0,0,0,71780,69901,50280,6203,119263,90789,27661,901,13860,3056,9056,0,0
52138,34,3,1,-1,0,5,4,0,0,35099,14280,19375,15782,16099,27652,27235,0,0,5572,4459,4726,1
55350,44,3,1,-1,-1,0,5,0,0,7693,29575,9465,9375,9636,15922,1992,7243,1629,913,1431,2906,0
184527,26,2,1,-1,0,-1,0,0,-1,28322,83407,30100,58002,92479,36680,0,25633,3174,32738,0,10430,1
126171,70,1,2,-1,-1,0,0,-1,0,68260,22917,78433,47893,51933,28421,22677,0,21574,10305,21547,11006,0
25842,61,2,2,0,-1,2,0,0,0,17813,18936,11110,6763,11523,12127,3254,3418,6977,2094,2255,5167,1
94526,36,3,3,1,-1,2,-1,-1,0,49477,49586,46306,30165,33860,34590,24401,8819,3527,15677,3821,7452,1
44401,57,2,2,0,0,0,0,-1,0,16185,37246,39388,14567,16243,20162,3819,0,6332,0,8301,2421,0
35240,57,3,2,0,5,1,2,-1,-1,10467,18663,16788,17656,14073,8476,1995,13752,10099,1994,7034,4189,1
53396,53,2,2,0,0,0,-1,-1,0,6742,42196,17350,26582,5222,16520,1745,18335,2480,2564,1161,5751,0
148979,23,1,1,0,0,0,0,0,0,33758,42972,59012,69824,28465,55690,17763,10731,7521,2820,9901,0,0
198606,68,2,2,-1,-1,0,-1,-1,-1,107592,89407,102905,45696,153012,104002,54984,38129,18903,4626,63914,45278,0
49987,72,2,2,0,-1,0,0,0,0,30108,21731,6310,9469,7220,29147,11163,7321,1311,2641,1326,10724,0
274164,73,1,2,-1,-1,-1,0,0,-1,231499,139376,199679,122968,52975,102169,108509,34072,12141,29601,11359,13447,0
78287,73,1,1,-1,0,-1,0,0,0,10334,29142,29361,51719,67354,39749,1881,6978,0,0,17029,748,0
150502,71,2,1,-1,0,0,-1,0,0,67810,66008,89069,72075,55133,98927,13376,0,0,18163,14421,27156,0
57454,60,2,1,0,2,-1,-1,-1,0,39035,10286,17577,22675,31694,34752,0,6216,10660,8949,4138,12542,1
33059,24,2,2,-1,0,0,2,0,-1,16749,18049,23988,25116,22094,3719,4565,5263,3093,3618,10882,1346,0
319384,46,1,2,-1,-1,0,-1,0,0,222630,138925,67474,230247,70326,195256,27461,32121,0,72336,0,0,0
42880,34,1,2,1,-1,-1,-1,-1,-1,2821,23769,12233,13140,30593,28735,691,2914,655,4477,1363,3156,0
40644,32,1,2,-1,-1,6,-1,-1,3,16395,16622,5648,23482,22595,15964,0,590,218,3378,769,1343,0
17946,65,2,2,-1,0,0,-1,0,-1,6847,10264,10394,4272,5441,7711,167,1580,3571,0,1122,1621,0
135105,64,2,1,1,1,6,-1,0,1,48819,55775,20509,51628,28740,89166,14884,0,1902,11874,0,23671,1
163204,49,2,1,0,0,-1,0,0,-1,37646,85576,14203,53076,23801,87170,3501,20261,825,0,10189,29165,0
66072,60,2,2,0,-1,0,-1,0,-1,1867,45847,30960,40742,33196,12934,451,0,4287,8551,484,0,0
31237,27,1,1,0,-1,-1,0,4,-1,8251,7700,19621,17584,23736,12175,3948,1981,0,7419,0,4712,0
48755,32,2,1,0,0,0,-1,0,-1,24175,8125,24506,24324,23320,37558,504,2188,9819,3543,7108,14823,0
26936,67,4,2,0,0,1,1,-1,5,4377,11446,7980,9876,18419,24247,2393,1924,4813,6962,1863,5321,1
21496,45,2,1,-1,3,0,-1,0,-1,9387,11285,13643,11457,1171,9540,1951,2025,5768,0,469,3023,0
46414,50,1,2,0,0,0,0,0,0,6834,30277,680,7108,24290,22682,148,6829,252,3963,8504,1973,0
73466,45,2,2,-1,-1,1,0,-1,4,47691,26814,6784,37147,31455,3594,5242,5171,3513,11864,0,1294,0
42291,31,1,3,0,4,-1,0,0,-1,5827,11443,16836,28193,25187,13775,1399,0,8536,2140,0,1265,1
86669,65,1,2,1,-1,2,6,1,5,3738,79695,7644,64585,28343,56344,0,26296,1051,0,0,6907,1
16571,61,1,1,-1,-1,0,0,-1,0,8745,6793,5085,6383,4612,4202,1853,0,3315,2569,2046,199,0
262975,57,1,1,-1,0,0,0,-1,0,136337,50270,110619,68437,83712,146639,54201,12343,6524,11360,57001,41133,0
50178,40,1,2,2,0,-1,0,0,0,22457,3909,10515,7797,7236,9507,7064,1769,0,0,3023,741,1
98341,55,2,1,0,-1,-1,0,0,0,36421,40626,49301,76715,57161,35570,18326,0,16923,0,15040,13613,0
79811,72,1,3,0,0,2,1,0,-1,31486,69287,60285,49267,29403,30756,10050,18803,14542,0,1586,15867,1
67642,56,2,1,0,-1,0,5,-1,0,20841,31571,43638,9505,47483,37101,3070,13298,0,3231,2016,6201,0
13873,47,3,2,5,1,5,2,1,0,1127,3194,11798,4027,7786,9164,298,882,7213,1021,3055,373,1
26676,35,2,2,0,-1,0,0,-1,-1,6183,9376,12467,15435,14510,10903,168,4797,5621,5327,0,151,0
27165,49,2,2,0,3,3,-1,0,0,16768,4539,2436,9429,14675,6804,4538,0,631,0,6188,2729,0
50024,41,2,2,0,-1,0,0,0,0,3237,10776,8991,16515,15022,29256,483,1637,2459,7337,3172,2604,0
198272,54,1,2,0,-1,0,0,-1,-1,105013,62203,124764,105076,8181,44848,56411,32056,14590,12221,723,11476,0
69327,23,2,1,-1,-1,-1,-1,0,0,22305,16943,49694,948,17613,42508,6406,2809,23780,409,1321,15962,0
23854,31,2,2,0,-1,0,-1,-1,0,16441,7437,1502,6532,17792,10822,0,3821,557,1569,5011,0,0
36797,63,3,2,0,1,4,4,1,4,6199,20608,26933,19590,9784,1586,0,1558,6697,0,4957,649,0
45958,41,2,2,-1,0,0,0,0,0,28422,9136,22637,17878,3228,17250,16739,1681,9050,9052,0,1042,0
25916,44,3,2,3,4,0,0,2,2,19097,7501,4109,17182,9890,18423,689,2118,362,2534,2277,0,1
48419,50,2,1,0,0,-1,0,-1,-1,12668,14172,31089,16460,7393,25477,1646,2450,15256,3912,2042,8419,0
90306,44,2,1,0,0,-1,-1,-1,-1,32114,14736,42606,54065,67229,22128,8725,0,21723,6520,50569,2253,0
19290,61,3,2,-1,-1,6,4,3,0,11695,6683,9870,9560,905,8420,3342,575,2706,5142,376,2505,0
26019,34,3,1,-1,0,0,-1,-1,4,12458,5250,23841,12599,12607,17002,3451,95,0,2939,8468,1328,0
107548,61,2,2,0,0,2,-1,-1,-1,69994,65470,79810,10824,23773,50516,0,4722,8834,0,8761,18289,1
49935,32,4,2,3,-1,-1,0,0,-1,12082,14550,12425,9737,38441,15063,0,3859,5935,2029,5925,2457,1
95474,41,3,2,-1,0,0,0,0,3,75437,61886,48075,10165,10353,55125,13807,3648,13609,223,0,0,1
154612,52,2,1,3,0,0,1,0,5,100039,36719,13969,119290,119226,48096,23113,6291,2283,15479,8215,3766,0
23110,68,1,1,0,-1,4,-1,-1,-1,4609,17028,3481,13481,15600,15473,768,3438,1037,2839,0,3689,0
86431,33,1,2,-1,0,0,0,0,0,43786,54982,43848,33538,35144,38985,0,19548,0,564,11573,0,0
32651,52,2,2,-1,-1,-1,0,-1,-1,26002,1804,16462,18755,17867,18603,0,939,3046,1481,2312,121,0
26304,24,1,2,-1,-1,0,1,0,0,15303,7634,3935,12407,7778,23797,4395,0,864,5233,2828,2861,0
26072,25,2,1,6,0,-1,-1,-1,-1,11713,585,4868,16065,10949,15126,0,185,1332,3053,6316,3860,1
38537,62,2,1,0,0,0,-1,-1,-1,21508,6676,12385,5954,8842,17119,4678,3812,7360,997,3100,9264,0
27111,59,3,2,0,0,-1,3,1,5,21471,11324,8050,0,6070,7129,1408,3065,3958,0,486,1730,1
21116,41,3,2,0,0,-1,6,6,4,1355,11477,15015,9719,16787,6754,155,8596,4011,1854,0,0,0
48488,54,2,2,-1,-1,6,0,-1,0,11307,28535,17854,36497,35512,24861,1459,0,0,9159,24368,1539,0
347082,41,2,2,-1,0,0,6,-1,-1,108229,247938,55154,165096,216248,295241,0,121230,12172,0,0,163568,0
17262,35,1,2,0,0,0,-1,0,-1,4838,4313,10039,1055,11901,3283,1078,1265,1352,562,2260,668,0
121752,44,2,2,-1,0,-1,-1,-1,0,98990,70306,81836,12710,72717,23772,29352,27131,0,1648,34202,6911,0
67627,37,1,2,0,0,-1,-1,-1,0,15681,30855,17532,24991,31955,52118,6806,2095,7120,14473,0,0,0
34533,65,2,2,0,0,3,-1,0,1,23168,7163,11841,4888,15491,9052,12613,870,4068,1107,0,374,0
10000,43,4,2,-1,0,0,0,2,-1,7367,8302,4237,4170,6221,5893,4625,4042,0,0,1960,2755,0
90238,38,2,1,1,-1,-1,-1,-1,-1,10788,50540,3638,30594,7409,49712,1417,10536,704,6559,845,3939,0
15478,49,2,2,1,0,-1,0,-1,0,15478,6782,7591,4054,10824,3656,4125,971,2817,1637,0,2201,1
95064,61,2,2,5,-1,0,-1,-1,0,62057,21001,25557,27689,29718,48359,22334,8424,2886,9298,13258,7035,1
138190,35,3,2,-1,-1,0,-1,0,0,68943,57844,39370,45615,57299,55015,15728,0,5193,7213,27644,11484,0
17566,71,2,1,0,0,0,3,0,0,5750,11765,7511,4343,16489,7749,0,6569,2221,87,5532,1645,1
124827,46,2,2,-1,0,-1,0,0,2,6191,49621,24403,12313,75399,74857,1578,8564,3631,70,35265,29293,0
70040,56,1,2,-1,4,-1,0,6,-1,42486,22296,58465,59285,37658,2388,4043,1802,12339,15346,7826,709,0
10000,72,2,2,0,-1,0,0,-1,-1,4940,7763,7986,4457,9447,7256,1827,2054,3937,0,2243,1520,0
26176,44,1,1,4,2,0,0,-1,0,22926,19420,6730,2026,20185,7068,4951,2223,1332,812,2320,0,1
56533,31,2,1,-1,0,5,5,-1,0,10812,39664,28506,21645,35624,43819,2658,0,2076,9600,7397,4744,0
67571,61,2,2,0,0,0,-1,0,-1,25368,47861,10575,10478,58096,46455,3685,6096,1763,665,0,5898,0
19378,21,1,3,-1,2,-1,0,0,-1,6596,13915,10508,15285,4428,4257,0,2342,7136,0,1556,320,0
50280,45,2,1,-1,-1,-1,0,-1,0,8600,28489,16419,18350,14216,6129,0,4761,7689,0,630,2510,0
132629,73,1,1,3,0,-1,0,0,0,75389,81944,49478,39553,45077,12892,34644,17318,16359,12309,10671,2596,1
152562,43,1,2,0,-1,-1,-1,0,-1,27963,94167,33745,40267,27396,76476,38,0,12031,9794,2622,0,0
49325,57,1,1,-1,-1,6,0,0,0,19372,33140,6039,20353,34331,18882,12479,4261,2544,3467,17913,11684,0
97464,49,1,1,0,0,0,-1,0,0,14895,52377,29619,40294,25641,38076,0,43477,5061,7025,2982,15660,0
80924,32,4,2,-1,0,0,0,-1,0,36336,17228,44550,20256,27027,41749,6345,9423,17908,7779,12108,0,0
67865,38,4,2,4,1,1,0,6,0,40763,18523,12713,28202,35167,24732,6590,5909,1653,1518,0,12737,1
100022,49,2,1,0,2,-1,0,-1,-1,71999,44516,89040,47738,83125,10588,7758,8799,47473,19961,13955,5828,1
53680,26,2,1,0,2,3,0,0,0,8941,41396,15269,12299,39451,35159,309,673,1169,5734,18073,0,0
45450,43,2,3,-1,-1,3,-1,-1,5,25832,22504,12340,26395,3415,29774,5423,2958,3601,2338,2720,0,0
42659,43,3,2,-1,0,0,-1,1,0,10448,7141,32555,7257,8329,9291,349,865,3590,800,4609,0,1
26608,66,2,2,-1,0,-1,3,-1,-1,11862,11649,11122,6091,4179,15430,2764,0,4401,4388,1087,7761,0
167066,27,1,1,4,0,-1,0,-1,5,80236,59006,86058,37911,79628,142332,27180,252,1675,7138,17986,13394,1
14409,66,2,2,0,4,1,1,-1,-1,10061,7214,1544,2593,3866,2264,7439,2345,765,1156,969,960,0
22922,43,4,2,-1,0,-1,-1,4,-1,14209,13953,18237,8765,5538,3282,4672,0,2279,3934,1717,0,0
66667,56,1,1,-1,5,6,4,0,3,41003,6666,10226,28367,35709,33345,0,1251,1637,12509,0,4990,0
71377,51,2,2,-1,0,-1,4,0,-1,38095,24038,36381,7903,29780,43525,6260,0,13394,3135,0,27221,0
82952,37,2,2,-1,-1,-1,0,0,-1,43705,17707,24392,49860,39193,26033,630,2965,636,0,0,17798,0
161327,71,2,1,0,1,0,-1,-1,-1,27154,75115,6768,61167,78905,58245,6732,0,1065,0,17311,34205,0
52166,33,2,2,6,0,0,-1,0,-1,11853,13909,5098,33087,4936,41443,128,4217,2376,7267,762,3926,1
27601,22,2,1,0,1,6,-1,-1,0,17250,22868,9709,7494,3096,5173,9431,8471,5701,0,580,3601,0
30555,61,3,2,0,-1,-1,2,5,0,13153,15763,19842,20432,12543,10670,5770,0,3685,4289,3669,5802,0
37967,54,2,3,6,0,0,-1,-1,-1,7965,17795,16628,15969,16838,23292,2567,0,10408,1267,0,3980,0
104028,69,1,1,-1,0,0,-1,0,0,39729,37388,87401,50089,56974,30737,520,18573,3071,10820,0,4779,0
20876,45,2,1,0,6,-1,-1,-1,0,4810,4938,13100,4692,18543,5843,1012,1075,6555,226,9215,0,1
42601,21,2,1,-1,-1,0,0,0,-1,18464,14338,13375,8816,18448,24594,3377,2450,7667,2192,6174,0,0
179535,22,2,3,-1,-1,2,-1,0,-1,34716,85216,37346,81979,74802,92644,15241,15568,7098,9150,16680,1220,0
56606,44,2,1,5,0,-1,-1,0,0,24939,36108,10718,17972,20418,28168,3420,13686,3674,7402,13441,5560,0
14779,34,3,1,-1,0,-1,0,-1,0,8991,0,10636,0,6199,6118,1608,0,0,0,901,1120,0
37353,70,2,2,0,-1,1,0,-1,0,5644,6542,23426,21419,11467,16093,3152,0,17411,4627,7043,3853,0
11499,27,1,2,-1,0,-1,5,-1,-1,9380,6675,2240,2927,5825,1393,1913,2819,0,2299,115,297,0
65472,68,1,2,1,2,-1,0,0,6,46073,27031,37286,32918,36244,19403,0,1199,14498,20086,7070,0,1
256431,32,1,3,-1,0,0,0,0,0,133644,93051,134460,79183,57533,85354,12379,13706,28921,34148,17906,31458,0
18971,27,2,1,2,-1,0,1,0,0,2314,12436,7308,1479,3427,4813,205,4592,0,191,1264,2595,1
21410,35,1,2,-1,-1,0,0,-1,0,14662,7543,1432,11367,7853,15150,2927,1884,294,6360,0,4197,0
29067,28,2,2,4,-1,-1,0,3,6,11437,14481,20767,11571,7650,8172,1447,6369,2147,3739,1908,2406,1
102442,42,2,1,-1,-1,0,-1,0,0,34061,23129,43255,45314,20960,80638,18242,1446,0,0,921,6025,0
134193,38,3,2,2,0,0,2,0,-1,90210,31369,41043,26723,108034,68453,0,5005,9699,7754,2896,0,1
70162,49,2,2,-1,0,-1,0,0,-1,1790,21776,29687,18859,20088,6226,789,5071,12216,0,6660,0,0
12266,50,3,1,0,-1,-1,-1,-1,-1,1062,12266,3789,4243,5044,7399,95,2594,368,268,2724,720,0
33709,21,3,1,0,-1,4,1,1,1,2248,11269,14470,18299,14759,6350,286,3339,4955,17232,1438,1376,0
287222,27,1,1,0,0,-1,-1,-1,-1,122745,77719,81332,52296,112692,213516,30115,10017,33355,11080,36705,141101,0
38226,29,2,2,-1,0,-1,0,-1,-1,8169,31776,18209,14806,12689,11718,0,4095,0,3964,6803,1349,0
76791,31,1,1,0,-1,0,-1,0,0,25304,3534,50304,21690,35152,35934,4743,1140,16562,6128,9307,0,0
41596,26,3,2,0,0,0,6,5,1,15090,27210,13256,7691,3747,30611,2679,9430,8295,0,997,7299,1
14232,37,2,1,-1,0,-1,0,4,5,8943,4568,9956,1329,6276,7974,5436,0,1727,272,1575,716,0
152486,50,1,3,0,-1,-1,-1,0,-1,120910,82355,93551,104354,22879,63147,71152,20361,49004,66909,10313,0,0
135873,37,1,2,0,0,0,-1,0,0,47471,49556,17285,60243,74262,20836,2891,0,2296,13631,1219,3296,0
10000,38,2,1,-1,-1,-1,3,-1,-1,5988,2298,0,0,0,4031,859,675,0,0,0,0,0
16906,46,2,1,-1,-1,-1,-1,-1,-1,4172,9631,0,6982,6368,5571,87,471,0,2681,1105,800,0
22566,50,2,2,0,0,0,0,-1,6,13654,11080,7668,4521,6764,10090,6931,0,1316,1276,760,802,0
124885,38,1,1,-1,0,4,0,3,0,50572,81290,20283,109077,18362,44784,0,30655,1383,55811,9607,16198,0
37630,32,1,1,1,-1,0,-1,0,3,16568,16194,2704,32284,23098,2550,1577,324,631,16689,3592,244,1
67580,43,2,2,-1,0,3,-1,-1,-1,38701,19587,46391,12567,36693,14868,3945,10208,12202,1245,14014,2476,0
42386,22,2,2,-1,0,0,-1,-1,0,6984,17788,15372,13722,23090,23294,1266,1589,1339,2786,1779,6823,0
72650,47,1,2,-1,0,0,0,0,-1,39108,38605,43257,26016,24705,27885,4457,5990,17514,10125,10346,8956,0
102050,71,1,2,-1,0,-1,0,-1,-1,23120,42994,38222,20196,39175,24924,3449,9834,1412,1985,15441,13111,0
42667,42,3,2,0,0,0,-1,-1,-1,22683,16331,11062,16699,9572,24986,2802,5453,1960,8350,277,7996,0
48282,26,2,2,-1,0,4,0,0,0,8032,43125,17833,24583,19824,12717,1147,2006,0,2758,0,0,0
63682,59,2,1,0,-1,2,0,-1,-1,8082,25389,40553,29506,40068,35637,803,1343,8952,5876,13748,20292,1
58312,27,2,2,0,-1,0,0,-1,0,22844,33918,15732,21391,4801,21114,1377,7734,4086,6966,1350,1928,1
41450,31,2,2,-1,4,1,4,0,-1,29336,20382,6492,23617,13134,20892,14525,8626,1235,5201,3501,4277,0
34717,28,2,2,5,0,0,-1,0,-1,5536,17837,0,9194,24728,14743,854,969,0,1362,1659,996,1
308916,68,1,3,6,-1,0,0,-1,-1,58480,169311,29485,67719,101854,45059,7923,8288,18563,22313,41415,25226,0
48161,73,1,2,-1,0,-1,0,0,-1,12111,10840,23256,21547,13064,31696,477,0,4715,11377,4825,6238,0
102428,51,4,2,-1,-1,2,3,0,-1,32726,48256,52832,56862,62134,64164,10699,21994,37222,28897,11875,27318,0
19835,54,3,2,6,0,-1,3,4,1,9671,2158,0,6494,11286,343,128,232,0,2835,0,134,1
93726,55,2,1,0,-1,0,0,-1,-1,42118,35074,49575,60705,11211,63848,12958,5925,11514,10349,4735,12091,0
285923,53,1,1,-1,0,0,0,-1,0,103136,100634,155374,118015,164103,185610,42970,31610,0,47435,0,13757,0
52389,50,1,2,0,0,-1,0,-1,0,17826,14034,15313,27811,6959,12150,3770,6821,5420,1953,1879,5954,0
40237,74,1,1,0,0,0,0,-1,-1,23559,8698,23298,7672,22290,11093,11486,3532,3765,307,0,1093,0
24341,60,3,2,5,1,5,0,0,-1,1385,5738,24341,3339,3944,2354,686,2690,5047,277,421,290,1
48267,25,2,2,0,-1,0,0,2,0,10810,13700,12920,23829,32698,33709,1948,6013,5650,4950,0,3668,1
63417,42,2,2,-1,0,0,0,-1,0,21882,28806,24813,18219,27413,42968,16240,1546,2121,3748,8110,0,0
33233,73,3,2,5,-1,-1,2,-1,0,11177,30432,552,20990,23823,18792,0,3154,225,7283,13104,2584,1
49044,42,1,1,-1,-1,-1,-1,0,0,7433,5274,23746,14576,18090,15413,3816,0,6775,4358,9276,0,0
234130,32,2,1,-1,0,0,-1,-1,-1,108696,25619,157747,22028,71739,4796,17367,14802,0,4138,29434,2574,0
58461,67,1,2,0,-1,0,-1,0,0,21639,18836,0,17207,32994,37712,0,3706,0,2766,16284,2582,0
41789,54,1,1,0,-1,0,0,-1,1,26784,12157,17278,25110,20040,14833,11548,2813,1212,7255,882,0,0
66684,51,3,2,4,1,-1,-1,2,2,19105,3690,36415,8405,13685,47852,540,745,9969,2386,7215,12960,1
67539,43,3,1,-1,0,0,0,0,5,10260,34547,31821,19274,49572,23164,1278,2569,15849,0,16501,812,0
212450,27,1,1,-1,-1,0,4,0,-1,110622,150157,62417,86061,109222,72613,42990,53434,9621,5916,52874,0,0
320860,41,1,3,-1,0,-1,-1,-1,-1,57457,93432,165418,166216,116740,136676,15061,23354,21952,29528,37418,30914,0
64667,44,2,2,-1,-1,-1,0,0,3,29894,20544,20288,40102,19704,46349,5289,1517,3785,9059,0,5189,0
54495,71,1,2,0,-1,0,-1,0,0,31714,17330,3936,42710,12088,32218,2742,0,639,0,8644,3653,0
10702,37,2,1,0,-1,0,0,0,-1,3367,3818,6192,7447,6946,7223,286,0,563,1666,1656,3234,0
23149,29,2,3,0,-1,-1,-1,-1,-1,7593,17470,5141,12331,5793,418,1295,5258,145,2818,2378,66,0
81090,44,1,2,0,0,0,0,0,2,5692,30008,33786,7951,30567,25074,2208,3376,12638,0,3695,0,0
26681,74,1,2,-1,0,-1,0,-1,5,5935,10772,8440,16114,4670,17846,941,3613,1505,2501,604,4461,1
19309,47,1,1,-1,-1,-1,-1,-1,0,11294,3898,1336,1415,12562,8454,2617,2456,243,363,7569,1029,0
36170,41,3,1,0,0,5,0,1,6,11379,26020,7224,5742,18998,19285,4282,2737,1580,3226,10118,1759,0
91254,57,2,2,-1,0,1,-1,2,-1,24752,39843,13621,20047,26891,56788,2751,3953,1946,6371,10289,7898,0
40248,56,2,2,-1,-1,0,-1,-1,0,16866,14983,13047,7546,5947,20317,942,2872,6782,514,1214,4684,0
140632,37,1,1,-1,-1,0,0,-1,-1,68250,19227,53206,42629,98708,89462,38293,5311,5533,20407,62706,40127,0
80279,73,2,1,2,1,-1,0,-1,-1,16976,45622,42198,25994,43103,33430,4843,21245,9775,7156,0,14463,1
172104,53,1,2,0,-1,0,0,0,-1,76670,149414,110386,33298,123017,54255,11036,11107,19470,15628,22912,22472,0
390515,24,1,3,-1,-1,-1,0,-1,0,25872,272723,76966,124036,166667,118112,6871,170313,27551,34670,5383,43771,0
396813,43,2,2,0,-1,-1,0,0,0,179416,141779,59202,18802,316221,245018,0,81441,34609,13074,167015,80113,0
88021,70,2,2,-1,0,5,5,0,-1,47488,33141,10179,46364,25666,48604,12124,17564,4799,2583,5862,17027,0
47505,42,1,2,-1,-1,0,0,0,0,852,6339,9458,40403,8965,6861,373,582,3664,1085,4895,1524,0
51506,51,2,2,-1,3,0,0,-1,-1,17562,24734,5507,33533,15077,27214,1439,9706,1289,7560,4822,8459,0
120804,54,3,2,-1,4,0,0,-1,-1,35342,44961,19999,55473,60810,24032,8260,0,4382,6150,6531,8140,1
33586,59,1,1,0,0,0,0,0,-1,16587,11546,9502,21474,21045,938,4159,0,4900,968,4755,44,0
218513,68,1,2,-1,1,4,5,-1,-1,52725,46399,69470,102095,102180,98791,11095,13357,18989,22168,21135,73423,0
42790,29,2,2,0,-1,-1,-1,-1,-1,21761,17760,6297,28790,8816,22032,8320,0,2189,2972,2872,4931,0
82303,48,1,2,0,0,0,0,0,0,35849,32310,82303,29582,5537,23234,2967,9797,7216,3818,965,3500,0
25689,49,2,1,-1,-1,-1,0,-1,-1,3633,1105,4326,4751,20528,8513,2100,158,1370,1319,9167,2766,0
17000,29,2,2,0,-1,0,0,3,3,3415,4044,10322,4246,6616,8583,601,1120,3036,711,777,2745,0
39219,57,2,2,-1,-1,0,0,0,0,7100,17684,9036,11675,7613,12121,3052,6111,3861,1814,2673,6331,0
139025,27,2,1,-1,0,3,0,-1,0,48275,88904,72838,76529,36803,74006,28164,69858,19034,0,22915,11572,0
27957,45,2,2,-1,0,-1,0,0,0,15511,17215,17271,1384,15706,8396,1179,6972,1754,241,778,3140,0
178085,38,2,1,0,0,0,0,-1,3,12754,120197,50722,43247,102345,71924,1578,26251,37450,0,29100,0,0
43398,29,1,1,-1,0,-1,-1,-1,-1,16059,11698,5730,16268,14045,12587,8319,6892,901,3353,6431,1355,0
29199,65,1,1,-1,0,0,-1,0,0,12797,21399,9212,24329,8136,19021,3320,1441,3923,6516,0,4222,0
60048,34,2,2,-1,4,0,-1,-1,3,52712,24790,27832,13366,24665,14372,12063,3827,2507,190,0,1213,0
118152,34,1,1,0,0,0,-1,0,-1,19452,50082,83318,49194,23572,95562,0,16332,0,8032,7501,0,0
79773,67,1,2,1,-1,-1,0,0,0,15662,59870,63476,53376,41965,11053,6563,6508,0,28234,10292,4168,0
77438,68,1,2,0,-1,0,0,0,-1,20576,23870,4533,39794,36702,54161,896,5926,701,13119,3575,3434,0
176728,22,2,2,0,-1,-1,0,0,0,45725,49205,130048,47812,10022,55546,8390,16147,36273,4671,0,22239,0
74043,36,1,2,-1,-1,-1,-1,0,-1,23552,43264,42169,48798,33148,37974,973,30969,14189,21611,0,23042,0
33646,59,2,2,-1,0,6,-1,-1,-1,13771,11241,12267,7501,23662,14437,0,3337,3567,1010,5466,1308,0
19803,63,2,1,-1,-1,0,0,0,4,2049,9726,7870,9931,6529,3501,253,0,1386,0,1154,0,0
135795,74,2,1,-1,0,0,-1,4,5,57466,91759,20556,69680,35928,53441,5490,28564,7362,0,22732,4248,1
48821,50,1,1,0,0,-1,0,-1,6,45504,3447,19818,11109,29807,22460,0,1772,13327,3920,2066,1149,0
37703,21,2,2,0,0,2,-1,0,-1,10120,15151,13451,10592,9987,6976,333,6803,841,3517,1942,1244,0
159209,68,1,1,-1,-1,-1,0,-1,-1,23781,48803,67094,61216,48630,18547,0,14536,1566,0,7529,4509,0
177485,29,3,2,2,-1,-1,-1,5,0,12562,49463,70839,112531,77191,63590,243,0,25710,8172,11370,18382,0
59937,27,2,2,-1,6,-1,-1,0,-1,29121,30460,4120,35920,37403,8359,1337,9896,1485,5408,7441,958,0
61504,57,1,2,0,-1,-1,0,0,-1,11311,36130,13339,39903,28230,17364,5188,0,597,25031,4035,3717,0
48799,53,2,1,-1,3,0,0,0,0,3651,4098,12231,19969,27588,13475,384,581,593,8482,8931,5042,0
34049,24,2,1,0,-1,6,-1,0,-1,32382,14806,8747,11509,9422,21842,4235,4613,3039,1719,3260,2246,1
36876,30,2,1,0,-1,5,4,4,-1,17572,6778,27832,9617,7032,12878,3431,2501,5643,2915,0,5517,0
37034,52,2,2,-1,-1,-1,-1,-1,-1,2861,15311,13209,21527,12047,12122,1136,2457,330,3385,0,0,0
101578,34,2,2,-1,0,0,-1,0,0,79430,27906,34214,48181,65481,53390,21666,4075,135,18053,11253,0,0
45682,57,2,2,0,-1,-1,0,0,-1,13188,15554,38585,10582,28936,18788,1500,3651,18730,903,9190,3620,0
101800,43,3,2,0,0,0,3,1,0,50714,42754,28681,4291,41187,43243,5285,22677,6458,1000,7567,6708,1
62533,52,1,2,3,-1,-1,0,-1,0,16474,19714,13577,14612,20750,12679,0,8493,3361,0,11247,0,0
36547,46,2,1,-1,-1,6,0,-1,0,3309,11461,12654,23288,11068,10072,732,4767,5876,11813,2921,1701,0
136257,40,2,1,0,0,0,-1,-1,0,33304,18522,21216,31337,38775,42866,11688,4331,1388,1182,23035,2507,0
49873,39,2,1,0,0,-1,-1,0,-1,15552,20184,7761,4057,7763,19256,3733,0,1100,310,1363,7060,0
44304,58,2,1,5,6,0,-1,0,-1,10254,21324,12320,6929,21929,3764,1668,0,5304,777,0,447,1
50354,48,2,1,0,6,0,-1,0,0,34025,29682,5018,29645,12935,14409,0,5715,1966,6831,6696,843,1
158469,53,2,2,0,-1,-1,1,-1,2,45196,29627,88726,62985,46602,65013,15609,0,54755,7978,1265,32438,0
87669,52,1,1,-1,-1,-1,-1,0,0,12668,66774,48928,64886,31348,65194,2869,25863,0,1325,0,6066,0
186476,32,1,1,-1,-1,0,0,0,-1,58470,112268,59576,92281,33775,74853,7074,26553,16443,15275,0,35955,0
40631,70,2,1,0,0,0,0,-1,-1,21316,16822,33754,9630,34874,5657,4694,12330,7090,0,14820,0,0
164061,51,1,1,-1,0,-1,-1,0,0,132082,80730,132243,73595,43693,84198,28983,16426,49589,7742,9783,28851,0
83002,59,1,1,-1,0,0,4,-1,0,18187,13559,25582,53815,14336,41733,0,7025,11510,2863,2516,12143,0
139042,68,1,1,0,4,-1,3,-1,0,64103,50406,61325,16959,41661,56113,4814,15806,18405,670,0,15234,0
106225,70,2,1,-1,-1,5,1,0,0,38581,55153,49658,27082,77508,23524,0,20901,2897,0,3099,0,1
16155,57,3,3,-1,0,0,2,6,5,9359,8591,3338,12861,10706,10009,2789,2185,1726,1752,708,3218,0
51925,63,2,1,0,-1,-1,0,0,-1,38338,8038,38411,7148,1253,24165,24585,577,6600,593,546,6658,0
147595,46,1,1,5,-1,-1,0,0,0,111629,52274,55224,46624,69457,60526,11892,17254,46042,0,23513,5145,1
119753,60,2,2,-1,-1,0,-1,0,0,14520,77593,47544,28269,43957,48224,0,50614,8663,3035,8845,4075,0
187066,38,1,1,-1,0,0,0,0,-1,53627,107385,67863,61024,76167,19154,13667,86461,0,27182,29961,3109,0
37313,59,4,2,-1,0,0,4,5,1,2329,13017,22946,32094,15834,21950,1097,0,3198,1392,7596,4265,0
168075,25,2,1,0,0,-1,4,2,-1,49741,110392,32714,70033,41900,55596,10798,30375,6912,18653,14989,22904,0
40566,70,1,2,-1,0,0,-1,0,-1,7744,6523,5267,11517,8417,22677,800,765,2051,785,1144,12720,0
14826,34,2,2,-1,0,0,0,-1,6,656,12621,14181,6667,4534,6752,106,0,909,1240,903,3340,0
54961,56,1,2,0,0,-1,-1,0,2,29463,33899,20232,36854,16532,18725,4865,5716,7158,3553,968,5574,1
127602,21,2,1,0,-1,0,-1,1,-1,41116,81445,40703,46487,67709,65212,9226,36988,15705,18239,0,26490,0
28782,29,1,2,0,0,-1,-1,0,4,9700,4068,24664,3989,6024,21811,5604,979,12638,1304,1138,6553,0
10587,74,3,1,0,6,1,6,0,0,1421,7817,3631,4080,6787,5716,646,1134,753,388,0,366,1
12376,66,2,2,0,-1,4,0,1,2,2608,1571,5044,5114,1667,0,0,501,2697,299,267,0,0
61826,33,3,1,-1,0,-1,0,2,2,18536,41248,42902,26374,18965,43554,8089,3112,14077,11135,2032,6251,0
10777,28,3,2,5,-1,3,-1,-1,-1,2023,2332,3924,5275,6161,6569,270,0,0,1332,3675,535,1
106478,65,1,1,-1,3,1,1,0,-1,34423,52066,11594,46519,60630,23860,5817,25011,3568,6905,11351,7210,0
37704,74,2,2,-1,0,0,0,0,0,7910,7388,2898,18538,3472,10562,139,4588,18,9539,0,2169,0
18524,30,3,1,6,0,0,-1,3,5,6806,0,8366,8950,5305,4031,1321,0,3073,352,1277,2283,1
22048,56,2,1,0,0,-1,0,4,-1,285,14007,7578,15940,15510,9890,17,1627,3838,633,0,1805,0
80943,36,1,2,-1,3,5,3,4,1,27939,19216,57076,26577,41439,24001,9308,9591,19933,11071,2129,3089,1
37539,61,1,2,2,0,0,-1,0,-1,11473,17109,24279,21400,23543,4882,9319,9555,3353,0,3126,1634,0
68356,43,1,1,0,0,0,-1,3,0,35740,33147,14604,26104,49401,26023,18932,4047,6891,6436,9645,5237,0
47308,27,3,1,-1,-1,0,3,1,1,20167,4918,26645,13685,16708,32261,1172,661,7650,5427,4201,2550,0
80027,38,2,2,0,0,0,1,0,-1,16636,37008,47487,50840,39113,4665,0,12381,15135,11996,22790,570,0
103513,50,2,2,0,-1,0,-1,-1,-1,34303,89359,51402,14787,16524,78243,14850,7364,8222,3087,165,21019,0
39148,64,3,2,0,-1,3,5,6,6,25335,35800,13891,24322,10744,11986,0,15820,0,12984,0,0,1
29625,22,1,2,-1,0,0,-1,-1,-1,10624,6145,6790,4246,2599,6006,0,1176,1736,1445,1089,318,0
71152,72,2,2,0,-1,0,0,0,-1,44650,16676,32310,37035,12843,32085,8684,5333,9818,24879,3176,3555,0
116010,56,1,2,0,-1,0,0,6,5,32933,53548,23425,65694,65933,40705,12780,3656,6339,5952,3075,16257,0
59351,68,1,1,0,0,-1,-1,0,-1,24680,28485,12512,36662,35466,33431,8984,22014,978,11621,9823,0,0
54510,71,1,2,-1,0,-1,-1,-1,-1,14577,43191,16101,25043,10778,14471,4525,29810,1119,6144,357,0,0
497133,29,1,2,0,0,-1,-1,0,0,244704,211263,109634,99854,329419,74791,86650,61328,19958,5721,4167,24003,0
17423,26,2,1,0,-1,0,0,0,-1,3334,5408,12334,7690,12489,7081,1027,2569,1784,2916,4380,2428,0
72761,62,2,2,-1,0,0,0,0,0,17353,26518,38073,14522,27382,47821,315,0,8771,1928,1971,6607,0
158466,31,1,1,-1,-1,0,-1,0,-1,131562,5312,56588,92251,51695,89415,17145,0,15230,25857,0,21451,0
52232,28,1,1,-1,0,0,0,1,-1,11525,30775,32396,18863,33684,19932,770,5984,9752,3728,12501,974,0
42838,46,2,2,0,-1,0,3,2,-1,14214,37486,9859,21812,26676,20794,2173,4411,2063,4307,5536,3303,1
49776,70,1,2,-1,-1,0,-1,4,-1,26663,36515,24424,14190,14142,14861,2689,19966,3226,2985,2251,0,0
49029,63,2,1,-1,0,-1,0,-1,-1,31779,7344,23950,19787,5192,20835,11905,0,7212,2362,1883,11519,0
70468,48,3,2,-1,3,2,0,-1,-1,37347,12350,39546,67321,26178,55428,13475,3001,11567,2370,13483,1915,0
41832,31,2,1,-1,0,0,-1,4,-1,10319,37513,22645,20263,8534,17325,2806,2131,10610,7002,2184,3880,0
590351,39,2,2,0,-1,-1,-1,0,0,276673,151292,188916,207697,243261,337600,59224,0,127786,28664,160836,79348,0
34125,58,2,2,-1,5,-1,0,0,-1,12032,19574,11386,16367,16901,23830,917,5488,7188,3242,3104,0,0
147563,29,2,2,0,0,-1,0,0,0,34977,38882,105197,50936,87971,35306,18215,13887,42991,10729,0,0,0
53022,49,3,1,-1,1,2,4,-1,-1,22995,7911,4818,6941,23001,38405,4226,728,2608,4697,3198,5534,1
37425,21,3,1,-1,-1,1,-1,0,-1,2192,20275,17441,17788,1825,9208,303,660,13736,6462,678,2811,0
158991,38,2,2,0,-1,0,0,-1,0,107166,41229,72289,62996,79834,52804,18063,9899,18062,35131,8862,20861,0
13628,34,2,1,0,-1,0,-1,0,0,3367,5077,1922,3406,7047,7033,1715,872,421,1549,0,1399,0
68881,57,2,1,-1,0,-1,2,-1,3,21932,27580,44452,45821,31085,11110,5513,3305,3633,9760,7957,6592,0
38691,70,1,1,-1,-1,0,-1,-1,-1,7689,13500,24234,10130,2451,9774,1445,0,425,5036,1233,958,0
34586,28,2,2,-1,0,-1,0,-1,-1,27867,14977,8591,17940,8470,1082,8960,392,2199,0,2920,417,0
33309,64,2,1,-1,6,6,0,0,0,11835,1959,21761,5293,2793,20858,0,298,2049,157,801,2615,1
22673,56,2,2,-1,0,-1,-1,-1,0,9756,10895,6398,10301,14519,0,5412,2352,1180,0,1764,0,0
13068,73,2,1,0,0,0,4,-1,0,8681,4970,1046,3558,1926,13068,953,1590,354,1787,65,1098,1
93666,70,1,2,-1,-1,-1,-1,0,-1,50068,76150,17851,52782,34207,3995,21613,3754,3366,2003,0,808,0
65106,26,1,2,-1,5,0,-1,-1,0,2444,45686,38382,21846,42381,6585,127,9765,15157,6136,0,1161,0
38542,61,2,1,4,-1,-1,3,-1,0,1793,15236,5638,8411,8632,21197,107,7418,2064,0,1139,9762,1
62985,52,3,2,0,0,-1,3,0,1,18341,47121,37103,20341,16731,39112,1449,27658,25083,4494,2073,13027,1
49260,27,3,2,-1,0,3,5,-1,-1,20469,23858,18508,37643,46534,14437,3581,5546,4585,23485,29198,0,0
39597,34,2,1,0,-1,-1,0,-1,-1,12537,17066,18098,28061,9256,24818,4716,4781,2988,10048,2244,6274,0
787966,71,1,2,0,0,0,-1,0,-1,564069,420273,346603,425695,440568,129797,214781,10019,120280,0,132590,13803,0
110679,50,2,2,0,0,-1,-1,0,0,17245,10640,25585,7962,36115,91898,0,0,7067,1324,6829,3654,0
346570,39,2,2,-1,-1,-1,0,5,0,204502,266231,330320,224645,15827,109549,70675,94012,195628,0,4123,28641,0
35173,38,2,2,0,-1,0,0,0,0,6810,11581,6952,24819,23068,21291,0,1765,3668,1801,7886,6402,0
59859,66,2,2,0,-1,5,0,0,-1,37935,8712,14966,37156,20424,12322,1474,2596,886,12033,856,3892,0
25485,36,1,2,0,-1,0,0,0,6,9731,7035,19475,1305,10191,6315,4038,468,1724,625,3062,1998,1
37632,29,2,1,0,0,0,-1,6,-1,5553,12058,18672,5051,19356,18223,1668,252,6262,221,1902,9510,0
30725,51,2,2,1,5,-1,6,-1,0,13931,13810,8570,15551,11639,6949,6065,3728,1110,4773,626,0,1
538425,74,2,2,0,0,0,0,-1,-1,64847,334628,166718,154876,315723,97844,1681,0,83072,28070,146978,35754,0
19719,30,3,1,-1,0,6,3,-1,0,10778,3441,12461,6536,11144,6676,0,153,5589,1510,5962,719,0
40650,34,2,2,-1,0,-1,-1,0,-1,16440,18836,18797,20528,20375,15857,670,6805,0,14482,5728,3906,0
10725,46,3,2,-1,-1,-1,-1,-1,-1,1519,1053,2346,557,6747,7764,538,150,290,215,2754,1262,0
75130,31,2,2,0,2,2,0,1,0,24752,49281,53390,35882,23806,34564,8463,31741,21230,701,4958,13654,0
23856,56,2,2,0,-1,-1,0,-1,-1,9821,4589,10710,11488,12980,2884,961,0,1574,0,4453,551,0
71550,34,3,2,0,-1,0,2,0,6,11835,15821,11107,23691,15441,45339,0,10704,5761,4070,3861,12978,0
10000,27,3,2,0,-1,1,3,0,-1,2509,967,0,2137,4044,4215,0,93,0,766,1472,246,0
31133,35,3,2,4,1,4,4,3,0,6225,13789,9519,17598,4769,7114,281,2379,0,3291,949,0,1
11196,71,2,2,0,-1,0,0,5,1,9,6127,5752,1855,5335,3025,0,1751,0,471,1317,51,0
33109,71,2,1,-1,-1,0,0,0,-1,15714,15732,8542,10441,6083,6909,0,7075,3595,1252,1268,0,0
54540,48,1,1,-1,-1,-1,0,0,0,12120,1535,34523,19212,10539,19527,2803,94,13454,5233,2444,4542,0
30356,42,2,3,0,0,0,0,0,0,6847,3888,4450,8555,20420,13505,583,124,271,1992,1551,0,0
22997,65,3,2,6,-1,3,5,4,3,5007,13465,12922,7812,6392,8349,1699,858,1206,192,3109,0,1
106610,31,2,2,0,-1,-1,-1,0,0,86045,62677,48466,69743,32873,38520,6092,10743,9417,14469,9208,6635,0
279166,56,2,1,-1,0,0,-1,0,0,54683,143389,180855,173238,118710,173726,5854,15707,16454,40405,0,15970,0
45015,57,3,1,1,6,4,6,3,4,16276,19711,19560,18765,19864,12378,1717,0,9729,1397,899,0,1
17245,59,3,2,0,-1,-1,3,2,-1,0,9836,11579,1266,5666,3038,0,5055,5192,0,0,770,0
36119,32,3,1,-1,-1,0,1,6,-1,26610,1850,10944,4630,13005,24450,0,528,3209,194,4501,6562,1
36922,59,2,2,-1,3,-1,0,0,-1,20660,3297,19424,25498,8064,9815,6619,357,1592,1288,0,2308,0
99858,54,2,1,-1,4,2,-1,-1,-1,13998,33727,38674,34495,39052,16119,536,2501,19569,6744,2889,874,0
43200,68,4,2,1,1,2,1,4,0,6742,15189,26970,18250,29149,6507,4116,0,2805,2729,2965,771,1
19423,30,1,2,0,-1,0,0,0,0,2223,0,11234,10965,11416,4662,1102,0,117,4041,8670,664,0
165184,54,1,1,-1,0,0,0,0,-1,75213,91161,57215,52335,87516,80197,0,2385,11461,4688,18428,21439,0
74369,65,3,2,0,0,2,-1,0,0,15988,37239,20796,15105,11007,45599,0,9462,8806,0,1939,0,1
162108,36,2,1,0,0,0,-1,0,-1,73979,28095,17108,86113,88660,37264,0,7500,1841,39931,15741,29747,0
32430,61,2,2,-1,0,-1,-1,-1,0,21289,10577,4517,8278,14117,14908,0,1117,741,1443,3434,0,0
87312,26,1,2,0,0,-1,-1,0,-1,8592,39982,54335,42749,10667,43269,2160,7909,30443,19158,1722,0,0
18999,59,2,2,0,-1,0,-1,0,0,908,11909,4938,5501,16289,13306,264,5222,1792,1256,1852,4341,0
32936,53,3,1,0,6,2,0,0,0,2015,13666,9063,23949,26803,10363,420,2723,859,3495,12429,250,0
67345,31,2,1,0,0,-1,-1,-1,-1,14073,49569,43155,33695,24462,37228,0,3183,8677,4932,7484,10580,0
29470,24,2,1,-1,-1,0,-1,-1,-1,7856,11776,12036,17037,21049,12165,1962,307,0,2215,0,931,0
64464,61,2,2,0,-1,4,0,0,-1,31131,28324,8271,27641,41784,23265,3370,14060,3162,4772,3987,6512,0
39250,34,3,1,-1,-1,-1,-1,3,-1,24966,1105,23828,19549,9769,31342,0,374,9254,9694,5935,3497,1
23943,47,3,2,0,0,0,-1,0,0,2930,6775,700,4917,9370,9047,0,0,131,2097,676,587,0
149937,24,2,1,0,0,4,0,-1,0,39819,51169,26941,43483,17092,81982,4655,5004,10995,11519,4866,36395,1
40637,73,2,3,0,0,0,0,-1,-1,10119,18740,23504,32321,16382,17688,1328,6514,3244,18578,5162,7637,0
76324,50,1,2,-1,-1,0,-1,-1,-1,9831,33886,30704,21243,17383,23987,1302,12234,13599,10262,0,6538,0
15160,71,2,1,-1,0,4,-1,2,0,11198,6262,2192,5154,4997,3847,745,0,523,2016,2604,1504,0
103966,29,1,2,-1,3,-1,0,-1,-1,71481,46494,42284,56020,21675,18198,8845,16470,13556,29807,0,7811,1
33472,32,2,2,-1,0,0,0,5,0,16004,558,19536,13934,0,25177,2798,457,2499,3019,0,8454,0
105426,53,2,2,-1,-1,0,-1,-1,0,25694,21987,29389,44193,55012,55928,7009,4671,5797,20348,9409,11652,0
24041,53,1,3,-1,0,2,2,5,0,6248,20157,12756,10844,4979,6423,2784,4614,2146,560,1230,2877,0
96860,63,1,2,0,0,3,0,-1,0,40727,65973,7298,7966,47518,45735,9693,13183,1202,3265,1126,10369,0
11978,71,1,2,0,-1,-1,-1,3,-1,3277,3363,3459,6349,2111,5724,973,256,702,3113,426,0,0
112326,65,1,2,0,-1,-1,-1,-1,0,28527,37519,25449,74848,85343,5806,5892,3398,7149,23878,0,1522,0
42623,28,2,1,0,-1,-1,0,4,0,18679,25789,21886,21552,19511,30194,0,2037,1438,7920,0,0,0
94462,37,1,2,0,-1,5,-1,-1,0,69243,18776,36347,35741,4941,36375,32011,0,28194,0,2649,9140,0
42461,70,1,2,5,0,2,3,0,0,17324,16234,11663,11399,9820,23646,3806,3386,0,1939,3384,0,1
16056,50,4,1,0,0,5,0,-1,0,7765,8858,2488,11020,6729,11042,5582,5565,0,0,850,2618,0
48478,67,1,2,0,0,0,-1,6,5,25993,39272,2382,17049,2992,5030,4229,8971,78,11474,961,387,0
40011,51,3,1,-1,0,0,4,6,3,1969,22752,27609,360,8200,30652,826,2034,7729,104,0,210,0
77750,23,2,1,0,-1,-1,0,-1,0,8518,28769,39162,26493,36008,23981,1385,13747,583,0,5164,7086,0
62509,46,2,2,2,-1,0,0,-1,5,31940,13957,46090,3124,14387,22512,6031,3807,0,919,1130,231,1
23169,65,2,1,-1,-1,-1,-1,0,0,8217,11062,3868,5997,9049,7760,1591,4140,99,2407,2019,271,0
298527,56,1,2,-1,0,0,0,0,-1,97494,69070,99978,98006,206720,76722,55110,0,20599,79185,57513,16021,0
44782,28,3,1,0,2,0,0,0,0,3552,7610,13658,1061,25601,11794,0,827,9917,155,8194,8514,0
20856,32,3,2,0,0,0,0,3,3,17105,14803,5572,4549,9357,14453,2722,4862,2132,2108,3119,4550,0
96360,67,1,2,0,-1,-1,0,0,0,61937,43530,47524,35627,12016,27731,34441,1649,0,10091,3943,1106,0
60161,73,2,2,-1,0,0,0,0,0,11930,10471,11018,19990,32571,28148,2866,2934,2369,5749,10979,258,0
42605,61,2,2,-1,-1,0,-1,-1,3,15926,4777,27405,9325,32320,25470,5383,0,10121,235,4323,3116,0
27148,26,3,1,-1,4,1,2,1,5,13804,13351,1896,4370,20175,8663,4964,6614,0,2361,5150,2782,0
107785,54,2,1,0,0,-1,0,0,0,45946,72429,61341,20222,82752,54071,17885,46929,0,6730,22799,16802,0
273416,65,1,2,-1,0,-1,1,0,0,91882,141628,159636,106533,46912,60312,20899,4556,83293,0,2314,23624,0
10000,55,3,2,-1,0,3,0,4,5,3338,4696,6912,3408,2984,3121,2096,0,612,1533,642,0,1
91835,53,3,2,3,-1,-1,5,1,5,49791,75616,48812,57483,8360,61736,8156,24821,26149,4006,6822,10757,1
49808,46,2,2,0,-1,0,-1,0,0,15056,11048,29260,13196,10921,12379,5185,2433,5206,4714,5178,5883,0
82936,34,1,1,0,0,0,5,-1,-1,45010,32960,15554,25918,51438,37828,11777,5910,4791,9057,19782,0,0
144540,36,2,1,-1,0,0,-1,0,-1,16334,71544,22582,95933,70385,41236,7001,2198,3692,12219,50471,0,0
10000,61,2,2,-1,0,-1,-1,0,0,1695,6121,3292,2230,4010,2051,803,2994,0,0,2528,48,0
131702,24,1,2,-1,-1,-1,-1,0,-1,30333,81909,4606,28234,67796,56563,5389,30739,2281,4489,30649,3542,0
95733,25,3,2,0,6,1,0,3,0,82075,27107,8060,32914,40191,19993,62703,4317,3936,12289,3330,7386,0
28257,42,2,2,-1,0,-1,0,-1,0,12608,13201,13916,11068,14476,14903,0,4496,442,0,4759,0,0
11250,62,3,2,0,0,5,6,6,5,7476,7549,5060,1092,4297,1840,0,2999,1332,516,1875,0,0
182032,56,2,2,-1,2,-1,0,2,1,111140,117492,106819,43521,19120,15083,13158,37379,5325,25955,3298,2542,0
16837,52,1,1,-1,0,0,5,-1,0,8400,9339,8960,1766,4954,0,1216,535,1707,712,3173,0,0
47965,49,3,2,-1,2,3,-1,-1,0,24561,28984,17672,7737,25607,21424,4594,8107,3100,3903,6798,6669,0
111133,26,2,1,0,0,2,1,5,0,32621,25787,33335,29837,25930,15431,11131,10978,1617,10694,6598,4061,0
67324,38,2,1,0,0,-1,0,0,4,9922,12318,19467,55160,30030,46134,602,7538,0,9603,13828,13962,0
77011,25,2,2,0,3,0,-1,0,-1,17007,45839,15176,19183,15628,9451,5614,11060,0,3850,5841,3036,0
55517,61,1,1,-1,-1,-1,0,0,-1,15706,11819,35953,14581,30438,30268,4302,2267,6563,3291,14221,3599,0
70981,61,2,1,-1,-1,-1,0,-1,-1,13518,33014,33795,20700,18479,48581,7759,5462,7543,6321,1391,21262,0
27812,34,2,2,-1,-1,0,0,0,0,6291,14337,0,12564,3988,0,1467,5224,0,903,579,0,0
21593,36,3,3,0,6,-1,-1,0,0,7125,3362,9954,5013,10804,5874,0,1673,4919,0,1787,2336,0
35304,38,3,1,-1,1,5,0,5,4,18276,5259,10122,2986,16068,8282,3911,37,2370,886,5186,4812,1
14301,69,2,2,-1,-1,0,-1,-1,0,4471,4674,5952,9444,5938,2478,2052,1002,1000,0,1735,445,0
108891,47,1,2,0,0,-1,-1,-1,-1,33863,24206,24038,19488,69643,55854,1640,4486,12897,0,20591,12584,0
10000,62,2,1,0,0,-1,-1,0,3,3650,1116,597,0,2668,2006,2633,419,201,0,725,26,0
91740,45,1,2,-1,0,-1,0,1,4,46950,38597,45842,61656,25269,68181,25595,13085,11596,3534,11649,25754,0
49455,58,3,2,-1,5,1,1,5,1,21452,18316,14187,23686,12529,26762,4596,15,4182,3300,3667,3284,0
25961,49,2,2,-1,-1,-1,-1,-1,-1,4461,23244,4850,773,4697,20269,2003,2597,97,271,2899,2416,0
12786,36,3,2,0,5,-1,2,-1,-1,5640,17,6796,4605,3171,9537,1098,2,1936,881,1099,1821,0
35364,68,2,3,3,4,-1,-1,2,0,14082,6826,23075,31187,26644,8646,4610,803,2619,3055,2458,704,1
114486,59,1,2,-1,1,0,2,0,-1,25291,63257,51215,68110,48989,48051,11081,17758,0,19365,11954,0,0
45246,62,4,1,-1,1,-1,3,0,0,24663,16274,9613,23330,6284,10182,8621,3002,5369,3189,2929,3437,0
20146,72,2,2,-1,0,0,0,0,0,5978,15149,5999,4708,5846,8385,252,2314,812,0,4456,3464,0
37341,34,3,2,-1,0,4,0,4,2,3082,5692,8100,0,16880,12532,699,0,769,0,0,6399,1
42314,25,3,1,6,0,0,-1,-1,5,10279,2984,18351,16783,40598,11814,1209,410,5070,3300,7694,1214,0
58434,52,2,2,-1,-1,0,-1,3,0,12895,43607,15925,4412,28283,17020,721,4732,12196,764,9424,470,0
22264,38,2,2,0,0,0,-1,0,-1,13128,14587,6358,5647,8045,14132,2001,855,1915,2784,3219,3388,0
55523,44,2,1,-1,-1,-1,-1,0,0,9615,27919,15377,25257,17159,29459,3330,4270,10053,12525,2448,12108,0
71504,33,3,1,0,3,4,4,2,0,15450,50323,36659,37019,52869,31602,0,24818,10372,500,8164,0,0
52727,42,3,2,0,2,2,1,0,6,11783,16995,15924,11470,14247,16342,1433,0,7914,2023,2844,3390,0
95383,42,1,1,0,0,6,0,0,0,51287,32139,22200,63693,48496,13753,0,13200,14216,27424,0,5454,0
182434,39,2,2,0,-1,-1,-1,-1,0,63563,123196,57324,65116,83539,10288,36926,6712,5911,0,29287,3645,0
78488,61,1,1,0,-1,0,1,-1,0,40544,28787,36604,28512,39550,22272,5603,19148,4723,12465,6547,1055,0
24996,53,2,2,3,0,-1,0,0,0,7205,9847,3083,13912,12738,4652,1220,1344,452,2675,5352,0,0
25059,46,2,2,0,0,-1,0,-1,-1,633,10948,13536,12498,7987,9502,47,4246,0,2729,215,2762,0
39503,27,3,1,2,1,4,0,0,-1,2531,26751,15257,29532,3515,5683,342,1083,10108,14180,2193,154,1
15521,51,2,2,-1,6,1,-1,-1,0,11870,8333,9485,3031,260,9655,1305,2670,3299,452,43,333,1
38223,30,2,1,0,0,0,0,4,-1,18305,13428,11237,20603,3891,38223,5888,6134,6047,5603,495,19322,0
99489,37,1,1,0,2,-1,-1,0,0,13453,47674,10424,16002,69488,19542,1493,11264,5111,0,25723,2237,0
175148,43,1,2,0,-1,-1,0,-1,4,80926,50388,101750,97284,55444,154095,15666,10670,46952,23367,0,76400,0
14253,28,2,1,0,-1,0,-1,0,-1,4413,7171,6792,4565,1988,11853,1560,1722,4909,1660,0,4024,0
37145,42,3,2,0,0,3,4,-1,4,5197,29290,11363,12921,16792,6549,0,10649,2831,0,0,1557,0
46416,35,2,2,-1,0,-1,0,0,-1,6574,17115,13946,32785,16533,4260,0,919,3694,15434,7361,1163,0
70719,66,1,1,0,-1,-1,0,0,0,14593,20414,41594,48132,47934,20412,5311,10345,7441,5594,11287,0,0
54899,67,2,1,0,0,0,-1,-1,-1,7028,6758,16241,20457,15162,18623,0,1670,8726,9458,7898,10879,0
66912,21,1,2,-1,0,0,0,-1,0,54901,6862,2465,11559,20073,15763,49553,3647,550,4154,5341,2559,0
209031,53,1,1,1,2,0,0,0,0,99758,18443,125921,81172,81141,65000,13749,10509,21864,7851,39878,36891,1
92829,55,3,2,1,-1,0,0,0,0,33810,46450,43291,13127,53186,43635,488,24386,5020,3502,35271,10109,1
381209,41,1,1,0,0,0,-1,-1,0,265569,215368,150493,57293,48981,195113,28976,90928,18450,16090,10121,13113,0
48607,46,2,2,0,0,3,3,-1,3,743,23173,24139,13379,8859,25243,0,9301,7596,5659,838,11215,0
35293,63,2,1,0,-1,-1,-1,0,-1,14082,16542,4691,5248,4887,4897,5676,4077,84,3059,390,976,0
31642,41,1,2,-1,0,5,-1,0,-1,19373,11059,6587,11882,11971,7257,3905,744,2321,8417,0,2332,0
45293,24,1,2,0,0,0,-1,0,-1,6019,25417,21718,29896,26641,4428,1161,942,1947,11674,7761,1027,0
121555,41,1,1,-1,0,0,0,0,0,54984,55208,65201,60072,86628,77635,18965,606,11344,6138,28954,5885,0
137488,34,1,2,0,-1,0,-1,-1,-1,15908,68431,66386,63909,95583,27031,2467,38775,15702,22919,9078,2306,0
58908,41,3,1,0,0,0,0,0,-1,16413,11268,30951,20654,11215,13004,8773,2115,13085,11444,3721,0,0
28808,33,2,1,4,-1,0,0,0,-1,7504,7943,12601,7466,16143,9514,2648,1686,2857,0,1912,4025,1
28933,29,2,1,-1,-1,0,0,-1,-1,7689,17542,22993,4825,12610,2153,1861,8518,3117,1709,3622,0,0
234490,74,2,2,0,-1,0,0,0,-1,203975,117061,97804,178272,108405,123960,65653,15448,1485,30632,20249,0,0
17636,27,3,2,0,0,0,-1,6,1,5263,8772,9711,11785,4267,6806,138,1748,2796,1159,874,391,1
213137,59,1,1,0,-1,-1,2,0,-1,45546,44084,49478,102074,102028,116552,22415,26852,10266,26479,13400,13577,0
47428,59,3,2,0,-1,3,-1,-1,0,19553,15496,30507,10155,11248,12225,2450,3294,4345,0,6053,2857,0
38192,54,1,2,-1,0,-1,0,-1,0,19937,20081,24928,3382,7091,9539,3842,335,1829,561,123,1330,0
13302,70,3,1,-1,0,-1,4,-1,2,6758,5129,5446,6742,4332,6759,0,79,1628,1890,1094,980,0
39550,21,1,1,-1,0,0,0,2,0,3201,20236,10883,15410,17792,1183,444,2973,1377,1759,10395,363,1
95853,37,1,1,0,-1,-1,-1,4,0,51191,19794,35203,20977,61308,25664,8590,8666,9022,8963,14276,10097,0
23677,30,2,1,-1,0,-1,-1,0,-1,3858,4792,18539,525,17948,5386,1449,2078,793,0,7541,3689,0
237993,52,1,2,0,0,4,6,-1,-1,33369,97517,50360,98508,217029,73308,5089,2506,18130,12478,42144,2974,0
41510,55,2,2,0,0,0,-1,5,0,10928,31348,6959,11838,8714,17585,1266,0,1443,1242,3205,4684,0
85850,69,2,1,6,-1,-1,-1,-1,-1,29704,24161,58644,7675,39444,39517,16371,12283,0,1987,1505,17161,1
80480,41,2,2,0,-1,0,1,4,-1,26712,31090,23090,30141,37422,7068,8454,7704,4764,11381,7682,1950,0
251197,33,1,1,0,6,2,4,0,2,53171,87899,83750,58700,73739,65281,1624,25362,6098,21543,31451,6220,0
34531,70,2,2,1,3,5,-1,2,4,12338,9036,10274,9984,2878,14049,2240,406,4848,4872,927,1705,1
74707,57,1,2,2,5,0,-1,-1,0,47315,51806,47226,31761,43178,20243,10400,3116,12835,10317,7601,4096,1
11183,62,4,1,0,-1,0,-1,4,-1,4229,10213,527,5332,5003,4283,410,4758,95,648,0,700,0
53237,45,2,2,-1,0,4,6,2,-1,20912,8991,37699,25602,26158,21266,2210,1484,10786,7487,3910,0,0
122028,45,2,1,4,-1,0,0,-1,4,16853,102066,53262,22711,57685,54160,4657,5363,17266,5823,17981,25814,1
40900,42,3,3,0,-1,-1,-1,-1,-1,18262,13938,13981,9682,24570,24370,3495,0,1776,1049,411,20043,0
311805,61,2,1,-1,0,-1,-1,-1,-1,82183,41095,215105,178421,235685,132837,22894,18562,59339,21525,0,37525,0
74292,32,2,2,-1,0,0,0,0,0,9407,19970,28613,23607,22365,38599,3499,5045,7673,8865,9695,4981,0
44539,73,1,2,-1,-1,-1,-1,0,5,18950,19604,5950,31272,20423,9158,7537,6014,2044,10266,352,1042,0
70587,30,2,2,0,0,0,-1,0,6,22298,11861,18280,36505,36143,32708,673,1217,0,26515,0,5274,0
15203,45,2,2,-1,-1,0,-1,0,0,1541,3471,4064,5970,15151,5741,993,427,619,2348,5209,673,0
36217,37,1,2,-1,2,2,-1,0,0,1890,11977,4911,2452,10543,31460,114,4744,3846,544,2971,0,1
18516,55,2,1,0,2,-1,0,-1,0,5779,2787,9588,15228,7663,7999,111,1197,0,4519,3338,1357,1
69519,57,1,2,0,0,-1,0,-1,-1,15763,33710,16222,51369,50231,19982,758,8976,5614,1776,4251,0,0
46703,70,2,2,0,0,5,3,4,2,30879,6643,12757,20663,37779,16737,8481,2417,5061,1463,7927,8034,0
179972,63,1,2,0,-1,0,5,-1,-1,135387,103157,69468,118403,98692,64843,54985,36034,4747,10921,10093,17259,0
45285,34,2,2,4,-1,-1,5,0,0,5250,37934,19717,5407,36234,26685,1962,7657,3186,3123,11653,16636,1
15387,32,3,1,5,4,4,4,5,0,1620,8699,10878,11326,8553,11364,119,1063,3930,3260,1298,0,1
238930,68,1,1,0,0,2,-1,0,0,40409,61729,70823,30896,168764,89299,2370,8024,0,23638,76160,24912,0
10000,47,2,1,-1,-1,-1,-1,0,-1,3878,1634,2819,5444,2315,0,199,424,852,2614,554,0,0
50552,26,2,1,-1,0,-1,-1,5,0,11970,8257,12439,19435,5836,11965,0,703,9236,5192,1192,2938,0
40839,65,3,2,0,0,6,3,0,1,34938,13218,17821,29008,8234,31954,7742,0,6390,3346,5434,1802,0
68066,56,1,1,0,-1,-1,0,6,3,19383,10307,40348,14123,9586,10326,725,0,0,447,5286,465,0
73135,22,2,2,0,0,0,0,-1,0,30969,55918,42886,17936,34131,24356,19257,4287,16362,2425,14570,3467,0
53559,63,2,1,0,4,0,0,-1,0,17982,9876,35749,4700,30527,26565,0,6590,26742,506,15638,832,0
73110,53,2,2,0,-1,0,0,5,-1,19612,9620,34798,35372,36642,17680,5756,0,10197,9107,1485,6635,0
30279,54,2,1,-1,0,-1,-1,-1,2,19087,9449,15032,12520,8111,25274,6551,4704,6193,4212,4690,4739,0
15256,67,2,1,0,0,0,0,-1,0,7744,11543,7558,4593,12842,7437,1310,2880,1815,0,6378,626,0
47236,47,2,2,-1,-1,-1,0,-1,0,7331,27007,33385,28997,22403,18418,0,3321,3326,124,6898,2129,0
30189,45,1,1,-1,-1,4,-1,-1,1,10415,18597,19267,5300,9379,12013,2244,0,0,2221,4053,4082,0
27369,54,2,2,0,0,0,0,4,4,13466,8211,16115,7726,17943,11224,3183,2355,0,925,11667,9309,0
124142,31,2,2,-1,-1,0,0,0,0,39491,27936,64087,14548,25921,55220,15055,2368,13828,333,9452,2431,0
170484,29,2,1,-1,-1,-1,0,-1,5,42588,64428,123658,90797,67663,43168,4659,36573,94162,35652,24634,2262,0
171208,66,1,2,2,5,-1,0,-1,0,52710,97256,66867,44979,128097,29729,0,13548,12186,3229,0,10103,0
105440,32,2,1,0,-1,4,0,-1,0,72809,35282,61887,86652,57855,41365,15939,13973,21112,31931,10506,1391,0
51429,48,2,1,3,0,-1,0,-1,-1,12045,20280,6755,15946,8198,25364,5297,0,1995,2281,0,5081,0
110454,35,2,2,0,-1,-1,0,0,-1,43412,25963,52782,22156,33601,40696,5082,6530,6933,0,6051,20395,0
45607,33,3,1,-1,1,3,3,1,-1,5246,25760,26599,17738,17615,18423,1576,1381,0,3353,6290,0,0
232813,53,2,1,-1,0,0,-1,0,-1,102068,151520,109388,83083,95908,72093,10095,28279,60011,21573,0,10168,0
23517,64,2,2,-1,-1,-1,0,0,0,11379,7958,0,10980,19370,11580,3125,2507,0,1429,0,2090,0
117542,44,1,2,0,-1,0,-1,0,0,90412,49919,26295,11333,25960,60653,18667,22124,7486,0,14263,23556,0
12480,28,3,2,0,-1,6,0,5,-1,0,6584,10880,5455,7291,1615,0,1877,0,3630,2867,282,0
118083,34,1,2,-1,-1,-1,-1,0,-1,74008,17693,31160,43274,63242,74021,18233,12232,2671,8288,18222,33115,0
12390,29,2,2,0,0,0,-1,-1,-1,8371,1567,2293,12390,2877,7383,2604,567,106,2937,300,1579,0
25994,68,1,2,-1,-1,-1,-1,-1,-1,15507,10422,14524,3073,15958,9594,4922,402,3740,436,2406,0,0
24596,38,1,1,0,2,5,-1,0,-1,3756,11328,1623,4358,7777,15433,942,8884,0,568,3436,6021,0
59976,41,2,1,0,0,0,0,-1,-1,14910,38472,31111,23400,22497,40840,1761,9548,18865,3025,2592,28478,0
91134,24,1,2,0,0,0,0,0,0,42127,55183,54498,27499,25651,45150,18185,23663,9780,6885,8727,8952,0
487407,45,1,1,0,0,-1,0,-1,5,162311,121364,111337,120209,130002,217471,11133,0,33312,13727,0,126110,0
63795,70,1,1,-1,-1,0,0,5,6,26923,33426,19953,39337,4864,32857,4122,4341,4299,10380,1560,2983,0
63662,43,3,2,6,0,-1,-1,0,6,14771,10633,28368,29802,41985,42701,6580,1995,3151,1921,12110,576,1
55753,56,2,2,-1,0,-1,0,-1,0,11032,30898,5469,18398,27281,18992,3841,9982,2046,3071,5627,1004,0
59542,30,3,2,0,6,3,4,4,4,39174,47541,20069,21675,18908,6458,18303,0,5181,2525,5187,2870,1
38493,28,3,1,0,-1,2,-1,-1,0,31461,24678,17066,20009,10727,14672,15310,9150,1248,5845,4813,1007,0
82703,60,3,2,-1,0,0,3,0,-1,52320,37747,31316,32261,16534,54720,31941,22538,4205,11924,7336,14578,0
21117,24,2,1,0,0,0,0,-1,0,11585,8168,13375,4984,6259,11414,3365,2442,858,0,422,5285,0
10000,45,1,2,-1,-1,0,-1,-1,-1,6019,2419,6640,6307,5245,3883,571,1518,1048,1868,387,334,0
95836,38,1,1,-1,-1,-1,0,0,-1,34283,25019,14222,57896,33177,57631,2913,0,280,0,5403,3363,0
16194,21,1,2,-1,0,-1,4,6,1,8412,6348,4149,7788,1511,5507,0,1817,82,5461,854,2542,1
139999,49,2,2,1,-1,0,0,0,-1,29223,20159,32057,58936,12115,117700,10804,3318,17773,3519,1172,2104,0
44266,73,1,1,-1,-1,0,-1,-1,0,11243,6524,10832,24356,14847,12567,939,2931,876,2871,724,3666,0
29908,24,1,2,0,0,0,0,-1,-1,14847,5816,18795,14906,8121,5791,8507,1064,4747,0,1285,880,0
425243,65,2,1,-1,-1,-1,-1,0,0,239102,150479,63474,219354,78225,139833,27231,49673,5142,78655,26865,37662,0
67623,50,1,1,-1,0,0,-1,-1,-1,25546,21723,28191,32198,32063,6685,7060,0,10527,20665,8332,0,0
58010,60,1,1,0,0,0,0,-1,0,11392,41028,28956,17097,15302,24371,3816,7577,4214,0,1249,6104,0
124848,26,1,2,-1,3,-1,-1,-1,-1,40912,7343,51958,36235,38567,95213,8715,1338,11064,686,8995,33275,0
94124,67,2,1,0,0,-1,0,-1,0,37554,50736,23194,30744,42324,57450,4382,26253,10333,10920,1505,0,0
170718,21,1,2,0,0,0,-1,-1,0,69079,45025,96501,41983,53067,48425,27266,23139,18564,0,7436,0,0
23625,69,1,2,-1,-1,0,0,-1,4,15098,1493,235,8145,5513,14415,2445,0,92,1448,1066,3956,0
105383,56,1,2,0,0,-1,-1,0,0,51675,57961,15374,36453,18800,52716,6957,7795,4218,3000,0,23600,0
38771,39,2,1,-1,-1,-1,0,-1,0,26052,8291,11302,12435,7146,6075,5866,0,1327,769,0,1252,0
32848,21,1,2,3,6,0,0,0,1,16982,11645,13702,18239,14536,13782,0,8449,6763,5341,2347,5107,1
71322,53,1,1,6,-1,-1,0,0,-1,14353,18634,55323,22819,48963,21015,2780,5229,8193,6949,0,0,1
10000,25,3,1,5,-1,-1,-1,0,0,0,6937,9599,5207,2216,6560,0,725,937,0,357,1838,0
71802,53,3,2,6,4,6,3,1,-1,53922,60571,20329,50026,3371,26896,29736,12260,2596,17241,441,10795,1
54389,62,1,3,-1,-1,0,0,0,0,28359,33199,14732,18292,25003,36510,3245,8120,4296,2439,11485,16094,0
46839,35,1,1,0,-1,-1,4,-1,4,17390,27668,9937,25901,13991,37663,3898,0,693,8153,2532,3588,0
61471,33,1,1,-1,-1,2,2,0,0,7404,22927,55140,36406,27466,10496,0,6803,23737,0,5674,1364,0
42872,32,2,1,-1,0,0,-1,-1,-1,15029,4780,4869,8915,25830,9690,832,1876,2925,0,0,2869,0
170931,33,1,1,0,0,-1,-1,-1,0,60565,91943,67818,14298,137459,33253,22024,14989,0,1771,84036,1788,0
14281,27,3,1,6,-1,0,-1,2,3,7841,4978,10045,5572,9373,3699,1713,0,0,2428,0,2777,1
25274,34,3,1,0,0,-1,-1,-1,5,3390,17486,5103,17282,8043,8791,1522,1346,3654,1230,2532,0,0
41223,56,2,1,0,0,-1,-1,0,3,16635,4616,31440,15682,16664,10121,1589,420,1746,0,7234,3748,0
29270,37,1,1,0,0,-1,0,-1,-1,17404,13058,7417,26884,20936,10304,5866,4160,2971,0,5744,3552,0
38978,63,3,2,-1,5,0,0,0,5,6385,4566,12720,22343,26987,12803,0,0,6920,13350,6014,2089,0
27471,65,2,2,0,-1,0,0,-1,0,14368,3050,7392,8447,10675,7341,2865,787,3602,3170,3718,158,0
15939,62,2,2,-1,0,-1,4,3,3,12202,2713,2418,11568,5724,7207,6317,420,1252,500,856,2423,0
104553,50,1,1,-1,-1,5,-1,0,-1,42708,78538,33962,49816,50051,52736,2901,34666,8006,17040,18476,32987,1
169028,38,2,2,4,5,3,-1,0,0,60734,70921,9914,70928,76303,72132,20577,217,3033,42275,7675,13504,1
50956,71,2,1,0,0,-1,-1,-1,-1,27211,24696,5606,20191,20616,26325,8073,8531,0,6319,3264,5238,0
31593,32,3,2,4,-1,-1,-1,5,-1,7459,4666,7539,13745,8761,21513,4641,812,0,6456,621,0,0
44374,46,2,1,5,-1,4,0,-1,-1,8715,35036,27732,1935,7802,17484,1287,23192,17062,781,549,11016,1
32442,45,2,2,0,0,0,0,-1,-1,11454,1701,11089,3709,22696,4541,5125,565,1314,1736,1319,1503,0
125001,61,2,1,-1,0,1,0,-1,-1,46314,91039,11345,55075,62946,45399,5916,76301,5902,11754,29912,30451,0
52851,50,2,2,-1,0,0,0,0,-1,11141,31643,22371,8810,21393,36424,4590,3671,5289,2114,8199,2563,0
10000,64,3,1,-1,0,3,3,6,1,6224,1005,3498,10000,4757,4559,816,169,1866,644,636,661,1
127920,70,2,2,-1,-1,0,6,-1,0,86277,79698,29801,45893,108019,43742,0,21317,18055,6907,18437,2285,0
147198,42,1,2,0,0,-1,4,0,0,80658,24258,63352,14579,71450,26198,20210,837,13430,8751,3110,0,0
111051,68,1,1,0,0,-1,0,-1,-1,50752,45438,26376,47726,39903,3907,9822,0,1080,20546,6160,1637,0
10000,30,2,2,-1,4,0,-1,-1,0,3544,7429,6518,5545,7445,1347,1637,2982,707,2070,176,487,0
34233,70,3,1,2,4,6,1,1,-1,17649,12840,20074,4995,18178,31312,0,7076,4790,866,9145,0,1
140254,30,1,2,0,-1,0,-1,0,-1,70836,31802,35179,62094,42890,74032,37588,15261,5870,0,23606,19348,0
66409,66,2,1,1,6,4,1,4,1,2884,32032,7598,56665,30107,26822,0,1340,3715,14423,8186,4945,1
40434,42,3,2,2,-1,5,5,4,4,17742,21171,18136,15346,13256,6713,0,11783,1796,6165,2194,3034,1
100349,73,2,2,0,-1,-1,-1,4,0,30347,21372,34233,42760,19694,23838,7221,7428,10235,5150,1242,6121,0
76720,27,1,2,0,0,-1,0,-1,0,51168,31452,20431,43932,30731,52264,14726,10652,0,11555,11746,10785,0
128399,46,2,2,6,-1,4,0,0,0,51105,54440,24655,49520,57922,56340,0,25289,4220,2486,16084,8034,1
55793,69,2,2,-1,0,0,0,-1,-1,35959,8171,22047,15572,32282,34712,0,1397,14795,3528,3609,0,0
73292,23,1,2,0,0,-1,0,0,0,20237,43128,197,62394,15378,55407,12659,17886,0,10859,8283,0,0
100100,35,2,1,-1,-1,-1,-1,-1,-1,33745,49595,63331,17182,56364,39467,11746,13855,4723,3225,20118,0,0
35636,25,2,2,-1,2,-1,0,0,0,3551,20342,6170,3173,10375,15825,1340,581,4402,0,5182,6294,0
20377,38,2,1,0,-1,1,-1,0,0,11610,1646,5557,10531,2832,6826,5075,0,973,4208,0,0,0
49170,42,2,2,-1,0,-1,0,0,0,25919,14154,11123,20323,12847,8160,14079,4019,429,3096,0,4286,0
110058,54,1,1,4,0,-1,0,-1,-1,36173,42895,47360,45618,72004,76594,0,13340,0,13630,15205,19570,1
143883,34,1,2,0,1,0,0,-1,0,17443,22358,65123,83355,48693,79333,1613,7564,18727,7340,2609,26049,0
144522,29,1,2,2,-1,-1,-1,-1,-1,64380,73038,70524,25887,22116,17640,8485,25319,30762,12013,5347,4779,0
64961,30,1,2,-1,0,-1,3,-1,-1,31610,8303,37976,4975,6338,21519,14612,0,16749,1535,858,0,0
42740,71,2,1,0,0,-1,0,0,0,5311,7895,5425,17468,8825,8210,128,358,2492,5821,3029,4996,0
42735,72,1,1,-1,2,0,-1,-1,0,13449,9393,16407,27065,5838,20436,3737,137,3492,8122,1967,6750,0
59868,32,2,2,2,-1,0,0,-1,-1,11822,43711,31794,30030,16394,20593,0,4509,0,5198,2953,3426,1
18463,31,1,2,0,6,-1,0,0,5,3659,4350,4766,7040,3284,6994,1654,931,0,1433,446,3372,0
69890,23,1,2,-1,0,0,-1,-1,2,9408,15956,38546,28467,59396,4085,3985,5299,0,1818,0,0,0
670793,72,1,2,0,-1,0,0,0,-1,238090,268360,362708,89732,522607,167486,46207,0,0,61493,66048,112170,0
14719,59,2,1,0,0,0,0,2,3,8598,1745,0,2767,3964,3185,2074,1477,0,578,490,1114,0
55573,62,2,2,5,-1,-1,0,0,0,21893,39317,35176,11865,16632,16091,3795,0,4603,4072,7538,252,1
66321,36,2,2,-1,1,4,1,-1,0,10425,50930,14107,43554,21881,21714,5065,3236,117,13689,1726,4648,0
102913,55,1,1,0,0,0,0,-1,0,65620,44257,36047,49800,30947,42228,27886,22390,1803,17567,2205,23335,0
22622,24,2,2,0,-1,0,-1,2,0,4585,8089,9266,16065,6584,11092,213,0,5229,1896,0,883,0
74048,57,2,1,-1,-1,0,0,-1,-1,36734,27637,19765,38314,25913,18026,5219,4541,2882,7757,5382,5737,0
44750,52,1,1,0,0,0,0,-1,-1,14579,17934,18711,21782,2629,15038,2871,10635,4991,0,33,9741,0
21903,38,1,1,0,-1,0,0,-1,-1,10286,8358,11908,3016,2438,0,2710,4961,2103,163,673,0,0
146977,59,1,2,-1,-1,-1,-1,-1,0,85755,44052,15564,83306,32728,65210,14485,6063,6729,4123,6194,35422,0
116793,55,1,2,-1,-1,-1,-1,0,-1,58237,24973,51913,30223,40991,44938,1983,5533,6099,765,19376,7081,0
15836,44,3,1,0,2,6,1,3,4,11580,1535,4926,5895,2666,3069,0,646,0,1713,231,129,0
31728,31,2,2,-1,-1,0,-1,-1,-1,15362,12525,18224,5251,24023,17058,3090,0,5395,1099,7712,5229,0
30822,22,2,2,0,0,0,-1,-1,0,2399,20504,15897,5855,17976,4772,961,0,5952,937,7974,810,0
13162,71,2,1,-1,0,-1,-1,0,0,4152,0,3334,7748,10426,12127,852,0,1452,1058,4012,3713,0
90214,36,2,1,-1,0,-1,-1,-1,0,65449,51706,13383,24970,9201,60110,48298,19515,8768,8954,1962,13224,0
92960,37,2,1,-1,-1,-1,0,-1,-1,33619,40560,30303,50579,75555,83797,12311,1300,14269,13522,4642,24193,0
52595,57,1,1,-1,-1,0,-1,0,-1,30846,11993,26970,44417,14697,13757,4350,2758,6521,3179,5015,0,0
47930,34,2,2,5,0,-1,0,-1,0,35743,14412,15157,17755,30356,38423,7827,7096,5524,2471,831,8768,1
75224,41,1,2,-1,0,0,3,-1,0,31344,32731,35119,32953,47210,17242,15022,19323,7423,1718,15436,3437,0
83448,59,1,1,0,-1,-1,0,-1,0,0,24751,11470,57804,46971,33471,0,11720,4491,2845,12364,10088,0
23352,53,1,2,-1,0,0,0,0,0,4830,8932,6247,8950,8469,14150,2221,3102,872,1161,0,3596,0
72457,56,2,1,0,0,0,0,-1,-1,58594,14626,20791,28744,12243,50446,22028,0,5444,2418,3805,6369,0
19141,21,2,1,3,2,0,-1,0,0,8132,6456,9311,9363,2640,10993,1309,493,1425,0,759,2716,0
84550,45,2,1,-1,0,0,-1,-1,0,33199,10377,24027,52775,54302,3050,12544,0,0,0,26731,1188,0
29277,46,1,1,0,0,-1,1,4,6,3049,24075,7753,12792,20084,2344,33,11817,899,339,0,1362,0
12127,55,4,1,3,0,0,-1,0,-1,2704,7803,4579,1133,5723,1310,1317,3808,2615,209,3483,742,1
67106,29,1,1,0,1,3,-1,-1,-1,37799,22901,32916,41349,20134,21258,1686,3627,18127,12357,5468,14364,1
32955,29,3,1,-1,-1,0,0,-1,2,26456,13346,26690,6391,12302,21574,12734,8039,3813,1741,4688,11298,0
53263,62,2,2,-1,0,0,0,0,-1,18185,16631,15675,19600,21516,29943,5164,5221,5232,5856,422,11661,0
24000,57,2,2,-1,-1,0,4,2,0,2377,5953,15904,4354,9085,13132,407,2420,0,1561,947,5451,0
57656,64,2,1,-1,-1,0,0,-1,1,8963,20924,29778,18649,31950,15863,4129,1584,9574,0,659,3433,0
62167,35,2,2,1,-1,-1,0,-1,0,23761,13832,23370,17621,10669,17715,8968,6135,4250,3350,4298,5903,0
124563,74,2,1,0,0,-1,1,0,0,17661,86437,90639,50386,53223,92723,569,23365,4733,30412,14743,0,0
79578,35,1,2,0,0,-1,2,0,-1,12745,38609,46679,44856,22594,41381,1406,0,1589,240,8604,12801,0
30348,56,2,1,0,-1,0,-1,0,-1,2831,9632,8303,4000,13438,0,1550,3775,4471,195,3197,0,0
23360,29,1,2,0,-1,0,0,0,-1,3365,11963,5681,8313,3852,3907,196,2861,994,0,482,2191,0
14411,70,2,1,0,0,0,0,0,1,8499,2117,6943,1406,3035,11242,1384,0,2857,122,392,877,0
63473,38,2,1,0,-1,0,0,0,0,18090,11684,25670,7492,46047,14850,0,0,0,2994,8047,455,0
64723,64,3,2,3,4,-1,0,0,2,16307,44585,39605,25673,20893,25415,10090,0,16207,9245,5018,5905,1
24048,38,2,2,-1,0,0,-1,0,5,10090,12799,7530,18007,11607,4053,1225,563,0,6009,2460,698,0
84177,63,1,2,0,-1,4,6,1,-1,11771,55052,43390,29295,35324,18318,0,6729,9868,6244,19101,10940,1
42643,45,2,2,2,-1,0,-1,0,0,25618,8608,20930,24722,24761,14249,11590,589,15834,0,538,0,1
121915,24,1,1,-1,0,6,6,-1,0,35851,30780,23636,41140,60872,404,12762,6205,4365,25288,13057,0,0
98013,31,2,2,-1,-1,-1,0,0,2,36504,19981,9506,6144,76432,67801,15442,8060,3871,1525,19069,1167,0
10000,57,2,1,0,-1,0,-1,0,-1,0,5200,6188,4139,2958,3533,0,0,789,2850,65,0,0
111938,31,2,2,0,-1,0,-1,-1,0,95973,28008,57021,23692,27280,63312,0,0,0,3748,6305,31207,0
83971,35,1,2,-1,0,2,-1,0,-1,29627,34366,25797,37655,15888,19624,12275,0,6884,17626,944,5603,0
44863,50,1,1,0,-1,0,-1,-1,0,19754,7534,25121,16118,9718,8352,3386,0,7001,10401,2960,2995,0
32768,34,2,2,0,0,0,-1,0,0,8830,4954,28038,11314,0,8305,1661,1810,7389,4618,0,1422,0
70394,27,1,1,0,5,-1,-1,-1,0,3160,21623,18035,23145,32064,44848,1011,2253,9018,7405,8740,22393,0
45865,54,1,1,-1,0,0,-1,-1,0,10375,4569,28484,15453,8178,20211,2724,2632,7637,0,1353,678,0
23164,58,2,3,-1,0,0,-1,-1,0,8044,6726,830,3112,9859,15094,3256,2036,89,1323,0,6616,0
27826,60,2,1,0,0,-1,-1,0,0,21899,7002,12555,14939,14644,13397,5415,1576,1169,4186,4208,2515,0
29862,71,1,1,4,1,5,-1,0,-1,7330,12254,19125,11423,9093,25116,4410,3369,0,2336,1905,22008,0
143954,27,2,2,-1,5,0,5,-1,0,81536,31387,56623,60318,67456,37375,12452,8858,16358,4739,13181,14972,0
35884,44,3,1,-1,0,4,0,-1,-1,4676,12450,24534,10766,12767,6444,686,471,1363,0,3870,388,0
297233,33,2,1,0,0,0,0,0,0,112465,61701,89748,83640,46137,127039,22020,22461,31790,172,9367,6981,0
92349,69,1,1,1,0,-1,-1,0,0,33031,8966,61065,34985,35690,9244,9952,3454,9890,0,17000,1753,0
109929,50,1,2,2,-1,-1,0,1,-1,26993,40766,29234,27624,67748,32163,6463,0,1217,12167,24864,8704,0
29354,26,1,1,0,-1,0,-1,1,0,10141,15208,8553,19236,21550,12934,0,3555,2499,7196,1976,0,0
41168,58,2,2,0,-1,-1,1,0,0,7409,13494,24946,10536,10844,11739,875,3075,6627,2351,8287,6402,0
51956,23,2,1,4,3,0,0,-1,-1,11450,30152,28357,17159,40049,23383,949,953,3211,1036,19474,5177,1
41219,35,1,2,-1,-1,0,0,-1,0,10126,28213,14625,1713,23116,15624,5938,3220,2822,0,6815,1911,0
47317,59,1,1,0,0,0,0,0,0,3332,11199,22316,14500,4117,22554,1619,0,10516,4783,1595,0,0
96046,48,1,1,0,0,-1,-1,0,4,18039,55527,52000,47653,55179,26716,6266,1613,959,21200,19283,924,0
97565,62,1,2,-1,0,0,0,4,-1,43364,7248,16232,58224,52199,43106,670,2199,5515,8345,0,278,0
11775,51,3,2,4,4,2,-1,5,3,1431,4543,553,724,6587,8708,342,1912,103,26,2315,1304,1
86117,66,1,1,0,-1,0,0,-1,0,44741,19654,9645,74115,33976,35458,20092,2945,2716,4686,3660,6712,0
106818,51,1,1,0,0,0,0,0,6,27654,68337,42818,39076,19907,11639,1426,9081,0,18722,2382,3700,0
30570,24,2,2,-1,-1,6,-1,0,-1,20660,9869,16478,23101,5390,3839,1209,0,5284,1555,0,1798,0
39455,24,1,1,-1,-1,-1,-1,-1,0,19129,9320,17929,12220,11991,4638,2669,3453,7362,3697,5726,1355,0
97699,62,1,1,-1,-1,-1,-1,4,1,46773,57709,46744,24819,9995,7379,0,12652,21913,5619,5661,738,0
10000,23,2,2,-1,-1,0,0,-1,0,4882,2604,8045,0,7185,1601,286,0,467,0,2577,286,0
68743,41,1,2,-1,-1,-1,3,2,4,7762,19914,20833,49902,11281,46459,2699,6942,4140,0,1303,26691,0
253727,21,1,2,0,-1,-1,0,-1,1,49788,85384,54597,88818,76022,54171,0,7914,5084,6284,0,8125,0
10000,37,2,2,-1,0,-1,0,-1,0,3129,1620,3806,2101,1041,3861,770,115,922,426,98,1530,0
94683,53,2,2,-1,0,0,-1,-1,0,81525,57775,42103,68287,34380,25502,9590,36830,0,6205,6770,2938,0
106086,30,1,1,-1,0,0,0,-1,0,49581,9602,41646,78702,47642,86700,9003,2389,11248,0,25870,7442,0
10860,46,3,2,-1,6,6,1,-1,-1,2821,2696,881,0,2571,3570,750,331,395,0,274,562,0
104074,74,1,1,0,0,-1,0,-1,0,54979,4616,24619,66494,22968,61788,15819,528,3015,14593,4423,29444,0
76455,24,3,2,0,6,1,3,2,-1,24213,40248,20924,16074,42312,42063,19832,240,9265,2187,10076,14144,0
13386,24,3,2,0,0,-1,-1,0,5,3938,5466,5530,7382,6664,1999,0,0,354,5631,1992,220,0
27839,35,2,1,-1,-1,-1,-1,3,4,5662,4843,11337,7837,12567,9804,1178,1040,412,1334,2316,3724,0
70077,65,1,2,-1,0,-1,4,-1,-1,34241,29510,18114,37182,53266,54967,7009,6008,0,7371,0,0,0
75016,42,3,2,0,0,-1,0,0,-1,26564,65025,38451,35804,21981,41720,0,24632,0,23634,2597,12104,0
31796,55,2,2,-1,-1,0,-1,1,0,0,14607,3987,6342,14344,16002,0,4120,1358,177,0,0,0
66356,22,1,1,-1,0,0,0,-1,-1,7250,16470,20568,16855,13858,39104,1380,2426,863,3681,5924,12333,0
28798,60,2,1,0,0,0,0,0,0,9200,15505,24766,19637,15013,3776,697,5974,6595,3816,5709,1565,0
49993,24,2,2,-1,-1,-1,-1,-1,5,27426,32630,34310,26492,13216,11084,10817,2680,14414,1544,0,0,0
79274,59,3,2,4,2,6,0,2,4,39579,15696,16907,35534,32828,22852,10685,10048,0,2949,0,4531,1
53354,28,2,1,-1,-1,0,0,0,0,12901,13449,16247,17169,7241,9927,547,4057,2149,7563,1213,5248,0
25780,67,3,1,-1,0,-1,0,0,-1,9217,5081,2287,23850,9907,6869,6247,1207,545,4988,1406,1360,0
47752,36,2,2,0,0,-1,5,-1,5,23990,13877,12059,27569,16764,7734,0,6490,0,10304,7904,3065,0
25835,30,2,1,3,4,0,-1,0,0,12394,8463,9753,7968,23386,3909,7161,974,344,939,5851,2373,1
22125,39,2,1,-1,0,0,0,-1,-1,17505,13387,1977,14503,3796,13443,0,632,479,680,190,12552,0
89864,21,4,1,-1,0,-1,4,-1,0,13353,44494,46315,50242,18618,9866,5651,0,0,0,5037,2712,0
127197,29,3,2,4,2,-1,0,-1,1,57808,52963,15447,85248,72065,44429,19226,17595,0,2579,22431,0,1
10000,53,3,2,0,-1,3,0,0,0,2906,3242,9140,4876,1685,7495,0,0,400,1522,348,4876,0
78096,37,2,2,0,6,1,6,1,1,17745,59243,32663,14720,32611,21718,0,10195,0,6884,10721,5052,0
97455,40,2,1,-1,0,0,0,3,-1,44223,9083,54585,42949,33744,30973,0,5751,3928,3194,8061,0,0
26033,64,1,2,1,6,4,0,-1,-1,11877,10291,7199,7233,11020,9525,2730,983,750,958,6446,2025,1
23527,27,3,1,0,-1,0,-1,0,-1,4501,5493,19171,6181,16006,2178,175,0,1829,1942,2599,742,0
43253,42,1,2,0,-1,-1,-1,0,0,12719,22926,12008,24419,35380,20876,5868,5511,8308,5111,13097,2196,0
314025,31,1,1,0,0,0,0,-1,0,85233,169159,61838,11741,212938,108821,29022,16791,5865,4118,40863,16681,0
183865,47,2,2,-1,0,0,-1,-1,0,89734,104360,97346,94042,52813,41762,19128,2860,4524,40744,14999,3391,0
23460,38,2,2,-1,6,-1,-1,0,-1,12628,5482,15859,17781,7752,18737,3612,2703,1946,3656,0,5599,0
15254,23,2,2,-1,-1,-1,0,-1,0,2370,0,3770,13992,4441,5119,173,0,304,2335,288,721,0
127370,24,1,1,-1,5,-1,-1,0,0,25928,48396,53218,2241,22046,76352,3757,1162,2495,1031,7143,14276,0
106046,67,1,2,-1,-1,0,-1,6,-1,56123,28534,15255,45006,47904,54788,12550,10540,0,14451,7666,4456,0
185659,24,1,2,0,-1,0,-1,-1,6,23008,94606,79542,87978,52775,119570,2201,31980,17018,15886,22990,33531,0
29413,63,1,1,0,-1,1,6,0,5,14909,17893,8094,9958,3274,5512,8456,5464,1929,1646,1562,1999,0
122431,70,1,2,0,0,0,0,-1,0,36795,34620,31624,35158,27743,93505,111,1031,0,12441,11230,17562,0
27298,46,2,2,0,-1,-1,0,-1,0,6105,10691,16167,11017,18064,18046,2256,2432,7452,3269,8095,0,0
112984,37,1,2,-1,0,0,-1,0,-1,67720,36205,64742,100897,40829,77531,3916,9345,0,0,16652,16545,0
47586,62,2,2,-1,0,2,-1,0,0,7407,17694,2912,17984,12385,19899,5584,5073,920,0,0,3811,0
313942,74,1,1,-1,-1,0,-1,0,-1,143801,202400,27098,100899,29005,144575,23572,39155,4984,0,0,9962,0
70116,27,2,2,0,0,-1,5,0,-1,8164,32210,22539,14883,14423,10429,0,3754,459,5735,2197,0,0
26692,73,3,1,5,1,0,1,3,6,18371,3217,14242,15723,12676,10798,4243,435,1054,3550,2641,1327,1
76635,71,1,1,6,0,-1,1,0,0,54998,15664,38301,59012,61709,9609,4496,2042,1569,13996,7785,0,1
63326,28,1,2,0,-1,0,-1,-1,0,33021,45429,21533,10391,12389,35945,20855,0,0,611,1617,3278,0
19466,23,2,2,-1,0,0,-1,-1,-1,6054,4409,2521,4204,3856,3211,3247,700,500,941,399,890,0
320099,59,1,2,-1,0,-1,0,-1,-1,60922,120191,169912,129050,133356,89627,10833,12288,25108,50222,56614,5460,0
123290,25,3,2,-1,0,0,0,-1,6,44157,41289,43084,38419,27463,42212,14260,9884,19651,7649,18160,0,0
29800,53,3,1,2,6,1,1,0,0,16145,23807,6532,17391,16111,8498,0,3774,1472,2174,5049,1363,1
85811,24,2,2,-1,0,0,-1,0,0,20358,57900,37949,28957,29810,28045,4875,1835,7170,2350,0,0,0
177099,58,3,1,5,1,3,3,2,6,129852,13561,58581,43366,41016,21155,37297,3152,17275,0,13412,8613,1
131862,33,2,2,0,0,0,5,2,-1,73535,87057,43257,27552,64778,71859,10420,0,6444,6761,13914,11282,1
38333,26,2,2,-1,-1,1,-1,-1,0,30063,1403,19296,26234,15342,14067,2391,112,3968,5542,11450,0,0
63965,24,1,2,-1,-1,2,-1,-1,-1,3163,44866,25077,6204,53268,26272,1629,6354,10619,869,9126,0,0
17369,31,1,2,-1,-1,0,-1,0,0,11148,2546,10719,16571,9632,8737,3277,1165,751,6439,1595,1467,0
127553,50,1,2,-1,-1,-1,0,-1,-1,55604,47218,87681,14443,94402,67933,5572,797,10721,2510,18803,6382,0
132491,25,2,2,0,-1,3,0,-1,0,65923,9490,87311,6264,37541,19877,20843,2261,15557,1155,23817,5128,0
133221,64,2,2,0,-1,0,-1,0,-1,71268,54813,50132,96599,33755,81196,0,3474,0,4720,1743,7779,0
120247,53,1,1,-1,0,0,-1,0,0,46342,45166,54324,96833,51061,57852,0,11155,10917,34703,11032,12088,0
64982,37,2,2,0,0,0,0,-1,-1,41758,32237,18243,19986,24280,11695,4360,7516,886,5940,4797,1905,0
30891,74,1,1,2,4,0,-1,-1,0,22165,4483,19713,12401,11486,3478,8654,1379,6988,0,3317,1432,1
88631,56,1,2,6,-1,-1,0,-1,0,23224,20433,57890,25134,49136,28092,4429,1536,0,7474,5568,0,1
41404,57,1,2,-1,-1,4,1,3,0,28589,17469,10843,5997,27177,22774,4280,8442,0,472,7406,8182,0
74618,30,2,2,-1,0,-1,0,0,2,26960,49573,39215,21216,19926,7839,8195,14244,13584,7183,2562,1921,0
26606,59,2,2,-1,1,0,6,0,0,14498,10589,8911,13010,14322,20412,569,930,3783,2125,0,7538,0
74239,51,2,2,0,3,-1,0,-1,4,17002,25400,9993,15966,30331,42982,6841,8560,2102,2007,4496,16853,0
197791,74,1,2,-1,0,-1,0,-1,-1,36352,91419,123059,82699,23612,142623,14312,29390,43856,49332,0,46198,0
66285,46,2,1,5,3,-1,-1,-1,0,38359,6248,39268,15028,25075,25880,30528,4346,0,7479,6415,8195,1
44626,57,3,1,2,0,-1,0,-1,-1,26703,18932,16937,10657,9430,16363,2959,3649,4654,0,786,0,1
142471,39,1,1,0,-1,-1,-1,-1,0,72068,21870,74169,85127,10930,81290,12896,6854,27165,8924,0,35794,0
202049,23,2,2,-1,0,0,-1,0,0,104059,170684,164340,7351,74516,8672,19120,18364,4193,1325,20390,3398,0
62984,27,1,2,0,-1,0,0,-1,-1,20701,7803,12734,2883,44846,11743,0,1978,4740,477,3943,4487,0
104119,67,1,2,-1,0,0,-1,-1,0,26962,51396,20382,41733,59114,63412,0,10333,2841,11800,7738,37820,0
164223,60,2,1,-1,-1,0,-1,0,-1,77750,63911,96834,24388,39505,95984,17915,7556,14333,14137,10280,34798,0
117231,40,1,1,-1,0,0,-1,-1,2,73145,38132,35324,46970,30823,71917,53188,6163,7468,14124,7780,11105,0
10000,58,2,2,3,4,3,0,0,-1,7434,3480,4201,2402,5378,480,1952,611,643,595,738,185,1
19357,21,3,2,-1,-1,0,-1,0,0,4213,1774,4656,2756,3963,13306,1836,846,0,1191,783,1132,0
125154,23,1,1,2,1,1,0,-1,0,86235,61692,46135,86475,10680,42936,638,10307,2312,11381,4595,12122,1
49828,48,1,1,-1,0,6,4,6,0,14191,21086,4461,21458,9887,19174,3726,3441,0,4321,0,0,1
108619,54,3,1,-1,4,1,3,2,0,54828,21179,43440,36956,31289,53958,11019,9890,8657,2494,8710,13679,0
216715,71,2,2,0,-1,-1,0,0,0,103431,132881,6738,100749,154920,146796,34308,26700,4821,48796,32801,0,0
21399,62,3,2,1,-1,4,0,0,-1,6727,14463,13316,3467,8961,12244,2215,9456,0,872,0,3024,1
30045,34,1,2,-1,-1,-1,0,0,5,15413,18261,19930,20034,14522,18637,0,2513,6303,1531,2898,3300,1
36719,65,2,2,0,0,0,0,0,-1,13589,34239,7798,28873,18463,16530,0,14591,4014,4991,5114,4355,0
24543,47,3,2,5,1,6,6,2,6,15245,3071,10698,6845,13824,8358,3211,939,3334,937,7458,0,1
234530,65,1,1,0,0,0,0,-1,0,65622,158265,150789,99203,54880,41617,3613,7714,31820,917,9880,0,1
21412,30,2,1,-1,-1,0,0,0,-1,2311,5480,10648,8480,10456,5165,1440,0,4430,4702,2763,1882,0
88782,22,2,1,6,-1,-1,0,0,-1,57679,44618,13446,41051,20763,35800,25978,1974,5221,23081,10019,4094,0
148786,24,2,3,-1,0,-1,-1,0,0,34319,24874,29726,28734,32654,112496,4927,9129,5267,9971,6196,0,0
132170,74,1,2,-1,1,-1,5,2,-1,62664,2241,109422,32625,74664,80145,34449,84,0,10099,12236,28391,0
69505,25,2,2,-1,-1,-1,-1,0,0,36394,20021,8981,42523,20198,30119,16113,4012,685,13595,14320,8765,0
60276,71,1,2,0,-1,-1,-1,2,0,19682,43915,10629,19290,8362,15233,909,12992,1234,2127,1456,0,0
150618,60,3,1,-1,0,-1,0,0,-1,111745,27994,85395,1779,72611,50912,6572,7051,26109,871,39972,6966,0
56402,28,1,1,-1,0,-1,4,0,0,17643,13459,28009,13394,6576,21452,3385,3538,3606,1409,760,12155,0
146546,67,1,2,-1,-1,0,-1,-1,0,37990,17702,54043,97829,31108,67892,3941,6711,20412,10927,632,19961,0
30222,28,3,3,5,2,3,0,-1,4,7840,10965,14437,1992,12909,13811,0,1877,3767,104,2923,6364,1
15726,28,1,1,-1,-1,-1,-1,0,-1,14217,2793,0,3382,3695,10051,7348,464,0,1312,370,2293,0
39509,52,2,2,-1,2,0,0,0,-1,3836,8618,9300,12935,25063,19535,982,5196,2872,7158,9450,7146,0
60563,36,1,2,0,-1,-1,-1,0,-1,18091,40526,37561,8020,18115,9212,1899,2698,0,443,10253,1444,0
43707,36,2,2,-1,0,-1,0,-1,0,25138,20389,27519,13082,20432,9528,3175,0,1058,2105,7786,2993,0
40466,31,1,2,0,0,-1,0,-1,0,21295,35321,7412,10743,11274,0,1183,12960,2458,2155,1833,0,0
80871,53,2,1,-1,0,0,0,0,0,60279,8129,12073,55842,49196,41081,9961,1146,1918,6876,19278,7970,0
88403,22,2,1,-1,3,0,0,0,0,43143,44729,42332,69084,22039,16770,10770,26840,4578,0,2954,181,1
53734,34,1,1,-1,-1,-1,-1,0,-1,18806,18198,39318,21333,38381,1750,7290,9171,12038,6399,7912,516,0
53375,50,1,1,-1,3,-1,3,2,1,27439,12526,32277,46187,12720,28364,9031,2943,0,0,0,9342,0
29611,47,1,2,-1,0,0,5,0,0,7367,9835,9788,13826,15011,7933,1404,0,6010,4696,4686,3345,0
60083,58,2,2,-1,-1,0,-1,0,0,39147,38729,29118,43932,11038,55520,5911,0,4955,16858,1202,16283,0
206655,32,1,2,-1,0,0,5,-1,0,64642,38204,121441,120250,35654,13405,19756,16945,69603,43673,1063,779,0
206770,55,1,1,0,0,-1,0,0,-1,29023,65533,172992,33842,159733,133872,10011,14357,100441,12812,29941,9328,0
42495,62,1,1,0,0,-1,0,-1,0,20759,10111,9289,2344,13055,7616,5536,168,0,697,0,1130,0
241096,41,2,2,-1,4,-1,0,0,0,111457,179186,161992,188134,54459,99489,31112,0,50595,40564,18724,70094,0
36690,34,2,1,-1,1,-1,0,0,0,17759,7105,16544,9987,23263,6276,3590,574,948,2367,8915,886,0
21747,50,2,1,4,0,-1,0,-1,0,980,1221,18129,18006,10110,16000,580,0,6789,7492,2324,3937,0
11543,52,3,1,0,-1,-1,-1,5,0,1782,5531,2928,1504,4948,4364,0,329,1034,0,293,569,1
20722,26,2,1,-1,-1,-1,0,-1,-1,1558,4617,15656,8000,7995,10417,578,0,5631,2405,2085,1804,0
44816,51,3,1,-1,0,0,2,-1,0,26608,18085,7679,13977,29345,9576,1359,8836,1768,9812,4157,7081,0
39895,29,2,1,0,0,0,-1,-1,-1,15485,11283,23553,22834,23556,24565,1788,3126,4161,2888,5368,0,0
41392,51,1,2,0,0,0,-1,-1,4,16439,28988,6728,18062,6906,30333,2829,659,1427,882,937,0,0
17420,71,3,1,2,0,3,3,-1,-1,15761,7395,5738,14382,7670,9196,2425,1113,1370,0,914,4255,1
20560,50,2,2,0,5,4,6,-1,0,15936,4507,12814,5896,6440,4949,2922,347,4082,1409,1470,0,0
24055,62,2,2,-1,0,-1,0,-1,0,733,868,11194,1821,13712,11242,173,46,4107,803,1357,0,0
154629,37,1,2,-1,0,-1,3,0,0,103592,93515,80851,34632,67187,20895,0,12200,0,2900,6036,3707,1
290436,70,1,2,0,0,-1,-1,-1,-1,53552,205141,228464,108059,126599,103666,10511,11161,46106,12177,79851,7580,0
217973,64,2,1,0,0,-1,-1,0,0,96083,55749,105699,37196,97699,130148,55040,28171,12660,9417,5101,88243,0
84937,70,2,1,-1,0,-1,-1,-1,-1,10051,51727,42442,51024,22867,27523,2874,14076,12663,3005,3798,14461,0
33063,61,2,2,-1,0,0,-1,0,0,10467,18132,17698,4755,24273,14683,1377,5667,2404,835,6365,436,0
28731,56,2,2,1,2,-1,-1,0,0,18104,6264,19008,1678,7807,21675,2432,1976,4653,476,2013,11258,1
89761,49,2,1,0,-1,0,0,-1,0,47448,64481,20567,29280,1471,39345,21401,10080,2161,0,417,18374,0
56352,71,1,2,-1,-1,0,0,-1,-1,32743,19466,5842,15427,44675,43121,5983,2039,2304,1080,5051,19816,0
95416,66,1,3,0,0,0,-1,0,0,54908,29064,49035,40702,5143,64115,10750,17094,12578,7552,2128,21347,0
321522,43,1,2,0,2,0,0,-1,0,134088,214687,174713,62712,40161,142976,42179,0,98964,0,16566,3796,0
58306,25,2,2,0,-1,0,-1,0,0,44025,20237,45222,22232,33396,20560,23406,3546,13485,4529,19249,1390,0
303240,21,2,2,0,0,-1,-1,6,5,247286,256842,188725,95638,105993,164034,0,105445,45697,17524,64465,101692,0
13930,33,3,2,-1,0,1,0,6,0,6989,5848,6512,1046,2649,2828,1535,1311,2019,207,251,843,0
70118,24,2,2,2,-1,0,0,-1,0,32316,37759,17330,40553,19852,12852,12345,12368,5276,5270,7054,0,1
63006,32,2,2,-1,4,-1,-1,0,0,35828,37606,5665,39525,12928,21612,15313,10564,0,3038,3121,4471,0
22308,26,2,2,0,0,0,-1,0,-1,2120,11872,20096,10095,14443,12473,0,1982,2648,6572,2885,1632,0
93090,73,2,1,0,0,-1,-1,0,0,27328,20396,26031,50710,30641,0,5781,0,6372,34353,11455,0,0
116771,26,3,2,-1,-1,-1,-1,-1,5,36507,20412,60498,86120,68486,51130,18755,0,34887,9533,0,10726,0
285539,54,2,3,-1,0,0,-1,-1,0,146634,124835,60337,32316,181854,210417,69653,21708,23773,8910,0,19525,0
95368,39,1,2,-1,3,0,0,0,0,24968,16713,31307,64371,43566,56487,0,0,9880,11091,5851,371,0
10720,30,2,1,-1,0,0,-1,0,0,8549,3400,1845,2087,4412,9010,0,155,275,1119,430,874,0
100515,58,1,2,0,0,0,-1,0,-1,38472,79239,21479,8462,45434,57843,10904,39564,4001,2832,8935,8546,0
124248,73,1,1,0,-1,0,4,3,0,15719,62457,61786,24400,52954,71920,4221,8983,5067,2154,6440,24917,0
40613,63,2,2,0,2,5,0,6,-1,4041,34182,7917,14468,20611,11297,1296,22839,1382,3001,8214,5418,0
40758,73,3,1,-1,3,5,4,4,2,17287,11644,19952,22974,22075,5831,10244,4528,4637,0,3341,653,0
46617,52,1,2,0,-1,0,-1,-1,0,6290,2478,9866,21057,18395,16347,3653,1237,306,6876,2101,2825,0
61667,57,1,2,-1,0,0,0,0,-1,30559,34713,35613,15174,17275,30341,9341,13494,8402,680,4699,11506,0
77444,28,3,1,0,0,0,-1,-1,4,71880,28700,16810,25130,33862,34454,0,16842,5879,11480,1814,2428,0
208499,67,1,2,0,3,-1,0,0,3,52134,75269,100558,76286,23661,19182,35903,15077,0,35244,2878,1881,0
24832,61,1,2,2,0,-1,-1,-1,-1,4915,12872,9537,9738,12666,3192,1818,6171,0,758,2406,192,1
32563,34,2,1,-1,-1,0,-1,-1,0,9348,24220,28265,13407,18838,20000,0,2020,11005,8441,1808,2074,0
10000,40,3,1,-1,0,-1,-1,-1,0,1034,0,7240,7508,7377,5274,73,0,4406,0,0,2878,0
213343,53,2,1,0,-1,0,0,3,0,132687,149291,148113,179004,122539,74073,29753,43950,0,6186,15746,13874,0
98383,21,2,2,0,-1,0,-1,-1,0,25171,55971,35904,70796,36527,28417,13304,11040,4948,4856,8967,10807,0
13844,65,1,2,0,0,0,0,0,0,6252,2267,4363,8759,8030,5374,1247,306,2392,1874,2462,2049,0
65175,36,1,1,-1,-1,0,0,-1,-1,17103,32875,35001,57238,35158,10984,3462,9721,3736,19203,4940,4168,0
39074,25,2,1,-1,1,0,-1,4,0,24980,29097,11650,17026,18251,31525,4106,11659,1588,0,4610,3911,1
18742,38,3,2,-1,5,-1,-1,0,2,11213,10637,9683,6787,8475,9294,300,0,1524,914,3196,0,0
157234,66,1,1,0,0,-1,0,0,-1,86326,29871,78280,96671,42617,101546,22590,12690,53363,10365,8890,23544,0
154381,35,1,2,-1,-1,0,-1,-1,0,103825,22360,69219,11895,11854,42925,30705,2013,0,1035,3929,0,0
85138,50,1,1,-1,-1,-1,0,0,0,33519,26574,9156,18954,41664,27310,6168,4860,4675,5935,8903,340,0
41074,64,1,2,-1,-1,0,0,-1,-1,15379,15560,17564,13234,3422,22557,7695,2610,782,6776,95,3627,0
41351,22,1,2,-1,0,-1,0,-1,0,35866,25277,27886,7592,2112,8464,22627,0,3694,1277,891,4524,0
71083,62,1,2,-1,0,0,6,-1,-1,44064,18027,59655,19900,52343,42858,24443,4987,2372,2736,12682,7532,0
34005,36,2,1,0,6,-1,-1,5,-1,10846,18755,2875,1220,7676,24571,5939,2320,1645,368,0,3903,0
68310,58,1,2,0,-1,0,4,0,1,23049,17450,10207,42823,26114,34211,1592,0,605,17604,10994,7080,0
76608,31,2,2,-1,-1,-1,2,-1,-1,31843,43467,27397,31203,43920,60127,10289,1210,3090,12822,5410,15494,0
14374,28,2,2,0,-1,0,-1,-1,-1,984,6156,1577,7271,1894,4508,125,1645,587,2828,0,0,0
18709,63,3,1,0,0,1,4,5,5,3596,11060,14528,5280,13018,9367,555,2057,4927,367,59,386,0
33401,64,3,1,0,5,-1,1,-1,0,20201,13360,13287,18515,23803,9269,3235,4647,1544,0,4234,1774,0
171489,73,2,2,0,-1,-1,-1,-1,-1,32496,101716,97685,71992,51521,102009,0,0,14736,1371,21175,14797,0
134960,57,1,2,0,-1,-1,-1,0,-1,67576,59724,62086,15852,22967,7882,6996,16479,13468,5493,0,1723,0
48880,46,2,2,-1,0,0,-1,0,0,7604,33365,4751,0,21456,19248,686,851,3734,0,0,0,0
94685,31,1,2,-1,0,-1,0,2,5,42947,35019,34236,63367,44606,4602,8223,3405,7137,24628,24247,314,0
63276,36,1,2,-1,-1,6,0,-1,-1,24464,33655,22063,22796,25331,21387,3312,4205,8206,18670,16560,0,0
162470,55,1,3,-1,0,-1,0,0,0,65486,93814,104668,65239,113783,97972,0,31690,44141,7274,60421,54201,0
48548,39,3,2,4,-1,1,-1,0,-1,29674,21539,19746,15253,9607,36554,2354,2620,3473,9362,2313,15303,0
190901,47,1,1,0,-1,-1,0,6,4,49895,117414,45882,135531,55419,111907,25114,10553,15603,11804,12363,16214,0
16576,30,2,1,0,0,-1,-1,-1,-1,6272,13851,7526,9953,9958,4526,141,966,1253,3974,0,355,0
25720,44,2,2,0,0,0,-1,0,0,16227,15837,24839,15344,11910,14739,7524,2735,4728,6059,1921,380,0
61062,33,2,1,0,-1,0,0,0,-1,44871,3664,36302,24005,43394,30723,37861,1279,10549,6997,6332,11783,0
101852,27,1,2,0,0,-1,-1,0,0,65778,50332,61233,23793,4902,51640,25725,6815,6371,3417,383,5806,0
234121,28,3,1,-1,-1,-1,0,-1,0,43376,188652,51453,121081,82914,53431,0,26126,19517,28892,0,1807,0
11542,48,2,1,0,-1,-1,-1,-1,-1,4015,968,5735,10184,3438,3490,0,246,2598,512,65,2055,0
47740,40,2,2,0,0,0,0,-1,0,19488,30224,5640,36282,37659,11799,5955,0,0,11417,20879,4664,0
46058,26,2,2,-1,0,-1,0,0,0,33284,19709,13507,18518,3171,32560,6758,2607,4067,978,683,5288,0
59294,48,2,2,6,4,-1,-1,-1,0,33448,27118,15139,5442,22660,18881,2536,17229,6369,1009,7884,7774,1
196144,29,2,1,0,0,-1,-1,-1,0,84224,120448,39850,103977,67820,156795,0,52175,22874,40619,9719,38423,0
98816,21,2,1,-1,-1,0,-1,0,-1,11493,19593,42455,48170,5350,55635,4031,3856,6652,0,1465,25457,0
19020,28,1,2,3,1,-1,-1,-1,-1,12034,6086,9041,9256,5029,14749,1421,3251,1598,2886,1155,0,1
234094,45,1,2,0,1,5,0,-1,0,33019,71973,109760,66311,59711,32216,17485,21687,53880,18962,11147,6858,0
228927,72,1,1,-1,-1,0,-1,-1,3,108128,123733,28938,56311,112927,3742,29170,56358,1966,0,42242,426,0
84705,34,1,2,-1,-1,-1,-1,-1,-1,59226,17592,39073,68654,31923,26127,4362,8331,7272,0,0,18765,0
18812,36,1,1,0,0,0,-1,-1,-1,9280,6970,4195,2111,5128,15225,3278,119,1535,426,989,4995,0
60789,34,1,2,-1,-1,0,-1,-1,-1,10962,31514,11568,27088,36203,48047,1121,5235,1312,2590,0,12124,0
49926,40,3,1,0,-1,3,0,-1,-1,8499,35890,16425,31293,27319,28706,6192,5039,4040,17583,10479,357,0
108797,59,2,3,0,-1,-1,-1,-1,0,76180,35309,33633,46064,14239,11997,18815,12516,6271,3950,3947,90,0
10000,38,3,1,2,6,5,4,0,-1,6012,3239,5236,3224,147,2421,2432,0,0,1528,0,0,1
26495,56,2,2,-1,0,0,0,-1,-1,12360,7665,17874,21256,7277,2897,4290,1752,1588,10664,2247,814,1
117996,69,2,2,0,-1,-1,0,0,-1,61942,66369,44832,7396,63675,50466,27617,37541,5812,907,0,15806,0
228178,72,1,1,0,2,0,0,4,0,157787,132136,92744,45899,130487,117489,61365,8776,31382,18816,3001,9531,1
69176,51,2,1,0,0,-1,-1,0,0,13986,22114,22078,30653,42393,18090,0,2960,2901,0,2295,2831,0
172005,59,1,2,6,4,-1,-1,-1,-1,69889,50903,65177,70788,100104,76147,41088,11580,16353,25911,0,5650,1
70560,70,2,2,-1,-1,-1,-1,-1,0,36539,4577,32541,30842,48095,47116,8482,84,2828,3056,9690,11250,0
74146,63,3,2,0,0,2,-1,-1,0,17272,37438,41354,28139,23083,32640,0,2952,20537,14004,6084,5055,0
38538,37,3,2,1,0,0,0,0,-1,2910,22133,27954,16220,12464,28558,0,3264,4830,8972,6263,14390,1
100753,28,1,1,0,0,-1,0,0,2,9626,24165,44896,50867,57385,76168,4275,1075,2050,991,23475,21881,0
18445,27,2,2,0,3,5,5,-1,0,11047,9715,2516,4676,5677,7537,1157,0,0,20,1160,729,0
122293,68,1,1,0,5,-1,-1,-1,-1,51242,38858,33955,63997,60584,17473,30156,182,12827,0,1711,0,0
25199,51,1,2,-1,0,0,0,0,-1,2458,12832,6268,3484,8534,5525,1032,1032,0,1392,0,2710,0
122184,37,1,2,0,-1,0,-1,0,-1,38154,53649,29159,80632,29912,113439,9462,15058,0,23869,4118,0,0
48304,39,1,2,0,0,-1,-1,0,-1,10520,21925,33315,23542,9760,10606,0,6749,2925,8732,176,1026,0
65906,36,2,1,0,0,5,2,-1,-1,27807,26641,8515,24687,29981,8952,5398,8939,640,312,7402,3001,0
22874,64,2,1,-1,0,0,0,0,-1,2074,21196,13893,6470,7018,4386,0,3155,2067,1969,145,333,0
45870,54,1,2,-1,0,-1,-1,0,-1,22129,8038,12977,30275,18749,5552,9459,553,6180,7186,9148,0,0
46060,68,4,1,0,5,-1,-1,0,1,11054,21619,14058,16656,10691,22126,0,6319,1401,0,0,4842,0
89631,37,2,2,2,4,2,0,-1,-1,46480,35367,30496,58159,69574,24059,0,0,1823,0,4800,1900,1
117598,46,2,2,0,-1,-1,0,0,-1,36509,97895,16985,73918,73615,82723,7823,0,0,0,0,21825,0
19534,27,2,1,1,0,0,0,0,0,2163,8989,7955,4423,17527,8562,361,0,2932,521,5751,194,1
14751,73,2,1,-1,0,-1,1,-1,0,8386,5573,10649,603,417,2997,0,263,0,44,37,212,1
22465,48,2,2,-1,-1,-1,0,4,0,21827,5963,12863,12546,10573,18799,7842,4303,912,2743,1199,9954,0
20900,50,2,2,0,2,0,0,0,0,11302,5609,12933,7960,8044,5877,68,817,4703,3488,1463,2896,1
120185,43,3,1,2,4,3,4,-1,6,10959,45436,29587,70732,34103,59169,5443,16199,0,44168,2708,33959,0
200513,35,1,1,-1,0,0,-1,-1,-1,13154,65150,93249,102120,52531,60382,5156,9677,57797,37625,16670,17835,0
22086,72,2,1,-1,-1,-1,1,-1,-1,5219,4103,16304,8430,11425,6466,2227,0,0,6432,3440,0,0
269606,47,1,2,-1,0,-1,-1,-1,-1,203252,88194,16495,106236,95564,51188,8479,48149,4578,0,8996,10419,0
95580,57,3,2,-1,-1,-1,0,0,3,18886,33863,23657,22579,58042,41511,3589,20889,2194,7734,11777,10911,0
18634,23,1,2,-1,-1,0,0,0,0,11728,1952,1032,2402,11929,7149,2435,397,687,866,0,3591,0
30100,35,1,2,6,0,-1,-1,0,-1,19599,19222,13626,1307,18264,13508,786,2728,672,303,2973,1382,1
10000,64,4,2,-1,-1,2,-1,5,1,2993,7223,3903,4564,0,5710,456,0,157,0,0,3326,0
45740,25,2,2,-1,0,-1,-1,0,-1,17821,5839,8989,13309,8996,19374,3369,3222,591,0,2613,1673,0
69591,26,1,1,0,-1,-1,-1,0,2,19948,24433,27306,51760,28707,33017,0,6327,8598,43291,7837,12242,0
69487,64,1,2,0,0,0,-1,4,-1,16712,30224,38626,44540,20674,43514,2770,0,8071,0,3911,7357,0
10000,37,2,2,0,0,0,-1,1,5,4890,1319,2515,5869,1731,6448,1503,321,1444,0,659,3867,0
10954,35,4,2,-1,0,2,5,1,1,5018,0,3764,6844,6082,5798,1007,0,327,1549,1299,2836,0
60362,51,2,2,-1,-1,-1,0,0,0,26417,20741,9511,13411,20003,15245,7769,9956,4636,4609,1818,1404,0
112899,31,1,1,3,0,-1,-1,-1,0,25333,42850,36261,94453,29106,35620,8605,4081,327,30289,0,0,0
10000,23,2,2,-1,2,5,0,-1,0,3072,1492,0,4828,9862,7986,1451,0,0,1901,1584,2901,0
17590,21,2,2,0,0,0,0,0,-1,12742,12051,6447,5450,1394,9213,6250,3242,1950,1909,626,1886,0
155500,25,1,2,0,-1,0,0,-1,6,23380,101924,59383,130795,32211,63338,7775,25661,4580,21521,5139,30412,0
12885,29,3,2,-1,0,0,0,-1,5,3225,2899,2741,2065,6049,8241,1237,0,1382,323,3217,2026,1
67826,58,1,3,0,5,0,0,5,0,33098,30428,21151,29910,22965,11848,8721,13763,13955,6096,6409,3674,0
11940,37,3,2,0,-1,4,-1,-1,4,3022,9930,3118,2879,5044,0,439,5309,690,136,593,0,0
95338,24,2,2,0,0,0,-1,0,0,37853,38627,16071,34463,37704,40955,3606,24739,3128,8618,8141,0,0
13669,21,1,1,-1,-1,-1,-1,0,-1,2699,1528,7855,13669,4011,0,900,969,4432,531,0,0,0
38423,46,2,2,0,0,0,-1,-1,0,19551,4952,12277,6535,16319,29668,0,2369,3544,2579,4029,1124,0
104010,66,2,2,-1,-1,-1,-1,0,0,40726,18394,65126,14160,84473,45098,19405,7851,28570,5538,0,28126,0
79859,39,2,2,-1,-1,0,-1,0,-1,37476,37454,24604,52436,37328,23525,0,0,3429,5473,13314,3089,0
33816,24,2,3,-1,0,0,0,1,0,7995,23897,18901,12314,7273,6195,1323,12711,5542,0,2914,1035,0
39242,33,1,1,1,0,0,-1,-1,0,13018,19420,22251,22869,11361,24363,2226,1586,7364,3857,1780,0,0
56962,47,1,2,0,0,-1,0,-1,0,19423,40272,21105,32257,25570,35126,2768,5791,0,10874,2396,0,0
17474,31,2,1,-1,-1,0,-1,-1,0,3168,7633,3946,12540,11156,3421,0,4949,152,5387,904,1608,0
63352,73,1,2,3,-1,-1,0,0,-1,12825,26883,4335,37673,23674,34635,1667,4021,525,7716,6874,0,1
64226,62,1,1,0,-1,0,-1,-1,0,17184,9927,6911,18329,49280,2682,8869,1370,0,2648,12000,302,0
35088,39,2,1,0,-1,-1,0,-1,0,17107,16961,21371,9576,8041,14541,6596,6161,6287,2672,1009,417,0
152779,72,1,1,0,-1,0,-1,-1,0,33485,61089,88827,91182,45262,41742,14770,16468,14324,0,18155,17789,0
20818,38,2,1,0,0,0,-1,0,-1,9862,2826,15184,13616,6101,15734,450,401,6652,4721,0,6422,0
12537,28,2,1,2,0,0,0,-1,-1,4178,7869,8066,868,3774,1647,2336,2630,2465,186,548,550,1
22540,71,3,2,4,4,4,-1,5,-1,13340,6339,12719,13810,0,6819,3439,2442,0,1176,0,2098,1
75786,72,1,1,3,1,0,0,0,-1,49121,8646,23241,44007,12906,42705,10997,5313,15215,6870,1898,27952,1
45008,37,2,1,0,0,0,-1,0,0,14959,23191,6851,21562,20411,23791,1554,6563,2406,2234,5768,11327,0
30406,53,3,1,-1,0,0,0,0,0,15197,7719,14350,4312,22867,11593,4220,3932,2678,0,3049,0,0
19908,30,2,1,-1,0,0,6,2,5,3963,7164,4698,8201,6464,14574,2192,1059,2280,999,1545,9121,1
22336,55,2,1,0,0,0,0,0,-1,6587,11992,108,6795,6625,5156,0,1764,52,831,2696,958,0
33167,58,2,2,-1,-1,-1,0,-1,-1,3783,9779,7570,16711,26095,10239,0,4375,2459,6919,4704,3321,0
43595,59,1,2,0,0,5,-1,2,0,35498,13329,21765,4215,6965,24288,0,1958,6497,1567,2807,4876,0
165204,51,1,1,-1,-1,0,-1,0,-1,72473,92923,95899,107214,87265,30798,0,43272,20681,0,0,3256,0
60544,59,2,2,0,0,0,-1,-1,-1,10040,45449,9976,26682,15522,24104,6741,20138,6685,2104,6448,288,0
44820,50,1,1,-1,0,0,0,0,-1,30563,7622,34740,4271,14090,18503,15730,2510,0,875,10637,678,0
82399,65,3,2,4,5,5,-1,0,-1,7662,32859,11668,14180,2546,51031,434,12538,7507,0,319,0,0
70054,30,2,2,4,1,0,1,0,-1,29971,14344,36366,37848,38323,42273,12824,1362,16375,2991,0,5976,1
23165,47,1,1,-1,-1,0,1,0,-1,9263,2207,13882,14797,10679,20163,3718,401,2267,1699,1116,4702,0
10000,43,2,1,-1,0,-1,0,-1,-1,6205,5983,739,4813,1307,1608,4148,4243,384,1829,511,437,0
16966,49,2,2,1,0,0,-1,-1,3,5402,4540,8221,3263,12937,3054,356,448,2291,872,0,858,0
110461,28,1,1,0,-1,-1,0,2,0,26842,27223,25698,31855,81183,35961,12793,5382,10738,11375,2565,27495,0
70018,38,3,1,-1,-1,0,-1,-1,3,58220,23332,34057,15345,34730,48615,2802,8802,9233,3277,715,1959,0
12988,72,2,2,1,0,0,3,0,0,5157,1425,2278,2104,5570,10162,2495,197,995,0,1275,681,1
83026,26,2,2,-1,0,0,0,0,-1,6801,5477,23663,18041,25593,44091,421,2446,0,3410,13132,0,0
56382,55,3,1,0,-1,1,4,5,0,26387,27688,19973,29102,10031,17565,6402,3174,5679,9621,145,8280,0
149646,56,2,2,0,-1,0,0,0,-1,40888,61437,74380,51592,79323,30754,0,2986,16881,14973,2358,1571,0
104853,46,2,1,-1,0,3,4,0,0,17680,81941,65158,18353,52226,50449,1932,43202,43791,3139,12188,27020,0
202395,22,1,1,-1,0,0,0,0,-1,54686,46002,56799,137064,129630,32110,9139,21764,23194,58905,0,2532,1
101434,22,1,2,-1,-1,-1,-1,-1,-1,8155,48380,16080,53162,46901,61475,3089,0,3264,0,0,13564,0
70540,35,2,2,-1,4,3,5,-1,0,6130,4773,13337,32482,23221,45093,1007,245,4815,7245,9538,13477,0
37427,26,2,2,-1,-1,-1,0,-1,0,20221,27305,20090,10865,20630,14155,583,770,2860,3301,453,11251,0
94485,26,2,2,2,0,-1,0,-1,0,12483,39374,10057,79425,62867,19413,7572,6011,896,10033,2402,0,0
16883,29,2,2,-1,-1,-1,0,0,0,3987,0,4489,4085,13303,1356,1130,0,0,300,1932,204,0
43873,31,2,2,0,-1,4,3,-1,0,29979,8848,27767,24609,34587,7118,8069,1237,23378,847,22234,0,0
52850,66,3,2,0,-1,-1,2,2,5,37859,13337,52850,13103,20878,18386,577,1916,17101,1030,3914,5856,1
105862,55,4,1,-1,0,0,-1,0,0,40273,58593,63918,31148,44170,84978,9338,6133,22013,6184,19569,15350,0
46822,22,1,2,0,-1,1,0,-1,-1,28612,20184,33740,13812,23514,31318,4782,6121,11275,4527,8147,0,0
74353,54,3,1,4,0,-1,0,-1,-1,28957,61060,50259,43182,68181,36641,10116,7754,25346,3930,42486,6416,0
41867,28,2,2,-1,-1,2,-1,-1,-1,25697,27710,20152,20958,15372,15822,8865,0,0,6865,8847,8193,0
151163,43,1,1,0,-1,-1,-1,-1,2,97663,87804,64615,88612,71930,68755,0,18114,24112,32657,27238,7426,0
36148,23,1,2,0,-1,-1,-1,0,0,13050,4952,5682,29800,20253,16666,5553,0,759,1512,4243,4486,0
122669,25,1,2,0,-1,-1,0,0,1,46497,48051,60211,34962,48135,68939,0,6587,9498,11545,7645,23222,0
45420,28,2,2,0,4,-1,0,0,6,32658,12281,23617,21142,10936,16147,7570,4973,139,14338,2038,0,0
18994,44,2,1,-1,5,3,0,0,0,10372,18994,4765,1038,4044,8438,1380,0,0,140,347,971,0
43363,46,2,1,-1,4,3,0,-1,-1,9665,8623,28549,15592,16264,4977,1458,643,7453,2761,8488,2232,0
141120,40,2,2,0,0,-1,0,0,0,102668,56306,29671,67661,22618,55904,39193,6328,6029,25784,1944,9065,0
30366,54,1,3,-1,-1,0,0,1,0,14658,6086,14332,22080,13794,15262,5954,620,1041,0,3917,3845,0
14951,59,2,2,0,0,0,0,0,-1,0,5018,10468,6703,4986,3122,0,579,2751,2502,702,133,0
47208,60,3,1,-1,0,2,0,-1,1,22062,24231,20744,11720,20596,7422,4873,4543,0,4583,0,4134,0
10000,52,3,1,-1,-1,2,0,0,-1,4540,1803,7323,6717,5993,604,1336,491,3302,3398,2078,0,0
171216,50,2,2,0,-1,0,-1,0,-1,27030,70239,58288,105485,25174,50314,8635,6610,32276,23162,685,10960,0
234920,47,1,1,0,-1,-1,0,-1,-1,79822,146382,96134,90891,89052,115094,0,13570,37504,7743,58863,3239,0
157486,33,1,2,0,0,0,0,-1,0,70569,35170,69241,79652,465,48594,0,0,10848,0,102,0,0
68015,47,1,2,0,0,0,-1,0,-1,6153,35659,12366,12877,49116,10433,613,21753,1835,9703,5399,1189,0
185670,21,2,1,-1,2,-1,3,-1,0,148547,94731,104709,112121,84845,114927,46082,10182,60388,52414,13634,25455,0
201356,73,1,1,0,0,-1,0,-1,-1,66340,92259,125578,24290,57847,137857,22289,61967,12462,4863,28735,11731,0
22407,40,3,1,-1,0,6,5,1,3,10662,2823,15701,13752,11724,10411,0,484,6414,803,1358,6142,1
154982,61,2,2,0,-1,-1,-1,0,0,27043,84221,73888,88150,54153,113799,945,28683,30686,4763,2912,0,0
23639,72,2,2,0,-1,0,-1,0,-1,14348,6038,6895,7575,13287,10786,101,2602,2120,813,343,2043,0
58620,47,1,1,0,0,0,-1,-1,0,21797,15211,20192,7935,14976,21119,10908,5147,2090,2865,5813,4004,0
11675,67,2,2,-1,0,5,0,0,-1,4141,0,4447,4302,6169,0,1157,0,0,0,881,0,0
55090,46,2,1,0,-1,-1,-1,0,-1,15569,27506,12380,20955,37391,18594,0,3164,3961,2412,11745,1617,0
38730,28,2,2,-1,0,-1,0,0,-1,11711,4074,3245,7213,13506,3472,4549,650,1295,0,0,0,0
47796,22,1,2,0,0,0,2,3,0,24913,34207,7103,7173,24672,4630,14867,3099,3736,0,5554,2402,0
30055,28,3,1,0,2,-1,2,-1,-1,4716,7014,8626,4770,9308,12693,1299,1883,0,3361,1794,4801,0
43167,71,1,1,0,0,-1,-1,-1,0,17144,31213,19439,4617,9107,11253,5656,8331,0,2654,2418,1274,0
70955,46,1,2,0,-1,-1,0,-1,5,18595,24153,18722,53590,21201,47596,0,6127,12658,16999,1186,0,0
95815,38,4,1,0,0,-1,0,0,-1,53429,52587,17126,25228,27466,40124,0,6963,1521,5170,2678,4655,0
29348,45,1,1,-1,4,0,5,0,-1,7956,14536,9034,6289,10653,4737,1108,0,5074,873,3307,2048,1
136829,34,1,2,0,-1,-1,-1,-1,-1,10510,95284,18357,70120,34312,73520,4505,16490,8588,0,12876,11165,0
58232,68,2,2,0,0,1,-1,-1,-1,18723,11730,9152,29060,4723,30236,4335,0,641,0,0,16630,0
66124,74,2,2,0,0,-1,0,-1,0,23576,13135,15482,49333,46479,39021,4705,2876,0,15154,5586,20291,0
66963,25,1,2,0,0,-1,-1,0,0,26710,32934,43545,20994,19457,34824,18658,23451,0,3551,2098,1068,0
38659,59,1,2,-1,0,0,-1,-1,-1,6951,14655,12440,15156,11946,8264,275,7172,0,10676,552,2343,0
97964,39,1,1,-1,0,6,-1,-1,-1,50290,8699,29708,19279,20287,40394,9418,1004,3772,3363,6438,9195,0
74240,23,2,1,0,-1,0,0,0,0,50078,36376,51246,36950,20008,33285,9532,1629,0,1411,1650,6990,0
36174,70,1,2,-1,0,5,-1,0,-1,15571,17418,21258,8053,12912,10058,11635,3970,5897,2090,2299,0,0
16800,24,2,1,0,0,0,0,-1,0,2449,6013,1385,4340,7492,8082,674,3206,338,551,2515,3255,0
36738,32,3,2,3,-1,0,2,4,4,19037,1566,10553,8200,12697,9311,4056,38,1489,419,3536,1144,1
125523,22,1,1,0,0,-1,-1,-1,0,46025,59350,55600,6337,48291,18407,26485,38903,20827,956,9382,8493,0
153360,46,1,1,0,0,-1,-1,4,0,100218,16406,98541,27224,29151,87983,0,6842,19414,5244,9457,0,0
179715,53,1,2,0,0,0,-1,0,-1,103019,59845,75679,34342,98967,109155,9894,11648,27165,8692,20353,66353,0
92372,38,1,2,-1,-1,0,3,2,-1,24756,40865,45533,48993,28534,39080,6216,5383,9275,23592,1540,15460,0
55597,24,1,1,-1,0,-1,0,0,-1,26437,27143,31096,5240,18464,5436,3874,12245,9410,0,1866,2310,0
48936,27,2,2,0,-1,0,0,0,0,40880,28550,17330,30345,45016,20693,0,12497,2848,13324,0,0,0
25385,71,1,1,0,-1,0,0,-1,0,9480,13583,5048,17876,13873,17689,2084,0,534,6304,5581,6453,0
28392,64,2,1,0,4,0,1,-1,-1,21709,10803,4436,4886,2743,9429,12621,0,0,2731,0,0,0
46976,71,2,2,-1,3,-1,0,-1,-1,5760,4462,18379,31672,20219,14371,345,0,5326,3483,7465,3034,1
27722,49,3,2,-1,3,5,6,4,2,9056,11392,18118,7047,17400,9829,1265,6704,3936,841,5674,1420,0
73871,50,1,1,-1,-1,0,0,0,-1,50248,15706,29127,56008,11499,39853,21424,9070,12931,16800,339,27096,0
22847,63,1,1,2,-1,2,3,0,-1,6482,3782,12308,2151,14277,11092,472,1785,1417,330,3352,3053,1
13658,54,3,2,0,0,-1,0,0,-1,7034,3423,2559,10938,3821,7292,2269,307,0,0,483,3022,0
127637,44,1,2,0,0,5,0,-1,0,31688,45781,51463,37216,25860,69327,0,6108,37307,3887,16319,62540,0
25167,36,2,1,-1,-1,-1,0,5,3,5891,216,3090,14953,367,12159,525,22,154,5898,40,0,0
28539,47,2,1,-1,0,0,-1,-1,-1,11265,11798,13235,12062,21285,9068,0,6214,395,876,4862,3450,0
52893,24,2,1,-1,0,-1,3,-1,0,27544,11905,40670,16308,9181,10430,0,6516,7481,6852,392,2226,0
32582,31,1,2,6,-1,0,0,0,-1,7228,21721,18868,8208,9159,8177,604,0,7040,5059,0,2348,1
166297,60,1,2,0,0,-1,0,0,0,108391,38558,70427,53382,116288,13866,16770,0,24819,14934,69387,0,0
17935,67,2,1,0,6,-1,2,-1,0,11703,17726,3252,747,10569,7619,218,3173,539,351,2533,3786,0
49080,26,2,1,0,-1,4,0,0,0,20853,29418,4755,7904,10897,26366,4537,1290,1683,580,5150,9188,0
26933,26,2,1,-1,-1,0,-1,-1,0,7720,16605,9189,15586,9624,7534,1031,0,1065,4718,2492,3097,0
55545,25,2,2,-1,0,3,0,0,0,40810,13707,31889,17109,8038,28564,6133,1665,2514,7520,4357,0,0
23048,63,3,2,0,6,4,2,6,0,2355,13782,14667,2316,2394,4609,323,7303,0,0,0,504,1
33671,37,3,2,1,2,2,0,0,-1,6570,18881,8327,5370,17360,19131,0,482,4951,1211,2565,0,1
130225,38,2,2,-1,-1,-1,-1,-1,-1,72188,67883,58442,107852,70239,32250,17375,18936,366,26069,18511,14716,0
39597,21,1,1,-1,2,-1,0,0,-1,19670,15301,20019,6308,19268,17055,3609,9525,8118,1072,10149,8724,1
28096,73,2,2,0,0,-1,-1,0,-1,11825,6513,2148,10984,15773,13322,5220,0,772,1623,5007,4625,0
38073,44,2,1,4,5,0,-1,0,0,12702,3871,10713,15371,12784,25908,0,1028,7981,0,4591,6025,1
159406,64,2,1,-1,0,-1,-1,0,4,119981,62645,41468,47535,70747,71498,54087,24802,10908,8449,7029,37346,0
63874,59,1,2,0,-1,-1,0,-1,-1,51783,55624,43094,25932,17063,39600,3202,22900,15673,1880,2654,15519,0
131578,28,2,2,0,-1,5,0,-1,-1,110582,70101,26088,29410,95542,4052,17033,43889,6311,15142,22490,236,0
59572,64,1,1,-1,-1,0,0,0,0,30482,27356,26159,31141,41924,34642,4087,0,313,0,26003,11674,0
177758,50,1,2,6,6,0,0,-1,0,105347,98269,56335,93150,102074,112962,0,74133,3683,25072,0,0,1
47535,53,3,2,-1,-1,0,6,-1,0,27472,19865,26588,27308,7457,11453,10183,1421,4497,9212,2852,1434,0
76393,31,2,2,-1,-1,0,0,-1,0,28056,21213,36641,22856,14710,17081,5585,0,5161,5894,0,7327,0
15543,66,2,2,0,0,-1,-1,-1,2,9218,9632,4190,1832,3165,11526,3983,3322,1221,442,258,3406,1
13803,71,2,1,-1,-1,0,0,-1,0,4571,5715,11335,1699,3841,7851,456,749,1672,512,1158,610,0
115400,42,2,2,0,0,-1,0,0,-1,49666,73583,35476,25962,80230,31688,0,19076,11610,0,12958,16801,0
159961,25,1,1,0,-1,-1,0,-1,-1,78446,26955,81106,100121,111989,30839,0,2194,16816,2611,8430,2104,0
340157,66,2,1,-1,-1,4,-1,0,0,136255,183859,35910,178107,184395,143088,45243,61900,5419,14309,16960,40314,0
20904,68,1,1,-1,-1,-1,0,-1,-1,14775,16846,5334,4871,6128,15647,1471,2467,0,0,0,4183,0
72304,48,2,2,-1,0,-1,-1,0,0,26889,45133,56910,5227,32120,31452,9095,0,1773,381,3525,9039,0
30254,52,1,2,-1,-1,-1,-1,0,0,1948,3645,3505,12139,9031,6645,413,357,880,3386,4014,2503,0
18974,33,4,2,0,4,-1,-1,0,0,11593,0,1645,0,9068,7355,1688,0,582,0,2334,1887,1
32800,24,2,2,-1,0,0,0,-1,-1,23307,4095,14922,17431,1610,17747,822,874,2726,10358,545,1279,0
66561,71,2,2,-1,0,0,-1,0,0,29140,31547,15383,43520,57494,23586,0,6204,1544,8443,16912,664,0
40346,47,1,2,0,-1,-1,-1,-1,0,33814,5025,35583,6441,24320,21067,0,1732,8477,0,8872,1390,0
50358,35,2,2,0,-1,-1,-1,0,0,17389,15068,26680,7582,17175,24705,1480,0,16862,1979,1758,4586,0
95380,58,2,1,0,-1,0,-1,6,3,48498,43960,46343,58483,31765,25299,4821,2881,23225,1014,15608,0,0
120858,22,2,1,-1,-1,0,0,0,0,50226,58780,46802,35792,29812,46951,31346,8329,11882,6644,20327,11462,0
85312,25,2,2,0,3,0,0,-1,-1,63062,60538,18470,44935,45502,42610,23458,39434,1895,3248,0,5095,0
49257,34,3,2,-1,2,5,-1,-1,0,23158,11217,26836,8205,28626,21006,19014,3583,11230,1418,4075,406,0
43769,45,2,1,0,0,-1,0,0,-1,20913,9340,27887,0,6142,4733,0,581,0,0,2411,995,0
31096,40,2,2,0,-1,0,-1,0,-1,5569,6367,16572,5863,12389,13609,764,592,3462,2932,3912,3268,0
75448,31,2,1,0,0,0,5,-1,-1,25866,49673,40428,54659,12812,23874,0,16020,2169,22155,0,4365,1
21147,39,2,1,0,0,-1,-1,0,-1,6702,6778,16057,7465,14035,10425,1146,1562,3571,1156,2673,861,0
53922,39,2,1,0,-1,-1,-1,4,4,41593,9440,39854,33233,12232,4662,12256,2369,18325,12399,6568,1829,0
20732,49,2,1,0,4,0,0,-1,0,15895,4498,1535,3933,16987,12037,1246,1970,615,1609,7378,3704,0
66399,51,1,1,-1,0,-1,-1,2,-1,57173,29276,49895,21100,30016,28340,3895,108,25473,5164,3338,5570,0
29540,68,1,2,0,-1,-1,-1,0,-1,10733,17047,16897,17750,16149,6863,0,8346,2249,3144,4092,1072,0
49812,64,1,2,0,0,-1,-1,-1,0,22888,14342,15026,6165,42119,13899,9917,3733,4903,349,22427,0,0
19981,36,3,1,0,0,-1,0,-1,0,12767,7184,0,8978,8733,13749,7152,2322,0,0,3819,1535,0
25919,69,2,1,-1,0,-1,0,-1,-1,6763,14019,15458,14406,3243,7733,3426,5457,3116,941,0,0,0
45711,49,2,2,0,6,0,-1,-1,-1,18652,26809,16757,10732,23698,14640,112,5997,0,3534,9514,816,1
10000,31,2,1,0,3,1,0,-1,-1,1147,0,5276,8172,5442,7096,155,0,1056,0,1098,1783,0
11591,39,2,2,-1,-1,-1,0,0,0,8659,1924,3399,2831,6011,3410,2328,251,924,976,1248,1514,0
65270,61,3,2,3,0,0,-1,-1,0,7907,32982,20660,22548,30380,31362,596,878,1583,1405,13699,19919,1
38611,65,3,2,5,4,0,-1,5,-1,19741,21487,20831,10123,13316,31250,11341,12968,2952,2901,6741,13209,1
19237,41,3,1,4,-1,0,2,4,4,13769,4901,4976,7337,4260,4560,6096,0,856,596,839,352,1
74790,29,3,2,-1,0,-1,5,4,1,22375,49917,8991,17108,15078,26586,0,21692,2020,2558,0,14312,0
41156,31,1,2,-1,-1,-1,0,-1,0,17743,21320,7795,597,31639,9757,6858,515,234,222,0,0,0
43162,26,1,2,0,0,0,-1,6,0,8609,14597,9854,17091,8096,9873,4854,5714,4541,0,634,2785,0
26194,58,2,2,5,0,4,-1,0,0,7150,11050,6930,2886,19465,10775,1325,1136,3306,1143,12590,2449,1
225324,48,2,2,-1,-1,0,0,-1,0,90982,92392,70946,93121,61880,102338,25977,0,0,28740,11632,16153,0
82830,45,1,1,-1,3,-1,-1,5,0,25104,50587,20144,6840,32308,75506,13969,0,4634,1849,15868,42877,0
57329,57,2,2,0,-1,0,0,4,-1,34988,27563,31104,8001,26046,13673,0,8504,4082,438,1813,3782,0
99667,65,1,2,0,2,2,-1,4,-1,46906,49391,29422,48053,17799,32464,4159,23563,1687,2699,0,8138,1
15588,63,1,2,0,-1,0,-1,0,0,10925,9390,9486,3839,8903,8399,4288,2669,3422,819,2685,2936,0
42670,28,1,2,0,0,0,-1,0,0,20480,20565,8746,5671,8277,18270,0,1353,6193,730,2766,3629,0
49380,52,3,2,-1,-1,2,-1,5,3,8289,10347,31053,14306,13156,27809,0,1985,7106,7868,577,13499,0
48859,68,2,1,-1,-1,-1,1,-1,-1,9557,22102,8572,13594,16242,20843,172,5644,3625,0,0,0,0
286168,62,2,1,0,0,0,3,3,0,236632,80541,243524,99861,74033,146471,94995,0,90936,20409,12905,0,0
31947,38,2,2,-1,0,0,-1,-1,-1,23899,23175,12828,4761,6190,9941,0,0,8152,2120,1264,0,0
104249,42,2,1,-1,-1,0,0,-1,-1,49150,75182,40210,33922,45215,37459,21326,44942,18858,5378,15281,16808,0
93414,69,2,1,-1,0,0,0,-1,-1,35074,40875,65123,54050,11803,44056,9451,19030,20005,3664,2761,2336,0
54954,22,2,2,0,3,-1,0,-1,0,15408,42775,11771,8091,36258,15948,0,11262,2256,1391,19893,0,0
88964,49,1,2,-1,3,2,3,5,0,12258,26894,28146,32041,50906,30233,3623,4577,0,19769,5132,1089,0
38864,27,2,2,5,6,4,-1,-1,-1,24901,30047,13984,15590,23572,19939,5635,11876,827,0,3612,7743,1
14156,69,1,1,0,-1,0,6,-1,0,6881,6274,13383,6294,12393,9014,1435,3908,9368,3063,3109,3856,0
64818,23,2,1,2,0,-1,0,-1,-1,40370,16778,13995,14627,61365,16992,7815,0,4467,622,27173,0,1
69060,22,2,2,-1,0,0,-1,-1,4,12923,24486,25278,37841,34221,39799,0,1582,8189,11237,6362,7280,0
109643,38,1,2,-1,-1,-1,0,-1,0,48827,12192,46999,49283,74824,14681,14911,1873,12038,10309,48948,0,0
51558,31,2,1,-1,-1,-1,0,5,0,15982,5973,21210,37797,10731,11541,6152,741,2112,10157,5862,4849,1
106544,47,2,2,5,-1,0,0,-1,0,40812,20913,35801,52300,28130,14510,17291,0,5299,6274,2241,0,0
24519,37,2,2,0,0,-1,-1,0,0,9773,0,21785,15180,6876,0,3587,0,6422,5645,2710,0,0
222166,40,1,2,0,4,0,-1,-1,0,69676,155434,74377,24649,173750,132906,1333,43044,2188,2443,64072,38172,0
31136,51,1,2,-1,-1,-1,-1,0,-1,22588,13178,17862,8542,10347,16429,5857,1346,1331,3498,244,4987,0
44969,51,2,1,0,-1,0,0,-1,-1,32248,25894,7222,11343,24274,33722,4335,0,965,2289,9712,0,0
59161,71,3,2,-1,0,0,-1,0,5,31787,48311,10136,5334,25258,5674,8149,15006,0,0,6799,0,0
22728,46,3,2,0,0,-1,0,-1,3,13846,12387,8703,5404,12638,1845,737,3744,655,0,4367,114,0
124950,51,1,1,5,-1,0,0,0,-1,81703,53482,88007,16577,91846,11573,26242,31906,23468,0,61791,1836,1
37263,57,2,1,0,0,-1,0,-1,-1,3582,0,13560,19081,16300,13375,0,0,3048,0,3945,2392,0
53879,30,2,2,0,0,-1,-1,-1,-1,10875,20021,22508,14016,17528,19073,2612,2158,6060,2352,6621,1433,0
29685,57,4,2,-1,0,0,-1,-1,-1,4673,3628,13669,929,5218,7810,532,87,3657,295,1471,3159,0
43261,67,1,2,0,-1,0,0,-1,-1,8579,13608,30993,7930,16704,10724,2180,0,11292,2165,3023,1741,0
296813,38,2,1,0,0,-1,0,-1,0,94963,119123,27750,142894,190093,190506,14177,39688,12702,44863,0,107680,0
25039,30,2,1,0,0,0,0,-1,0,0,15238,4046,8274,23279,3129,0,1358,1904,1979,9786,609,0
11021,39,1,2,0,0,-1,0,0,-1,1552,5434,11021,0,3201,5052,309,2180,8984,0,580,1839,0
36082,35,1,1,-1,0,0,-1,-1,0,4719,5249,8011,15443,6514,9746,1711,0,0,1175,1151,2882,0
76229,52,1,1,0,-1,0,-1,1,-1,16670,29295,44656,35318,47254,26705,6107,0,21971,4310,0,2534,0
36261,67,2,2,0,-1,-1,-1,0,2,9050,14696,19861,9278,16142,5779,3673,2194,8891,101,3296,1869,0
110731,53,2,2,0,-1,0,-1,-1,0,71676,15590,7929,62347,70927,57378,22884,4248,138,0,27755,7598,0
107553,27,2,2,0,-1,-1,-1,-1,-1,44357,74245,67189,15653,42679,77311,5070,2000,16983,2675,0,14087,0
53197,37,1,1,0,0,-1,0,1,1,15853,15882,21022,1776,41463,29166,3047,712,1898,203,11421,0,0
10000,58,3,2,5,3,2,6,-1,0,5717,2263,4024,3313,4224,2576,281,446,1956,898,1487,699,1
17561,38,2,2,-1,-1,3,-1,0,-1,6239,6918,4558,5344,5460,6490,290,1413,515,1491,645,2680,0
33441,52,3,2,0,5,3,0,-1,-1,22288,16649,21537,7749,7695,10373,5594,4226,2656,384,1300,666,0
19630,58,1,1,-1,-1,2,0,3,0,10253,1926,8828,5488,7357,3723,1189,999,1704,1527,2012,531,0
25567,38,3,2,0,5,0,5,3,3,9153,14190,9366,11580,5165,2952,1334,4270,0,3583,3021,116,1
106976,55,3,2,-1,4,5,0,0,1,62706,17719,35177,20203,43490,86405,17148,12982,1369,1706,26227,37763,0
45143,42,3,1,-1,0,-1,0,-1,0,8838,9729,19386,28901,5973,27900,2580,3531,5186,12043,2107,3719,0
50844,28,2,1,0,-1,0,4,-1,-1,31641,30695,36834,15109,18463,27711,6186,7371,4761,0,3413,8996,1
21319,41,2,1,0,0,0,1,5,0,0,8421,6948,8983,9838,17346,0,2797,1218,1659,721,6355,0
56692,44,2,2,-1,-1,0,0,0,0,15997,48582,8136,18705,15384,4441,10574,1471,2508,9354,2894,0,0
39862,21,2,1,0,0,0,0,0,-1,5477,10024,21689,23398,17962,11693,1794,0,8643,3540,5292,3746,0
59332,69,2,2,5,-1,0,2,0,6,31999,24684,4147,1188,8869,32204,10091,0,175,296,5761,707,1
61390,49,4,1,0,1,3,3,-1,0,49026,16030,37443,9013,23940,23024,8719,7334,11951,6300,4617,6226,1
140782,22,1,2,5,0,0,0,-1,-1,39693,56094,73365,115032,21514,14311,3011,10695,40944,0,3410,2709,1
54345,67,2,2,-1,-1,0,-1,0,-1,5129,22184,11293,14507,35329,10701,0,11166,0,2317,5560,1150,0
51681,67,3,2,2,-1,-1,-1,-1,-1,16231,21170,41178,37654,44638,19823,5343,3972,12075,11674,14126,0,0
45564,21,1,2,-1,-1,0,0,0,1,30180,39300,10003,16685,43283,38016,5786,0,1241,0,6475,9158,0
169825,29,1,2,0,-1,-1,0,0,0,54692,106432,81704,85903,31605,11210,7394,23446,5392,22751,8249,1849,0
33751,40,1,2,-1,-1,-1,0,-1,0,9246,16805,7736,15543,13435,13485,2405,13053,1395,1396,0,2631,0
41523,48,2,2,0,-1,-1,0,0,-1,16737,10650,23232,18623,22401,2886,0,661,4270,3433,4257,448,0
92283,60,3,2,0,-1,0,2,5,4,14181,46203,49836,33866,62368,34958,3958,3718,23811,15842,0,8851,0
46683,43,1,2,-1,-1,0,6,-1,0,23072,9080,8190,18831,31797,18701,1283,1002,2620,6616,10200,8503,0
16770,54,2,2,0,-1,-1,0,1,0,5686,9737,4810,11422,7921,6245,0,4826,2821,0,1996,2754,0
35291,21,2,1,5,2,-1,2,0,-1,15480,15110,10885,16166,15767,5033,2036,8418,5125,5244,3003,0,1
149251,56,2,2,6,2,-1,-1,0,0,76764,107725,82609,70601,44263,72465,0,13014,22451,17404,7997,48573,1
10000,70,2,2,0,-1,0,0,-1,-1,10000,3581,4457,4125,4236,2726,1345,1253,416,163,1352,1091,0
37243,49,3,2,-1,-1,2,-1,0,0,12056,30828,21168,34,11580,7597,1389,5907,5426,11,1470,447,1
41326,45,1,2,-1,5,-1,0,0,0,9966,25347,5195,13924,16157,19714,2812,5885,2697,3483,1873,3654,0
60015,37,1,2,1,-1,0,0,0,0,8732,35834,16690,23942,16355,34072,3461,9282,2581,9603,4281,2924,0
37092,72,2,2,-1,-1,-1,0,0,0,15611,12812,12065,17182,11124,14685,7068,350,4896,2023,826,5863,0
105702,22,2,1,-1,0,-1,0,0,0,25020,26159,47882,40264,65601,13303,12760,4165,7551,8626,10650,9156,0
51177,36,2,2,4,-1,0,-1,3,0,20675,33638,32389,23303,45309,6112,1425,781,15331,7587,5558,0,1
154029,28,1,1,0,0,-1,1,6,0,40403,91106,50371,63012,51232,55842,2827,17657,0,26902,19111,8770,0
191717,67,1,1,0,-1,-1,-1,-1,0,62417,131811,47745,63432,22364,67546,23453,22312,1044,7921,6156,0,0
35145,47,3,2,-1,-1,4,3,0,-1,15334,6084,5760,14611,0,15736,4408,876,571,5130,0,883,1
51476,70,1,1,-1,-1,-1,-1,0,-1,33203,19675,12608,16056,7967,25478,3045,11409,7182,0,3736,12115,0
66286,56,2,1,-1,-1,0,-1,0,0,11353,39061,10821,14582,16186,34398,0,15131,2264,4178,3031,8501,0
77354,51,2,1,-1,0,0,0,-1,-1,49549,19583,9621,34933,13692,61659,5852,5264,4708,16490,8914,12036,0
27278,48,1,3,0,0,-1,0,0,2,5379,17328,1538,12090,16925,8471,1270,0,137,5123,5640,5378,0
82894,31,1,2,3,4,6,0,-1,-1,8899,6358,60623,28013,38706,20013,30,1200,15067,5707,27361,1536,1
40020,51,2,3,-1,-1,0,2,-1,0,31549,10915,28689,10126,5050,13564,16853,3503,3265,2833,1531,0,1
35021,58,2,1,2,-1,0,0,-1,-1,26850,10200,5409,15196,27501,15367,14427,2636,1308,765,485,4881,0
39486,73,1,1,-1,-1,3,-1,0,-1,16178,1162,5039,12274,6875,9014,6759,0,1399,1568,1253,0,0
29715,50,2,1,-1,5,3,0,-1,0,18034,29715,23071,16088,21618,10978,2921,5103,3200,0,3119,1136,0
187397,71,1,1,1,0,-1,-1,-1,-1,47012,48708,58419,117166,69530,84548,22276,3387,17816,1843,19266,33994,0
51291,72,1,1,0,0,-1,0,0,-1,26845,31981,28190,30530,38996,26567,4359,6123,8566,17589,3545,3965,0
171352,49,1,1,0,-1,-1,0,-1,-1,54145,48361,39673,77290,50505,74762,20191,27850,14868,4483,9082,0,0
76213,44,1,2,0,-1,0,-1,-1,-1,57751,4419,54088,17816,14674,8260,34147,2492,12538,7636,5156,1046,0
19807,28,2,2,-1,1,4,4,-1,-1,7151,13508,8308,7402,3247,18919,0,0,1523,1362,738,958,0
39972,35,3,1,6,3,0,-1,-1,-1,6988,25472,16136,3839,23614,19162,425,5334,0,636,4810,1399,1
26532,68,1,2,1,-1,-1,1,-1,0,9831,11143,6325,5434,19940,12613,2309,7919,3310,1701,7845,1107,0
79675,28,2,1,-1,-1,-1,0,0,6,46000,40746,7771,53869,16736,40981,13245,19215,569,33116,5359,21216,1
41513,42,2,2,0,0,-1,-1,-1,-1,15180,0,365,36427,29773,20475,4124,0,113,8301,4218,7385,0
97163,58,2,2,-1,0,0,0,0,0,37109,52458,19278,34997,60699,32103,0,0,2741,7174,34453,981,0
154328,33,2,2,6,0,5,-1,-1,-1,77265,47092,46349,104369,46052,71216,9305,4575,26828,20597,22186,6578,1
17123,73,1,2,0,0,0,0,0,-1,5987,5727,14681,4329,5147,7022,828,1233,1530,750,442,1447,0
33897,56,2,1,-1,-1,4,6,-1,-1,9020,13009,20820,16896,2869,14676,786,2190,8128,0,532,6228,0
26079,22,1,2,-1,0,-1,-1,0,-1,12557,2693,15912,1471,5220,9145,4366,122,7933,600,1175,1865,0
275573,34,2,2,0,-1,0,-1,-1,0,138859,31912,100289,219480,68111,59312,38934,5916,19280,26449,19097,23495,0
48253,60,1,2,-1,0,0,0,-1,0,14640,9216,10698,28884,11391,19869,259,3082,2396,9781,909,1356,0
17118,67,2,2,0,-1,-1,0,0,-1,12993,10439,4091,13986,1184,8359,2783,941,825,2836,395,0,0
294275,71,2,2,-1,0,-1,-1,0,0,11503,191609,129474,264173,163259,171474,3284,60735,42026,57721,92643,27821,0
27423,66,2,2,0,-1,0,-1,0,0,7904,21015,7128,13554,1675,13979,0,9099,2936,4538,207,0,0
18750,25,1,3,-1,0,1,0,0,0,5918,4449,6782,0,10984,3989,1409,3331,1974,0,3306,1194,0
19404,60,2,1,0,0,0,-1,0,-1,6314,10450,11629,3086,14252,0,1807,2454,704,464,5322,0,1
54970,26,2,1,0,-1,-1,-1,2,-1,25410,38556,27119,13036,9707,20608,1192,2590,6226,3622,4798,5184,0
50848,25,2,2,0,-1,0,-1,-1,2,6259,27664,17988,19940,41938,447,3311,4980,4462,14141,5241,0,0
35160,58,1,2,0,0,-1,-1,0,-1,7925,18517,25307,7620,8112,8506,0,5655,12885,101,5520,583,0
46557,46,1,1,0,0,0,-1,3,0,14753,9210,24823,12053,27319,12645,4275,2996,5632,0,0,3269,0
71606,55,1,1,0,-1,0,0,-1,-1,18241,2124,23461,15672,38212,12077,3895,464,0,102,12635,3940,0
141369,66,2,2,-1,-1,-1,0,6,0,7655,50279,5949,124756,33244,31305,770,15637,1591,31416,7886,7772,0
63999,24,2,2,-1,-1,0,-1,-1,0,18914,20720,28553,12783,44057,24175,0,6388,13169,3370,22111,13631,0
31240,49,2,2,0,-1,-1,-1,0,0,10962,11274,16214,18292,13182,11515,1193,7039,0,0,485,4886,0
40833,66,2,1,-1,0,-1,0,0,0,25585,19421,22999,18922,17521,9505,8160,1501,13400,1973,8764,2568,0
90741,44,2,1,0,-1,3,2,-1,-1,26587,45392,58419,37982,17680,25180,10076,18790,8404,16334,0,12448,0
187972,49,2,2,-1,-1,0,0,0,0,72090,73938,50694,133976,62277,34913,6007,16937,6311,24116,0,9065,0
20258,47,2,1,-1,-1,-1,-1,-1,0,0,9446,7002,2993,12087,4721,0,4102,4249,953,3054,1142,0
119525,69,2,2,0,0,0,5,0,0,70938,50591,57277,70318,63092,34742,14961,9840,0,18883,26361,17090,0
53436,23,1,2,0,-1,3,-1,0,-1,29758,38689,17447,34859,642,6541,2571,11180,5319,12092,109,2822,1
10000,68,3,1,2,2,6,0,-1,-1,2384,0,2095,5388,2003,4641,700,0,82,1908,0,0,1
10000,65,3,2,1,6,4,4,0,-1,5833,3329,2359,0,0,2540,2802,412,613,0,0,366,0
142534,64,2,1,0,0,0,0,0,-1,25400,37460,105591,34938,15806,20347,8323,9231,87236,5142,0,8277,0
109755,43,3,2,-1,-1,-1,0,-1,1,26688,27672,71514,16402,29236,72705,13630,5759,4310,1042,20782,13040,0
21765,48,4,2,0,0,4,-1,0,0,5052,12297,12220,3820,15148,13074,1056,2945,417,2213,1463,2867,0
41368,40,2,2,1,1,0,-1,0,5,24404,24608,11733,23528,28189,19965,8100,8295,1896,9084,10936,1237,0
11779,34,2,2,-1,-1,0,0,-1,0,2418,6112,9158,9311,11779,4671,1253,1595,1504,0,1322,2230,0
90186,68,2,1,0,0,-1,-1,0,-1,42104,66139,9612,10776,20774,50340,17467,3640,1977,6497,1945,7853,0
67088,48,1,2,5,0,0,-1,0,-1,47227,36404,26382,28810,22372,23984,11400,8196,4666,6590,8139,6969,1
19824,60,1,1,0,0,-1,0,-1,-1,1146,8079,12457,5795,6385,13301,433,4772,5839,1689,2237,3791,0
57745,26,2,3,-1,0,-1,-1,4,6,45730,40344,49542,27295,11280,24099,10010,0,13109,7176,2316,7603,0
16130,63,2,1,-1,-1,0,-1,0,0,8660,5541,11413,745,7304,3971,0,1792,1778,121,2198,766,0
107201,56,1,2,-1,-1,-1,0,0,-1,33880,58340,79942,42591,13009,16159,0,14624,16488,0,3513,0,0
20614,74,2,1,0,0,-1,-1,0,2,14899,1385,2597,4502,6679,4980,6289,213,255,2694,2260,1406,0
64193,28,2,1,0,2,-1,-1,0,-1,21931,29072,31441,36323,15666,38677,3847,0,12157,11264,542,0,0
29073,50,2,1,0,-1,-1,0,-1,0,8994,11252,5544,7044,7853,4012,0,639,3372,3078,1274,2659,0
10341,48,1,1,-1,0,-1,-1,-1,-1,2894,5366,4386,2126,4062,5971,0,0,1955,277,1288,1133,0
108763,50,2,1,0,0,0,0,-1,-1,55674,82742,10359,23784,11963,24838,22674,45312,1356,0,4809,6572,0
159089,23,1,1,0,-1,-1,6,0,-1,90303,46437,46153,25181,75592,50049,11754,5071,18086,6998,14532,9390,0
45208,46,1,2,0,0,0,0,-1,-1,11650,31635,13782,26632,2487,24830,5775,11772,5078,1955,495,3496,0
85477,37,1,2,0,-1,0,0,5,-1,9967,58617,65076,61306,60928,32249,833,5519,5125,9301,2168,0,0
97442,54,1,1,0,4,1,0,-1,-1,20078,49417,22657,55543,18697,35722,3642,10623,0,0,3542,16988,1
99993,33,1,2,-1,-1,0,2,-1,-1,16170,70687,41708,21353,18965,48248,4547,28210,3811,5812,1109,0,0
194946,44,2,2,0,3,4,-1,0,0,25569,56318,81516,128921,7777,17916,9583,17594,30232,42951,815,2830,0
68421,54,2,1,0,-1,-1,0,0,-1,22128,40934,50585,28119,20375,39119,711,4394,9378,16034,3990,1639,0
51552,24,1,1,-1,-1,0,0,-1,0,15943,17383,12350,9636,14034,43233,683,0,4649,2700,1706,327,0
48322,63,3,2,5,5,0,1,3,-1,13812,8339,22087,13714,16233,22265,6805,2972,0,4417,6611,10480,1
34753,59,2,2,0,0,0,0,0,-1,4050,28169,5102,8058,15231,135,1443,17880,1067,397,7375,29,0
14630,24,3,2,0,0,-1,-1,-1,-1,9943,2939,7460,8284,12418,4942,5362,1343,3007,1095,1299,414,1
130065,24,2,2,0,0,4,3,4,0,27800,62880,95930,40890,88661,38039,0,4098,0,5801,9941,12338,0
105219,66,1,2,2,6,3,2,0,-1,31997,14456,72700,76344,45852,70013,0,1992,34091,0,24034,0,0
10000,36,3,2,3,3,0,4,-1,0,10000,4532,10000,2677,7132,7954,3810,1936,4968,289,824,2043,1
19858,67,3,3,-1,2,0,0,0,4,6904,4275,2326,7856,2518,6081,1162,15,561,2716,1420,0,0
89869,47,2,2,-1,-1,0,0,0,-1,34022,32795,37683,49641,42877,36151,8992,17731,6775,7550,10095,6971,0
14029,39,2,2,0,-1,2,0,0,-1,4407,7706,12139,3655,9980,2911,1948,913,832,88,2569,231,0
26840,35,2,2,-1,-1,-1,-1,-1,-1,18561,11576,5342,18589,10811,14095,4322,1984,934,10647,0,3604,0
412176,56,2,2,0,6,4,0,3,0,97503,160040,143057,192745,87355,259108,6512,32185,23494,33284,10444,95093,0
37614,26,2,1,0,0,-1,0,0,-1,29670,16817,15711,8752,8452,7630,10964,6348,6926,1414,3045,3045,0
116559,42,2,1,-1,3,-1,0,0,-1,62936,54660,49996,22191,31962,61968,19038,1521,0,1420,7371,39837,0
227941,39,1,1,-1,-1,0,-1,0,0,65425,35805,133065,98618,122079,111786,14750,16739,32714,25994,0,0,0
33179,29,1,1,0,0,-1,0,0,0,21282,3705,14714,3887,19273,21136,5453,0,3402,0,2788,3362,0
84928,40,1,2,-1,0,-1,-1,0,0,55718,38045,63300,28274,39029,64689,3223,8248,0,7775,11535,30924,0
356300,49,1,2,-1,-1,2,0,-1,0,59758,42710,101981,91161,236151,215397,2181,8512,13544,54714,0,14750,0
70800,57,2,1,-1,-1,-1,-1,-1,0,25791,37909,26044,25866,64712,33939,7063,10850,8414,5665,43791,5962,0
227689,25,3,1,2,-1,-1,-1,0,3,140580,101525,92432,90167,132907,93953,61454,22384,38277,44120,45894,38329,1
41231,68,1,1,2,0,-1,0,5,0,29219,15187,6645,31166,23100,22094,9238,0,1483,11078,765,9752,1
288990,68,1,2,2,0,0,0,-1,0,132734,39683,86377,96900,123460,53947,45457,19656,7747,38736,13806,0,0
69550,58,1,2,-1,-1,0,0,0,0,9405,37382,30121,26808,28762,47327,562,9104,12254,13188,9187,23964,0
37722,70,2,1,-1,-1,0,0,-1,-1,19810,8842,17497,6604,16600,12029,4271,0,1622,3917,0,2735,0
81800,44,2,1,0,0,-1,0,6,-1,31107,25987,39012,55963,41542,47092,0,6302,2839,0,0,27804,0
44838,65,2,2,1,0,-1,0,0,3,18277,22341,14275,5087,34957,21878,2259,8647,0,125,14199,0,1
32069,60,3,2,-1,5,-1,-1,0,0,15836,19978,20646,19194,684,17973,3079,0,567,5858,125,2632,0
50588,51,4,2,0,0,-1,0,0,-1,18938,11137,13988,46758,40451,21324,6589,825,3825,0,7050,6443,0
10000,30,3,1,0,-1,0,-1,0,-1,10000,3245,5065,401,4197,3762,838,947,734,158,568,2072,0
25876,51,2,1,0,0,0,0,0,-1,4374,7236,9355,13663,10879,17690,599,0,297,341,1763,0,0
87388,69,2,2,0,0,6,0,0,-1,48615,54927,21675,40999,22513,32304,19695,9603,11628,4531,10478,4851,0
108361,74,2,1,-1,-1,0,-1,-1,-1,86293,27529,57832,78111,41735,78219,0,9316,0,34323,16403,19205,0
65237,45,2,2,0,-1,0,-1,-1,-1,43339,28914,11467,41357,14182,14090,19833,10390,5126,29558,4539,8835,0
61126,34,2,2,0,-1,3,6,0,-1,12901,23887,4686,20644,13872,16922,555,4122,1181,2880,0,3227,0
94688,61,1,1,-1,-1,4,-1,1,5,11678,40151,56384,31401,39565,52390,415,2604,23218,20071,9466,9845,0
147666,25,1,2,-1,0,-1,-1,0,-1,73330,34720,81112,103415,102516,60254,3146,21583,27860,0,22623,20275,0
21927,29,1,2,-1,0,-1,-1,0,0,11084,6386,2911,6819,11801,11806,0,1884,942,354,0,1181,0
32611,51,2,2,0,-1,-1,0,0,5,7438,15429,20301,3073,12071,7107,1228,4372,2882,1369,1785,3130,0
46187,74,2,1,-1,0,-1,-1,6,0,29828,9885,25876,36313,12066,24875,0,2776,1730,27489,0,1398,1
80266,38,1,2,0,0,0,0,-1,0,12698,2719,32701,58796,29407,48866,2857,0,2232,17961,9969,19629,0
10000,44,2,1,0,0,0,0,6,0,3673,1970,871,1841,3626,6784,821,1471,195,497,2668,511,0
17927,38,2,2,6,-1,0,0,0,0,5791,8959,7785,7430,9840,4510,684,0,1079,2320,834,893,1
48371,44,2,2,-1,0,0,-1,-1,0,8975,10826,40899,20772,5080,29168,4759,4315,13333,3739,323,14071,0
154351,21,1,1,-1,4,3,1,-1,-1,42093,59484,82023,38523,72322,130360,0,1119,7103,2102,10213,10682,0
49081,53,1,2,-1,0,0,-1,-1,-1,23698,13073,21638,38068,14982,13052,6543,841,1329,7950,1442,6390,0
28752,53,2,2,0,-1,0,-1,-1,0,17472,18262,15765,7670,24657,14034,6290,5684,3649,5151,503,5905,0
74827,38,2,2,0,-1,0,-1,-1,-1,37078,21897,39166,21038,49328,59735,17945,3218,0,3188,9737,2896,0
26393,35,3,1,0,6,0,-1,2,-1,6276,7980,14386,7329,2088,7791,3439,1748,0,1245,1444,1596,0
99182,62,2,2,-1,-1,-1,6,0,0,36243,73780,7334,43040,28022,50747,0,22456,0,13867,0,4685,0
28746,31,3,2,4,3,-1,-1,2,-1,8519,8433,24367,2117,6835,8622,2860,0,6713,0,926,3190,1
28121,23,1,1,-1,-1,-1,-1,-1,-1,4516,21881,11717,21047,4247,8501,3223,0,4918,2373,0,1432,0
152737,23,2,1,0,0,-1,-1,0,0,37493,113993,95952,99677,77500,94236,25905,7265,0,45265,14392,25001,0
92330,68,3,2,-1,-1,2,2,6,2,10608,32240,20316,11021,40627,7725,3444,0,0,873,20750,5591,0
31955,40,1,2,0,0,-1,-1,0,6,16085,11995,25641,24423,12085,27410,3727,1306,2479,3401,4179,2801,1
67276,26,2,2,0,0,-1,-1,0,0,36729,23130,57346,32518,13615,43757,7399,7772,0,0,3378,6432,0
52845,68,1,2,0,0,0,-1,-1,0,27141,19701,22392,34379,8707,17670,7120,10060,5007,8617,1316,6804,0
80438,29,2,1,2,0,-1,6,0,-1,36459,45626,34546,37468,6540,49860,3204,0,11762,6239,857,9906,1
34061,39,1,2,0,-1,-1,-1,-1,-1,26126,27622,14854,18372,18238,20069,16381,4961,2829,3681,0,0,0
98466,22,2,2,1,5,-1,-1,0,-1,13696,22261,26493,14350,46837,60188,0,8147,244,296,7461,10320,1
127511,57,2,1,-1,1,0,-1,-1,0,55490,93203,8298,46082,30709,72516,5918,32514,598,2218,0,7819,0
32163,58,1,2,-1,-1,-1,0,0,0,11587,7670,15317,0,21904,2553,1707,1913,1543,0,2358,297,0
72448,61,1,2,-1,6,4,0,-1,-1,28409,68127,50736,31272,38626,35611,7715,29139,24931,1514,7177,21138,0
181542,35,1,1,-1,0,0,0,-1,3,82062,38276,101285,95005,73424,110210,5608,9665,0,14748,0,63921,0
30803,38,1,2,0,0,0,-1,-1,-1,11981,5078,11819,17858,8117,9178,1143,1478,1053,1793,4229,3710,0
28708,71,2,2,0,0,0,0,-1,0,7714,22259,21264,22437,7868,12971,1984,0,1263,1901,1515,6646,0
58262,65,3,2,3,4,6,4,4,-1,39423,16762,14327,11642,24405,14421,12743,0,0,5026,2077,6031,1
60350,23,1,1,-1,0,-1,-1,0,-1,19074,3707,34289,19451,55752,26923,2537,599,10050,0,2173,12293,0
13901,58,2,1,-1,6,2,3,-1,1,6781,6104,4401,7012,11051,3340,0,0,504,4033,3791,1148,0
37942,64,2,2,0,-1,-1,0,0,-1,6938,21181,5743,1586,7240,7334,162,10294,1980,0,3468,1396,0
277513,51,1,2,0,-1,0,-1,0,-1,80774,150450,122572,199978,118814,60301,8168,13134,0,0,45627,24076,0
357461,55,1,1,0,0,-1,-1,2,0,39819,182083,262319,155629,111747,173970,17616,0,0,26489,48261,5266,0
29446,21,2,2,0,-1,0,0,0,-1,6091,4711,9752,24901,19622,3092,1541,1379,4443,15637,2674,411,0
23608,22,2,1,0,-1,0,0,0,0,15517,19069,12101,11079,11055,21656,2252,9314,0,941,2653,0,0
33982,22,2,2,-1,0,-1,-1,4,0,18875,18884,10190,4442,9529,19081,0,0,0,518,5653,7428,1
207216,29,2,2,-1,-1,-1,0,0,0,39915,39968,134274,120583,93442,77295,7318,2988,46377,16975,51382,9618,0
96150,74,2,1,1,-1,0,6,-1,-1,16288,11100,10509,22767,34652,57489,9484,3399,123,383,0,0,0
110701,55,3,2,1,4,3,6,3,-1,32292,19484,5029,37512,41089,36184,2616,5277,1645,10065,15976,7299,0
76287,63,3,2,5,0,-1,4,6,4,53453,14795,1964,39895,71643,20343,0,0,714,17651,5367,12122,1
11942,36,3,2,0,0,0,0,-1,1,4546,8245,5045,1583,3568,4136,0,6043,552,322,291,2236,0
32125,71,1,2,0,0,0,-1,0,0,24240,12418,20975,10235,5224,7432,3559,3626,0,7174,1972,1050,0
19660,31,4,1,3,0,-1,-1,0,4,6162,14067,7821,11329,11421,14517,1945,4691,2205,0,431,1798,1
32287,69,2,1,0,0,-1,0,-1,-1,2195,3165,11973,11440,5887,8450,528,282,0,417,2895,3330,0
28491,22,2,2,-1,0,0,0,-1,0,17025,17190,6978,2619,14980,0,8427,2526,264,1838,3542,0,0
31270,22,2,2,-1,-1,0,-1,-1,0,21170,22928,5762,8177,20787,7516,6299,4076,3394,5735,9863,0,0
57280,25,4,1,-1,0,0,-1,0,0,32032,42414,33941,34757,46891,42873,0,8136,10155,3694,7814,0,0
54646,63,2,2,0,-1,-1,-1,-1,-1,13516,14132,24898,4638,28841,45456,9823,3142,6867,359,4726,8423,0
130069,34,2,1,-1,0,5,0,-1,-1,101082,55323,115654,68263,39341,73958,38667,26608,35385,17133,22789,5217,0
59962,45,2,1,0,-1,0,4,-1,2,39224,17020,12935,36354,31012,13272,10795,5890,9223,8871,5530,0,1
28537,46,2,2,-1,-1,-1,0,-1,-1,8653,3070,785,11661,8926,6926,5471,0,25,1640,806,2595,0
56997,63,2,2,-1,-1,-1,0,0,-1,38477,13712,14837,34749,26792,15989,9842,7812,0,0,5258,10308,0
20484,39,1,2,-1,0,0,0,-1,-1,8990,9150,14649,6852,5726,0,215,2693,1296,1196,3131,0,0
10796,21,1,1,6,1,-1,0,-1,5,6219,1210,2342,1956,4643,845,689,561,1002,406,2119,295,1
82007,41,2,1,3,0,-1,3,-1,-1,20400,9279,55666,8282,57590,12721,1685,1699,25791,1264,0,2273,1
110707,36,2,1,-1,3,-1,-1,0,0,50199,15790,38538,68909,45747,37273,5850,0,0,3805,6747,18127,1
51932,60,2,2,0,2,1,-1,-1,-1,20903,39539,12820,25522,21543,1485,9462,15400,5889,14486,5744,183,0
25091,61,3,2,-1,-1,0,1,4,6,13702,10935,6694,7470,11376,10192,9868,3051,525,3481,1256,2500,0
16755,25,2,1,-1,-1,-1,0,-1,-1,1515,8292,6271,5186,6398,1023,628,3489,0,1049,695,73,0
124684,63,2,2,-1,-1,0,0,0,0,72564,32317,18233,38872,65668,99897,9356,9865,3125,0,7984,18121,0
101772,24,1,2,-1,-1,2,-1,0,-1,20225,42618,29969,42241,41654,69756,1550,13621,0,3334,17602,12399,0
61879,54,2,1,0,-1,-1,-1,-1,-1,36289,40745,38482,20263,45084,34391,9579,13883,7214,7195,16705,6080,0
34182,42,3,1,6,1,0,-1,0,-1,6051,14720,15078,24601,3998,8712,1715,2820,3814,7928,1084,3477,1
33669,37,2,2,1,2,4,-1,0,-1,13393,11844,16627,19391,12701,18422,3675,0,11543,12301,1169,5537,1
14082,47,3,1,0,2,0,0,0,0,13956,13341,9099,848,7197,5184,1476,2844,3365,666,1373,814,1
42002,37,4,1,0,-1,-1,-1,-1,-1,11428,19504,42002,5281,4003,13707,4840,3292,7256,148,737,530,0
31862,63,2,1,-1,0,0,-1,-1,-1,16180,11413,2630,18688,14519,9663,3587,3212,522,13951,5246,4481,0
34920,73,2,2,-1,4,4,1,0,5,19021,4845,2361,6402,7263,26153,10616,569,0,3279,1419,5548,1
193740,65,2,2,-1,0,-1,2,6,0,46982,65551,112375,62498,64043,62163,18659,31596,29886,37129,40529,26394,0
47171,44,2,2,-1,0,-1,-1,0,-1,13288,6609,26915,5788,19068,24644,2199,2980,14457,2633,0,5197,1
10000,48,1,1,-1,0,4,-1,0,0,861,0,3813,6878,4354,0,428,0,1649,1952,616,0,0
44716,45,1,2,-1,0,0,0,0,0,16514,14738,21095,42025,5563,15494,4925,0,5658,3921,2100,1130,0
30801,63,1,1,3,-1,-1,0,0,-1,23593,1736,13041,0,10713,23121,6626,429,0,0,3049,5867,1
43854,50,2,2,-1,0,0,-1,-1,5,12707,7591,5405,8850,31333,14854,5504,3289,0,1912,10509,202,0
21958,46,1,3,0,-1,6,0,-1,-1,17207,12944,12835,6803,12397,8282,5465,3074,785,104,0,169,0
69348,43,2,2,3,2,0,0,-1,0,31492,40980,23868,34045,23489,32104,4355,12370,5209,4956,1500,7659,1
38682,41,2,1,-1,0,-1,-1,-1,-1,25481,5919,11187,16533,21746,6851,6754,2875,8621,0,6692,561,0
33504,50,2,2,-1,0,-1,-1,-1,-1,8636,4546,11506,16658,7922,13387,628,374,2243,3421,2425,2787,0
38677,58,3,1,0,-1,0,3,5,5,3710,6175,12579,21730,18075,14550,1306,2014,4220,0,8059,0,0
46104,44,2,1,0,-1,0,-1,3,-1,28540,7502,9623,14172,7023,4469,5290,1856,0,9318,1383,0,0
61617,64,1,2,0,4,0,0,-1,0,4256,30124,20159,30775,4422,6926,181,9990,13990,15513,451,355,0
28680,65,4,1,0,-1,3,3,1,0,16354,3447,19943,3270,17574,10453,6348,2050,0,204,4433,2452,0
33761,44,3,1,-1,0,-1,0,0,-1,18080,17241,5467,11946,24419,12126,0,0,0,3484,8094,1683,0
64507,70,2,2,0,1,2,0,-1,-1,48154,22633,9441,17797,34751,14812,16147,4182,2006,1943,20370,3480,0
58359,30,2,2,0,0,-1,0,0,-1,32895,13007,29608,17209,16052,24260,0,2911,7282,0,5811,11332,0
169054,71,1,2,0,3,3,6,0,0,62030,117382,94979,59941,40530,87476,41804,53895,6023,0,6594,25434,0
31654,36,2,1,-1,-1,0,0,0,0,14054,8494,6338,10003,15613,4122,429,2205,3788,6023,0,1319,0
83031,51,1,2,0,-1,0,0,-1,-1,62094,10142,10205,17399,23186,73222,52838,2906,3285,4371,0,7312,0
346931,36,2,1,0,-1,2,-1,0,-1,124443,122128,232816,25846,61678,173687,77966,34870,25260,7062,0,61305,0
66417,44,1,2,1,0,-1,-1,0,-1,41970,20677,28071,9419,21831,21624,20705,1715,8775,2337,2484,3321,0
48935,39,2,1,-1,-1,0,3,0,0,21428,21106,3322,20745,29242,9889,4327,9924,1562,7619,9051,1353,0
24978,59,1,1,-1,-1,0,0,-1,0,20482,23074,12237,18538,16925,15986,2648,4619,0,9995,10854,12688,0
38789,25,1,2,1,2,-1,-1,6,6,4525,30702,24478,10807,10494,20364,1035,11656,0,0,3900,0,1
63030,66,1,1,0,-1,-1,-1,4,-1,42250,16849,20032,37271,13194,30193,0,2889,3256,16559,1175,14126,1
75114,69,2,2,0,-1,0,-1,0,-1,22859,36215,22798,40136,12423,32613,3670,0,8670,13495,1392,0,0
115358,51,1,1,-1,0,0,-1,-1,0,65495,66868,45589,77192,12165,19051,5431,19459,4145,27343,3383,2411,0
63641,50,2,1,-1,-1,0,0,-1,-1,45991,34855,47509,24811,7738,33746,0,16638,9017,4707,272,0,0
130581,58,1,1,-1,0,0,1,0,-1,37202,60047,14043,40846,66549,91998,0,0,1488,0,12175,47050,0
22038,31,2,1,0,-1,0,0,0,0,11289,5868,18312,5177,15875,6849,1932,2602,6534,1699,5744,894,0
101478,61,1,1,-1,0,0,-1,0,0,52832,44444,50759,75907,2184,46424,16722,5760,3333,38691,474,14001,0
34683,32,3,1,0,-1,5,1,4,5,23281,16557,8698,9868,1135,10775,4397,5261,0,0,0,664,0
75840,57,1,1,-1,0,0,0,-1,6,27267,24323,40537,35246,0,47906,9726,11571,9812,11759,0,20199,0
51360,37,1,2,-1,-1,0,0,-1,0,1870,19554,43668,8701,19535,40129,221,0,13241,0,0,19296,0
32017,61,1,2,-1,0,-1,-1,0,5,20485,23804,21042,11485,11671,9310,10117,7569,6221,2008,3068,1412,0
25960,63,1,1,-1,-1,0,-1,0,0,15595,10230,8697,13244,11901,14007,8118,0,4792,1679,6967,510,0
63356,32,2,1,4,5,6,-1,6,-1,2723,46392,14363,18746,47751,25290,156,5055,2184,9446,3160,3235,0
102206,54,1,1,0,-1,0,6,5,-1,67369,6214,72414,41286,40063,35590,10864,905,14200,22753,0,13174,1
30935,47,3,1,0,4,-1,3,-1,3,7974,2683,4541,14206,5434,14466,1876,0,388,3821,910,5556,0
48443,36,2,2,-1,-1,-1,-1,0,-1,6101,48010,19584,30081,23942,18008,1401,27455,4956,1937,1516,12097,0
38572,52,1,1,6,0,-1,-1,-1,-1,2561,7994,27602,7523,24631,12230,993,0,7098,3155,16433,980,1
73309,74,2,2,-1,-1,0,-1,0,-1,29319,51372,26018,33613,38400,6193,4076,26641,0,20017,0,476,0
72039,21,1,2,-1,0,-1,0,-1,0,22254,7299,29701,28105,14703,21676,0,1090,13557,0,4316,3030,0
51224,72,1,1,0,0,-1,0,-1,0,14741,6849,15360,8065,26127,30339,3099,1538,1856,0,6194,2992,0
137219,67,1,1,-1,0,0,-1,-1,1,83396,16825,72837,54436,40130,52099,14372,0,26512,15378,5050,8199,0
114977,49,1,1,0,0,3,-1,6,-1,16108,96146,53471,37703,25121,72720,5203,20368,2672,0,9404,18145,0
20085,53,1,1,0,-1,0,-1,4,0,3094,4986,3362,9249,4353,6859,130,0,544,924,2430,3446,1
35690,40,3,2,0,-1,0,4,0,0,7502,7113,26354,17609,16582,930,3925,333,19537,3214,6768,395,0
22774,27,2,1,-1,-1,0,-1,0,6,9816,8253,10408,11919,10377,3752,765,3306,1467,648,3113,681,0
38366,51,3,1,3,5,0,-1,3,1,15267,25197,6500,4686,7495,23195,4641,8076,0,2148,0,4830,1
10000,65,1,1,0,-1,-1,0,-1,-1,2995,3180,6549,6861,5682,9531,991,1418,2531,2056,2842,3920,0
40176,33,3,2,-1,-1,-1,6,-1,-1,26540,12652,4478,25462,1549,32324,4370,4865,330,8315,297,8840,1
86646,59,2,1,0,-1,0,5,0,-1,17468,48678,27674,42932,11102,850,5105,2821,5014,2932,1040,235,0
62808,61,1,2,0,-1,-1,0,0,1,12964,32404,2789,15156,36112,8067,4952,3454,604,3576,7934,2222,0
19307,61,2,1,-1,0,-1,-1,0,1,6894,6498,7354,14484,11054,8975,1282,1580,792,1184,2741,928,0
328262,39,1,1,-1,0,0,0,0,3,200865,97158,84691,176700,115630,148421,103845,6953,52374,46440,52589,20586,0
123595,42,2,2,-1,-1,-1,-1,0,0,26286,33161,54916,15908,75449,9660,3340,6388,43326,8708,0,0,0
32053,43,2,2,-1,4,1,-1,0,0,14190,18892,8595,7497,3461,21924,4338,1967,2317,2200,0,3476,0
39782,67,2,1,0,0,0,-1,-1,0,15275,5625,26539,10533,18546,22241,2451,997,3311,2247,12056,0,0
10048,69,2,2,0,-1,2,0,0,-1,6055,6040,7351,5296,6973,6386,2103,1793,1791,1010,0,1602,0
71590,43,2,1,0,0,-1,0,-1,-1,40108,33611,34767,35877,62676,28682,11734,0,0,13649,5416,6601,0
22950,73,1,1,-1,0,2,1,6,-1,11099,7693,6633,1932,9861,7748,3971,0,3626,616,0,3596,0
58478,51,4,1,-1,-1,0,-1,-1,2,49711,11556,19321,44485,28348,32311,5284,4443,9525,1661,6174,18073,1
155939,41,1,2,-1,0,0,1,3,-1,28046,36011,44161,66155,74407,71361,0,16778,21986,29075,0,4811,0
64877,21,1,2,0,1,2,-1,-1,0,16947,0,50768,15964,25355,24832,741,0,20673,6997,2679,12581,0
29287,53,1,2,0,0,0,0,-1,0,1624,22551,1929,12565,10536,13696,305,3621,79,207,1126,6878,0
93203,55,3,2,5,1,2,5,1,1,43136,8401,28481,13443,18234,2794,29070,1710,7167,0,5526,931,1
49105,73,2,2,0,0,0,0,0,1,24846,18046,8628,17286,13730,11896,6481,2420,4,3711,2145,5051,0
52816,59,2,2,-1,-1,0,0,0,6,9228,7108,17407,25302,30247,26498,5111,2416,4718,1784,0,9427,0
16286,22,3,1,2,1,5,3,6,3,9926,5870,8938,2090,8495,10155,5493,539,979,0,1779,1313,1
80090,51,1,2,0,0,-1,0,5,3,24926,38661,44483,20524,51639,58593,8107,1369,33331,2952,0,24974,1
29172,61,3,2,0,0,-1,-1,6,2,9626,24248,18386,21092,14554,23021,879,12510,5652,4324,0,5902,0
23710,47,1,1,0,-1,0,-1,-1,-1,8253,14257,14423,16136,15580,6084,3472,6666,6122,1895,3101,3151,0
143199,44,2,1,0,0,0,0,-1,0,65565,93661,124597,74197,19912,34956,23356,45469,9889,8132,9631,5579,0
280343,64,1,2,-1,0,0,-1,0,-1,97139,185493,209687,39849,187652,70608,26034,37345,62580,8153,40116,15627,0
77488,54,4,1,5,1,5,0,-1,5,16462,7086,47992,51041,22030,27827,0,1990,0,14305,12948,7675,1
68760,57,3,1,0,0,3,1,-1,3,34077,25049,22041,2293,50944,31327,3366,13730,3199,135,0,3407,0
201205,46,2,2,-1,-1,0,-1,-1,0,49331,92203,82766,68878,30806,102644,13553,36964,5760,22266,9786,57627,0
29687,36,1,2,0,-1,0,0,-1,0,3029,12750,1314,10312,12215,15470,434,4919,634,2733,267,4356,0
29403,49,1,1,4,5,1,-1,-1,0,13252,10143,4072,8897,0,6675,2097,2018,0,1560,0,736,1
35188,72,2,1,-1,0,-1,-1,-1,-1,13862,2905,6554,20632,13941,31680,65,857,4106,11719,138,11293,0
87095,53,1,2,1,1,6,1,0,-1,45792,19335,57451,10499,78499,64953,18133,0,18491,763,10071,22798,1
54305,59,1,2,-1,0,-1,0,1,-1,47375,27746,18859,16180,25506,24373,15383,0,5194,1901,6267,4370,0
21676,27,2,2,-1,-1,-1,0,-1,-1,9247,6915,8485,9111,0,12022,0,922,1082,759,0,1630,0
49243,74,2,1,0,0,0,0,0,0,23757,9869,6321,0,6977,22094,10899,0,0,0,430,437,0
31819,34,3,1,0,0,6,0,-1,6,23538,14059,8773,15141,16169,9851,2136,0,722,1439,0,1464,0
96091,73,2,1,-1,3,-1,-1,3,6,30173,44741,67689,59590,45150,10687,14567,1998,22998,36710,18940,4171,0
71118,45,1,2,0,-1,-1,0,0,-1,7994,33106,39504,28021,18876,6170,2699,3978,17932,2324,8610,3272,1
10682,70,2,2,-1,2,6,0,-1,-1,4320,8418,8138,2364,589,6480,3047,1228,1535,285,81,1802,0
93418,69,1,2,0,-1,0,-1,0,-1,16713,21496,18144,24962,12567,29840,6191,0,4267,3669,5338,13708,0
173759,61,2,1,0,0,-1,-1,0,0,51780,18824,53456,46390,54937,27833,14194,11888,18783,0,17277,11536,0
50168,70,2,2,-1,-1,-1,-1,-1,-1,21559,29231,21231,3962,24694,41307,2745,0,1382,1109,9814,0,0
151151,53,1,1,-1,0,-1,3,-1,-1,46281,38149,57168,99735,84702,62977,366,6714,2387,29469,17430,0,0
45815,66,1,1,3,-1,6,-1,-1,-1,34625,10501,4877,15371,9537,27878,9380,6330,2394,5311,3683,1331,1
53956,30,3,2,-1,-1,0,1,4,2,33430,37292,12829,21967,30280,37493,9647,1310,814,2646,0,4587,0
27019,24,2,2,0,0,-1,0,-1,-1,12274,12663,14740,9996,6423,13092,7677,3082,2840,2759,434,4428,0
40247,50,2,2,-1,0,-1,0,0,0,13083,24327,18166,35120,12210,22401,759,10842,8364,14374,5711,9617,0
40501,64,2,2,-1,-1,0,0,-1,-1,12881,19922,24118,10481,24321,10300,2536,0,10323,2405,463,2109,0
71779,62,2,2,0,0,-1,6,-1,-1,46187,38940,10036,13913,3000,25616,12951,12140,7134,4292,114,5723,0
35494,49,1,1,4,-1,-1,0,-1,0,6587,15793,13844,18255,24843,21561,1116,6650,5334,735,3512,3839,1
15185,49,2,1,0,0,1,0,5,-1,9642,4064,3791,6035,8122,6311,2672,881,1090,1566,3897,515,1
49981,53,3,1,0,0,4,-1,-1,-1,10308,36527,8670,15086,29177,19173,7811,15129,3005,6625,5143,4095,0
97002,67,1,1,0,-1,-1,5,0,0,89771,11814,83259,22125,43285,11473,12022,7223,8112,5886,0,0,0
75091,66,1,2,5,0,-1,3,0,-1,45357,24368,28403,8119,15122,9901,20768,1491,14355,2570,6848,2354,0
103394,26,2,1,0,0,5,1,3,-1,42055,17215,47345,62813,20020,48046,4960,5244,12346,13358,9463,31431,0
41684,53,2,1,0,0,0,-1,0,6,5277,19800,31412,25618,7891,15592,1920,1772,2498,5446,280,6376,0
61394,41,2,1,-1,0,0,1,-1,-1,29366,15780,31938,18605,13776,38846,16040,961,2095,9395,4303,8583,0
37051,64,2,2,2,-1,-1,-1,0,-1,20301,32880,24857,5036,9875,5927,6203,10367,10855,973,80,0,1
39859,48,2,2,-1,-1,2,0,-1,-1,6043,13181,1741,11474,15685,15651,3612,0,195,503,2675,1649,0
64355,74,2,2,-1,-1,-1,0,-1,-1,40203,36580,34093,26099,25240,34158,4532,10626,21064,9009,7562,12835,0
420735,44,1,1,0,-1,0,-1,1,2,140023,327343,120061,60089,222997,104498,14723,0,21264,21457,19842,26926,0
124282,57,1,2,0,-1,-1,0,0,-1,65394,63890,35902,31236,40120,61187,23343,24355,6399,0,8668,24881,0
76030,26,2,1,0,-1,0,-1,-1,0,3205,37422,58083,33834,45169,7263,1522,5617,5799,900,5517,1449,0
63708,71,3,2,0,3,3,2,-1,3,20577,34544,36857,9145,34476,33002,13370,4121,0,2469,6395,0,0
10000,29,2,1,3,-1,-1,5,0,0,3614,5823,7675,2065,0,3714,1160,3988,1223,518,0,1038,1
63281,41,2,2,-1,0,5,-1,0,0,21563,21327,16006,12101,23636,25377,0,0,4789,1804,4785,3413,0
71090,66,3,2,-1,-1,5,5,2,5,17789,36147,41682,21179,18374,14959,2673,3106,19427,2282,5311,2758,0
52446,73,2,2,0,0,0,-1,0,0,15053,33248,2443,22352,23114,12329,54,9303,389,2919,6046,0,0
47356,47,2,2,-1,3,-1,0,-1,0,35449,19811,36620,12284,6614,22026,6961,774,10997,0,0,7010,0
32354,47,1,1,0,0,0,-1,-1,0,16497,16499,9419,16727,3819,13505,1841,0,2214,5205,216,2092,0
34657,23,2,1,0,-1,-1,0,-1,3,23994,8400,6319,29348,13324,11973,3101,4407,0,18890,1083,0,0
25164,73,2,1,1,4,0,-1,-1,-1,12288,9556,3334,5360,3287,5430,3745,1645,1337,1178,1280,834,1
109054,21,2,1,-1,0,-1,-1,0,0,14258,34717,5047,55608,48958,41199,5524,10978,173,16388,7209,7184,0
228160,22,1,2,-1,-1,-1,-1,-1,0,80354,89720,52341,195049,169030,73441,24980,6192,16770,14554,31239,0,0
230510,46,2,2,-1,-1,0,-1,-1,3,191949,120370,10712,101796,160786,90386,10533,48919,5631,22989,0,16588,0
34768,21,1,2,0,4,-1,0,-1,6,10666,9623,16133,11594,8750,23971,1442,1231,5480,0,2706,0,0
20102,29,3,2,0,3,-1,-1,-1,6,353,7902,10136,3732,1449,1453,0,3212,1966,365,338,740,0
37673,54,1,1,-1,-1,-1,-1,-1,2,17286,23773,10818,3055,21500,7377,1508,5341,734,0,1703,1038,0
21701,59,2,1,0,-1,0,0,4,2,6551,1529,2767,9401,10166,12184,2681,0,1234,1925,1908,3998,0
21983,37,2,1,0,-1,0,4,2,-1,6360,5037,9610,4753,19518,1121,1604,3479,3367,0,4892,465,0
45436,63,1,1,-1,-1,-1,0,0,0,24838,32455,18813,4099,26180,7392,5752,0,3213,1007,2064,559,0
98674,53,2,2,-1,0,0,0,0,-1,13424,10015,19400,64397,7263,35072,2949,2573,0,0,1844,0,0
38646,33,1,2,-1,0,-1,-1,-1,-1,1003,24175,14692,9745,14059,27110,515,7158,4229,1313,3765,17617,0
113830,59,2,2,0,0,-1,-1,-1,0,44051,23288,92574,37289,47503,37254,16841,5611,24653,12673,6057,0,0
102467,52,4,2,0,-1,3,0,5,3,21402,48616,38415,50167,37771,60131,5589,0,0,12039,3419,0,1
61579,64,2,2,0,0,-1,0,0,-1,17882,15178,21357,22671,56980,17299,1987,1428,5218,7208,0,0,0
91732,29,4,2,0,0,0,-1,6,6,36173,42816,41521,9072,62585,1180,3191,8095,12884,4907,0,615,0
23097,33,1,3,0,0,-1,1,2,0,9512,5801,19676,5892,17191,10588,3307,1544,0,2012,8592,2355,0
31365,37,2,2,-1,0,-1,-1,-1,0,12076,7797,6099,14050,14694,9493,0,1653,1215,1348,825,2074,1
39929,39,3,2,-1,-1,0,-1,0,0,8813,23326,0,26865,5913,10443,189,12242,0,6625,4210,3529,0
41023,68,3,1,0,4,-1,0,-1,0,7969,17585,5842,23182,13614,16017,1936,0,561,0,3903,3758,1
215315,60,1,2,-1,-1,-1,0,0,0,34918,134926,82762,76521,121200,105050,0,18918,9969,8820,13699,20234,0
22046,50,2,1,0,-1,-1,-1,0,2,9651,5911,12183,2394,0,12691,3362,1626,2300,1659,0,4663,0
22331,50,3,1,-1,5,-1,-1,-1,2,13162,11579,13557,9596,12654,3514,2022,5608,2158,1583,1595,1082,1
45798,68,2,2,-1,-1,-1,0,0,-1,9036,14509,14212,12756,11806,18771,1698,0,4078,5835,47,4221,0
32373,45,2,1,6,5,2,4,0,0,3057,15009,5372,15800,14178,4193,1184,632,1236,4209,2913,2648,1
29803,33,1,1,0,0,0,0,0,-1,4152,1454,10811,3373,17056,1550,1795,574,0,21,5110,375,0
46874,28,1,1,0,0,-1,6,-1,0,29002,21481,33814,17714,31290,20749,9128,0,5080,945,16496,4716,0
40278,38,2,2,-1,0,-1,0,0,-1,6901,16578,24362,17895,16225,13901,2015,1501,834,2317,5716,3991,0
156066,56,2,2,-1,-1,0,0,3,-1,82890,114851,34823,28180,65709,109272,0,0,27369,5653,9804,19368,0
30341,46,1,2,0,0,-1,-1,-1,0,10596,20161,4923,16141,16686,6938,1324,8143,345,3618,0,1770,0
131744,43,1,2,0,-1,-1,0,-1,4,54734,92334,23997,41123,8764,33812,2270,0,1402,3967,3177,2526,0
135633,46,2,1,3,-1,0,6,-1,0,87960,33035,57432,52358,11677,95000,24302,5780,8556,3181,5959,0,1
32530,73,2,2,-1,-1,-1,0,0,5,6619,12193,16489,10199,8777,9351,2536,1392,3215,7834,318,3495,0
60349,74,2,2,0,0,0,0,-1,0,26174,47910,43501,16735,40357,19719,16387,9469,10314,3337,4939,9285,0
77710,29,2,1,0,-1,-1,6,1,3,30819,62971,31577,25625,33358,28075,7691,0,0,1701,13663,6973,0
95346,27,1,2,-1,0,0,-1,2,0,43705,31554,48242,39857,6612,35770,11044,15145,8084,14230,909,12513,1
36645,34,3,2,0,-1,3,-1,-1,-1,8892,15791,13013,18522,14190,12876,1545,6505,2453,11662,0,2840,1
28479,67,2,1,-1,-1,0,-1,0,-1,16446,4386,3471,8003,12561,22962,1249,334,0,1877,4827,3919,0
116592,45,1,2,-1,0,0,-1,0,-1,75860,24249,51672,29683,20701,43404,0,7103,45143,2657,6187,0,0
36331,67,2,1,-1,0,-1,0,-1,0,5932,18154,2668,3693,15544,16265,2479,9921,661,887,3630,3514,0
50157,55,2,2,-1,6,-1,-1,0,0,10201,14319,14229,16829,28501,0,5014,1653,0,0,16775,0,0
56424,50,2,2,0,-1,0,0,1,2,34520,52074,35557,12927,5060,52220,19262,248,13466,7597,536,10791,0
97225,36,2,1,6,-1,0,-1,0,0,54703,18150,51428,56434,36206,36259,7718,5766,4696,0,1620,0,1
229200,39,2,2,-1,-1,0,-1,4,0,127964,72547,57032,26639,176428,56994,0,34938,29142,0,29464,11185,0
27167,28,2,2,-1,-1,-1,0,-1,0,12176,17414,3611,16953,15368,5769,2061,2153,1873,2554,687,1493,0
71577,49,1,1,-1,0,0,4,-1,0,8459,31528,26560,24645,14213,7735,721,9341,4142,3047,7157,3566,0
20929,36,1,2,-1,0,-1,-1,0,0,13244,4633,6899,8103,10182,12765,8798,1061,1535,2427,2375,5566,0
224498,36,1,2,-1,-1,0,0,-1,-1,110252,51885,53438,76451,157966,72621,25665,15380,22807,8408,42422,16527,0
50770,23,2,2,-1,0,0,0,0,-1,4677,15375,11687,23987,11576,15159,1341,0,1534,339,5215,10097,0
38571,64,2,2,0,-1,-1,-1,-1,0,19587,17430,3344,10416,3564,8627,7240,5122,1196,0,0,0,0
51112,71,2,1,-1,-1,6,6,-1,0,8655,18876,3691,23644,26198,10265,1819,1948,1626,9141,12701,1323,0
74509,47,1,1,-1,-1,5,1,4,-1,13169,33001,38992,26032,47877,36117,2632,12307,0,7511,0,12028,0
27296,49,2,2,0,0,0,5,-1,0,15605,15984,13537,6942,20495,10263,1486,0,6368,398,1187,0,1
177521,70,1,1,-1,0,0,-1,0,0,52935,21725,136415,35999,29878,65905,5185,6089,23228,4816,9679,15061,0
82108,48,2,2,-1,0,0,-1,-1,-1,19790,19864,25343,22443,57791,30394,725,8137,0,10028,0,4159,0
91797,54,2,2,5,6,0,-1,0,0,13311,12262,50065,29199,50876,16469,921,1009,780,7592,273,4434,0
39833,44,1,2,-1,0,0,5,-1,-1,14203,2980,15191,31218,6385,8965,12067,794,4308,0,1600,3664,0
38146,48,1,2,-1,-1,0,0,0,-1,17915,30852,11927,7849,12435,17913,6724,6576,5158,2411,3258,3923,0
44763,49,2,2,-1,0,-1,-1,-1,6,23685,23891,12978,12404,8875,19058,10984,879,4127,6752,420,0,0
92963,59,2,2,-1,0,0,-1,0,3,58828,11352,44284,47835,31673,26487,0,0,24975,4099,4720,13906,0
102521,53,1,2,5,5,1,2,0,0,33613,33746,69038,57787,64362,31693,0,10681,0,0,24979,14005,1
18419,48,3,1,-1,-1,6,0,0,-1,0,2385,9968,14767,9141,130,0,1012,902,8973,0,32,0
58544,25,4,2,0,-1,-1,4,-1,0,15419,9102,7121,44783,17900,41918,0,1362,4020,6086,0,5491,0
22523,69,2,1,6,3,1,-1,0,4,14927,15813,11130,13883,2246,5139,4280,0,3684,11844,894,2050,1
40423,68,1,1,0,-1,-1,-1,4,1,11898,14706,1549,3548,7428,7217,3757,7019,0,0,2952,2482,0
55613,30,2,1,-1,-1,-1,-1,0,0,7502,35365,30090,18973,25166,21199,2793,0,9653,7424,2800,8517,0
26884,36,1,2,0,-1,-1,-1,-1,-1,3592,18931,5653,13122,18830,3055,620,1539,2454,9268,6753,614,0
15875,73,3,2,0,-1,2,0,-1,0,4988,9763,0,2181,10501,962,3386,2672,0,507,0,0,0
169684,38,2,2,-1,0,-1,-1,0,-1,116550,119637,27779,103888,84304,75590,0,0,3199,31877,11472,0,0
204737,64,1,1,0,0,0,-1,-1,0,88152,70502,150211,87249,71973,97721,430,7244,0,64508,7792,80695,0
428585,63,1,1,0,0,-1,0,0,0,201752,317152,203197,364860,192336,158976,47946,43299,36907,0,90996,73672,0
70295,67,2,1,-1,0,-1,-1,-1,0,36817,9377,27155,44254,39333,20137,4840,769,16557,23889,11261,5450,0
57476,21,3,1,-1,6,4,1,2,-1,18126,17682,32851,33457,23246,10030,875,13283,5873,20235,152,0,0
43305,47,2,1,-1,-1,-1,-1,-1,-1,15831,5681,12085,22772,37437,11512,7187,2178,2309,3181,7942,10837,0
37036,51,2,2,0,-1,-1,0,0,-1,23949,10922,14183,9364,9538,7257,6457,3093,376,634,4783,1293,0
98472,66,2,1,0,3,6,3,0,-1,15057,18806,22580,67833,30145,0,286,2089,1124,44216,3830,0,0
102018,33,3,2,0,4,5,0,0,0,28088,23227,28627,79437,23081,76375,5716,2168,8942,9162,1840,329,0
91979,37,2,1,5,0,0,0,0,0,32133,73891,21408,74501,50448,63884,15508,16614,12090,21970,1760,4836,1
25037,30,2,2,-1,-1,-1,1,2,1,14106,11099,8785,0,15288,8605,3487,4801,1682,0,7026,284,0
67057,62,2,2,0,-1,-1,0,-1,-1,13173,21892,22890,20816,24124,6443,1559,6485,0,1360,0,0,0
18531,74,3,2,3,1,0,-1,0,2,366,1432,1140,3579,9892,173,0,122,129,0,2726,0,0
52937,28,1,1,0,-1,0,6,-1,0,36749,34774,11516,19112,1349,11325,0,6469,3472,1332,955,1654,0
181494,33,2,2,0,-1,-1,0,6,5,107999,159940,97062,14489,37435,62631,24095,48161,25863,0,12001,8135,0
26286,37,1,1,0,0,-1,0,-1,-1,5577,15498,17639,14239,8357,1126,2426,2802,4034,4052,4189,32,0
277883,69,2,2,0,0,0,-1,0,0,104220,184915,200868,26819,20787,158690,21588,52182,857,17024,8388,34044,0
76086,45,2,1,0,-1,0,-1,-1,0,37615,37253,47503,42561,57354,43738,0,5490,9801,6266,5533,5183,0
47267,36,1,2,0,0,0,0,0,-1,8519,15260,26791,19010,26837,2705,4257,0,4882,4698,13190,2000,0
51770,38,2,2,0,-1,-1,-1,0,-1,38557,29665,15525,28105,33637,16308,6743,11473,0,0,4656,388,0
39675,53,1,2,0,4,0,-1,-1,0,19314,21097,5688,4253,32062,26589,0,9712,413,2200,11221,1369,0
22154,41,3,2,3,0,-1,0,-1,4,8349,4409,15354,14291,5136,11074,1595,1515,482,2284,113,6333,0
36386,28,3,1,0,3,0,-1,-1,-1,14452,24029,1335,15229,26056,12932,6978,4707,585,1906,3354,0,0
37679,65,2,2,0,0,1,-1,-1,0,14032,13763,18959,2391,20062,5899,1242,0,0,597,16538,1866,0
23239,43,2,1,-1,-1,0,-1,5,-1,13858,16897,0,2091,5878,6377,7426,851,0,446,1621,1048,0
57488,34,1,1,0,-1,0,0,0,0,34252,37417,21679,5887,32213,38973,0,8451,7478,2063,3008,13901,0
11987,60,3,1,0,0,1,0,0,2,7530,3775,3585,3577,4186,1866,2438,1731,759,1135,1999,548,0
17721,61,2,1,-1,-1,-1,-1,0,-1,4172,2697,9866,1380,3810,8645,1045,620,3358,0,319,0,0
24608,29,1,1,-1,0,-1,-1,0,-1,6604,10803,8841,5180,12689,4882,387,6633,6711,0,932,174,0
130664,24,4,2,-1,-1,0,-1,0,0,15327,55990,85285,28299,77605,78680,0,28318,35305,1400,11807,0,0
94937,23,1,1,0,-1,1,6,0,0,28656,19027,32542,18446,28561,63701,9079,4551,5426,10388,0,6016,0
78959,62,2,2,0,0,-1,-1,1,1,63667,17515,36119,53712,60226,51210,4014,9792,8949,13614,12517,13057,0
69250,54,1,1,-1,-1,0,0,0,-1,22204,40282,19608,43399,18951,21475,4184,10285,6870,3364,5961,4681,0
73498,63,2,2,0,0,0,0,0,0,23193,12110,18227,13251,20960,5197,3283,7264,3386,1474,5760,891,0
175808,54,1,1,0,-1,-1,0,-1,0,42519,24882,70181,40007,22823,128861,6588,3640,34881,14689,4959,0,0
95104,42,1,1,0,0,-1,-1,2,0,11445,19664,18417,66636,20353,4341,2819,5073,2257,20205,4722,49,0
182091,52,2,2,0,0,0,-1,-1,-1,117791,4736,94752,71434,51853,22287,71274,2388,34636,9633,9624,413,0
33308,60,4,2,0,0,1,-1,0,0,10160,9106,8993,18242,23990,28352,2055,3997,4356,0,0,4692,0
110813,42,1,3,1,2,0,-1,0,0,98863,35185,86298,60016,45205,37859,0,3516,28327,9548,8679,7078,0
86095,70,2,1,-1,-1,0,2,-1,1,14711,36265,26893,33798,21271,34523,3031,0,9556,0,753,7687,1
23257,69,2,2,-1,0,-1,-1,0,0,6539,7560,10036,14088,9422,11496,3308,2668,1872,2245,3229,4104,0
35508,64,3,2,6,0,0,-1,0,-1,4596,23540,11221,6004,20963,11892,1867,0,0,1590,5065,5319,1
15730,74,1,2,0,0,3,-1,-1,0,6141,0,0,8185,2209,3185,2307,0,0,1733,587,402,0
44183,42,2,1,0,-1,0,0,-1,0,33094,23163,12665,6482,10748,27140,948,0,4831,1770,4594,6177,1
27447,27,3,1,-1,0,0,-1,-1,-1,9266,17918,12953,2562,10209,20712,4206,2976,2455,0,2043,7739,0
52329,47,1,1,0,-1,-1,1,3,-1,13285,15562,20990,24652,38919,19766,3442,4962,7713,1433,16836,2076,0
35383,61,2,2,-1,0,-1,0,0,0,4814,17281,9322,12864,18150,10118,2191,0,5425,4631,12276,1130,0
51684,63,3,1,4,4,-1,2,-1,1,22714,13682,26891,3850,18833,11203,0,59,8410,103,490,2076,1
33786,41,1,1,-1,0,-1,0,4,-1,5547,19236,12440,7433,3919,26332,1448,7370,3591,0,0,7963,0
217073,36,2,2,-1,-1,-1,-1,-1,4,54082,137364,45671,98140,145339,22226,17089,38443,11474,26056,74376,10998,0
108061,45,1,2,0,-1,-1,0,-1,-1,17347,75455,64411,46852,33503,68522,0,2750,11292,12671,4041,19882,0
25787,64,2,2,-1,-1,0,-1,-1,-1,13132,15900,11823,4143,16845,21409,0,1626,5025,0,8931,2611,0
57589,24,3,2,-1,0,0,3,2,6,15097,28201,16700,20948,49429,14763,7418,5870,0,1458,5353,0,0
108649,38,2,1,-1,-1,0,0,0,1,21414,36568,74599,23266,47572,78427,2140,0,12161,5061,17851,3757,0
65860,33,2,2,0,-1,-1,0,-1,0,16004,16046,54541,45403,25894,33716,0,0,24481,0,0,1506,0
21924,64,2,1,-1,-1,0,-1,3,0,14270,4664,10475,7471,434,14472,0,1979,3299,489,0,5122,0
410980,46,1,1,0,0,0,-1,-1,-1,193692,133394,135620,128062,77440,126354,65477,42879,0,25935,20804,16057,0
114468,25,1,2,0,-1,0,0,5,0,53150,23433,87447,28991,36635,4734,2589,8374,32661,10433,17284,1093,0
25296,35,1,1,0,-1,-1,-1,-1,-1,11554,15552,7847,14223,8438,5046,837,2247,4542,9734,0,731,0
81126,23,1,2,-1,-1,-1,-1,-1,0,48889,25084,36123,22516,34026,51960,8263,12990,4683,3191,0,28355,0
41099,46,2,2,3,0,6,-1,-1,5,8882,31951,36650,13471,37844,14820,1415,0,16359,6137,5752,804,1
68982,74,1,1,0,3,4,-1,0,-1,18662,18322,29255,37690,41489,36349,6385,0,0,12000,0,24545,0
26410,51,1,1,-1,-1,-1,3,-1,0,0,7367,8902,10814,22034,15992,0,847,4136,882,4977,0,0
51198,67,2,1,-1,0,0,0,-1,0,15443,7903,4229,5626,19185,26880,6091,1016,0,3037,1150,9025,0
35294,61,1,1,-1,-1,-1,0,4,0,21494,13352,10456,19068,23627,22237,0,2665,250,4819,0,8057,0
51887,68,1,2,0,-1,0,0,0,-1,33571,10024,16296,11837,19677,12730,1337,3540,2602,664,3500,0,0
93566,37,1,2,0,0,6,-1,-1,-1,37633,36266,68030,60043,33178,14052,0,11171,19508,11473,0,2665,0
46871,72,1,1,3,5,0,0,-1,0,43568,17121,19151,16858,36178,12020,7470,5593,4691,5762,15596,3473,1
38857,33,2,1,-1,-1,0,6,-1,-1,23829,12380,23022,10170,18986,15148,3102,7106,3402,4332,8869,4474,0
94483,44,2,2,-1,-1,0,0,0,-1,74603,19795,7847,35622,65274,83879,18051,2331,159,5013,8136,30730,0
16855,57,3,2,0,0,-1,-1,0,0,1409,10724,10728,13880,8675,11797,325,706,7046,0,0,3745,0
29180,36,2,2,-1,-1,0,-1,-1,-1,19317,14806,14579,5612,14424,7975,11406,5171,7474,498,1772,2106,0
17967,35,2,1,-1,0,6,0,0,-1,6857,10920,4539,13893,3494,7835,980,2738,542,541,1018,1246,0
17765,28,3,2,0,-1,0,0,-1,3,3812,9759,7216,8311,15703,11829,0,4036,2728,2304,3018,2969,0
54355,21,2,1,4,0,-1,0,0,-1,21267,16186,23354,28226,13417,7704,6380,2232,0,4285,3273,3037,0
81762,48,2,2,0,-1,-1,3,0,2,41153,31181,39000,21249,9867,44113,15517,4326,13330,5102,1933,11285,0
25721,74,2,1,0,-1,-1,0,-1,0,16925,20554,15066,18108,20440,10546,2561,6565,4089,0,4918,5028,0
111783,32,1,2,0,-1,-1,-1,0,1,48085,34774,37951,29507,39304,78745,0,2207,2789,6235,0,32927,0
74655,44,1,1,5,0,0,-1,0,0,33214,11397,20005,31781,29772,34971,5872,2452,1159,25054,0,17402,0
22706,71,1,2,6,-1,0,0,-1,-1,11696,12646,13309,12696,3491,10076,5101,3773,590,3994,1218,1775,0
56367,62,2,1,0,-1,0,0,0,0,26872,17873,34373,19915,25381,12955,7713,4039,10761,2726,5636,4436,0
178431,21,1,2,0,0,-1,-1,-1,-1,38614,27321,63453,93173,103848,50649,0,7312,4977,17836,0,0,0
10789,48,2,1,-1,-1,-1,-1,-1,-1,4166,8257,3769,6076,4570,1404,1835,2329,614,2500,0,0,0
170670,28,3,2,1,0,5,-1,0,0,78929,94574,69418,74682,44664,99615,44351,32114,31430,22564,18029,34588,0
30079,34,2,1,0,-1,0,-1,1,0,14771,0,15710,13752,18026,20711,1938,0,831,4995,5009,14421,0
18346,34,1,2,0,-1,0,-1,-1,1,11742,3081,13582,11076,2277,7134,6821,327,6152,951,354,2623,0
54761,54,2,2,-1,0,-1,0,0,-1,11222,6377,29523,24875,9613,34217,0,504,19188,7106,1953,20225,0
133431,31,1,1,-1,-1,0,-1,5,1,108927,90594,46989,72841,19629,49590,38202,8460,5427,14388,11490,8568,1
27418,34,4,1,-1,2,0,0,1,1,2553,27393,11669,9632,8971,10135,983,4560,3685,2220,0,664,0
62898,33,2,1,5,5,2,0,0,0,25418,2317,12165,31992,11993,12023,2279,1064,0,10447,3280,0,1
267209,40,2,1,0,0,0,0,-1,-1,78258,53986,69141,143369,127242,159023,14976,40449,45805,22229,42890,87685,0
57787,56,2,2,-1,-1,0,-1,-1,-1,12731,21935,39154,20551,24267,20830,6523,3360,4452,0,4787,1779,0
532847,42,2,1,0,0,0,-1,0,0,373656,328389,168897,332054,316544,124436,31217,116322,0,115068,0,3350,0
134821,38,2,1,-1,6,-1,-1,-1,-1,60472,7650,62355,80772,68034,78317,14294,1575,9758,49502,24746,0,0
71517,48,1,1,-1,-1,-1,-1,6,-1,33767,60658,31313,34264,26571,33368,0,6890,9187,19390,2991,12391,0
86656,54,1,1,-1,0,0,0,-1,0,55614,32333,1596,16026,64216,42897,11566,17293,364,8375,1580,5462,0
53152,21,1,1,-1,0,-1,0,0,-1,38958,38479,31413,41501,17696,22994,9946,1011,3930,9936,0,5117,0
59853,69,2,2,0,-1,0,-1,0,0,12733,11864,22341,25309,5955,30075,2072,4441,4098,9754,0,12675,0
53775,70,3,1,-1,0,5,-1,0,2,25643,23570,20522,9630,4273,38808,14024,3449,7187,3744,2127,15496,0
35478,53,2,2,0,0,0,-1,-1,0,13755,20038,29693,16862,20529,9965,1175,2216,1580,3737,10918,1063,0
16252,52,2,2,-1,3,1,0,0,-1,1439,9849,11530,10821,1293,8606,123,1567,1708,0,156,1935,0
98750,58,3,1,-1,-1,0,-1,-1,-1,50717,50457,48844,26428,56079,2901,39727,13199,10212,10919,17287,487,0
149530,44,1,2,-1,0,0,-1,-1,-1,44974,66707,24575,17359,47401,62074,8536,20891,1802,10919,2016,6404,0
22088,40,1,2,0,-1,0,-1,0,0,2275,14200,9084,13361,10704,6893,687,3834,1772,4343,1805,382,0
39344,40,3,2,0,-1,0,3,2,5,2491,14352,28389,24924,21465,19166,369,6581,12005,5900,9279,11047,0
78040,29,3,1,6,0,-1,-1,0,0,9221,6156,10343,16977,67076,12815,1459,3074,1317,3804,8615,6747,1
102639,66,2,2,-1,-1,0,0,0,0,40547,46462,43147,20891,54138,1589,25839,3900,5841,3118,171,632,0
39391,38,1,1,0,0,4,1,0,-1,4304,21645,6260,19557,9877,13166,966,7305,362,2142,4780,687,1
75283,36,3,2,-1,0,0,3,5,0,27706,31034,45268,53639,13629,35511,3009,613,12482,19564,6556,18592,0
49616,73,2,1,0,1,0,-1,0,0,7737,15458,41106,10371,4532,1347,244,5216,9516,5518,861,691,0
66899,48,2,1,-1,0,-1,-1,6,5,43726,30812,40402,37246,16676,18372,13181,0,19567,8219,7216,0,1
32888,54,1,2,-1,0,-1,0,0,0,4815,17267,11341,15614,10388,4105,1358,11179,0,0,2289,950,0
10000,34,2,1,0,-1,-1,-1,-1,0,4458,6758,3769,3735,6799,3351,1849,0,164,60,3201,273,0
18424,35,3,1,-1,0,-1,-1,2,6,621,8773,4394,3895,14445,7087,106,2128,888,579,2303,0,0
52711,60,3,2,-1,-1,6,-1,0,-1,21074,21874,24894,21235,27954,15911,12127,11812,0,9802,718,9199,0
41591,45,2,1,0,0,-1,-1,-1,-1,33351,24239,23287,10874,5992,11746,18698,4703,0,1752,2842,1359,0
82466,28,2,1,5,6,5,-1,0,-1,14985,72039,16367,12583,33176,25705,4583,0,4978,2897,5092,2000,1
118767,66,2,1,4,-1,-1,0,0,-1,58814,64349,39293,34463,22085,4568,13116,0,12402,4392,5494,18,1
37631,42,2,2,5,-1,6,3,2,0,5519,13026,9123,8337,5116,7945,780,4359,2589,1087,0,2040,1
34781,57,2,2,0,-1,0,-1,-1,0,14113,10964,21529,0,5543,6109,2039,0,0,0,0,998,0
11932,39,1,2,0,0,0,-1,-1,0,1962,11039,5863,4445,11311,2121,756,6937,2355,706,2106,334,0
19897,51,1,2,0,1,0,0,-1,0,13040,10994,2851,6763,5494,8695,0,6860,746,0,2698,5258,0
16781,62,2,2,0,4,-1,-1,0,0,8416,6859,10344,9898,11064,7463,1655,1346,1931,4923,2549,0,0
107128,68,1,2,0,-1,5,4,0,4,25102,41096,72167,65610,49130,38602,10018,2932,13490,3827,0,0,0
53106,32,1,2,-1,0,-1,-1,0,0,15428,2171,1706,34076,8021,22156,0,1321,143,19175,251,18896,0
22380,57,3,2,0,2,-1,-1,0,0,8511,13349,8017,14337,8101,425,3358,2232,2751,2597,924,85,0
29173,70,2,2,0,0,0,-1,0,-1,14076,18582,16956,7206,12694,19042,1655,11958,6371,3049,3974,6009,0
36801,55,1,1,-1,-1,0,1,0,-1,9575,4591,7525,9944,51,11150,0,990,639,3159,24,0,0
143665,28,1,1,0,0,4,4,0,0,67572,85021,101135,70167,38715,102630,32338,0,7904,31142,9163,15897,0
52821,31,2,1,-1,6,4,0,1,0,27666,15914,31140,10626,33008,6801,10310,4634,3916,2060,2621,4082,0
108343,31,2,2,-1,0,-1,0,0,0,71733,57296,50196,75422,40073,68352,1415,19091,17404,28931,5159,10376,0
10000,26,2,2,0,-1,0,-1,-1,0,4511,750,0,5446,5356,1289,2136,0,0,839,1086,399,0
75070,61,2,2,-1,-1,-1,-1,0,-1,5058,59899,9300,27131,0,43318,350,3186,1434,2689,0,0,0
46603,73,1,2,-1,-1,1,0,-1,0,32809,22420,16309,20034,19696,20241,5053,350,7454,2732,2528,2676,0
39136,48,2,2,-1,0,5,0,0,1,7163,24344,3957,17617,22347,16174,427,3295,1415,0,6481,3988,0
202548,53,1,2,0,0,0,0,0,0,57254,25315,134752,24686,100328,149149,14308,0,0,5563,11289,7801,0
35886,62,2,2,0,0,-1,0,-1,0,10530,4794,6777,18094,15927,10999,0,0,633,0,1299,2787,0
101721,43,1,1,3,-1,-1,-1,0,0,81390,23838,48348,24707,64669,42742,4574,15475,0,1817,13324,0,1
30397,46,1,2,4,4,-1,0,-1,0,5160,5988,10562,3870,16008,4999,2222,669,1213,0,11820,75,1
70640,52,1,1,0,-1,-1,0,0,0,11012,30649,33452,29558,25331,35951,3616,0,6894,5170,4285,3827,0
10000,37,3,1,6,-1,-1,0,5,4,0,5416,0,3607,2675,4728,0,1812,0,693,1491,1189,1
65553,24,1,1,-1,-1,-1,-1,0,-1,22422,39189,14926,34176,26647,28115,10169,0,0,21338,0,13182,0
93414,51,1,1,3,0,0,-1,5,-1,57930,15402,17645,46421,54331,49970,14910,6324,10359,0,0,1590,1
166303,65,1,1,0,-1,0,-1,0,0,93916,88299,103513,99148,97524,56796,0,24555,22427,0,0,5438,0
25480,24,2,1,0,5,-1,-1,-1,0,3599,6565,7344,9579,6712,5412,671,440,4117,2357,972,2577,0
32106,32,2,2,0,0,0,-1,0,0,18869,15473,7087,13940,2265,4712,3726,4430,1520,0,850,668,0
20496,35,3,1,4,2,4,0,6,-1,6488,5959,11436,12993,13339,9807,980,1468,5386,395,1269,1069,1
40006,64,2,2,0,0,-1,-1,0,-1,11164,18947,16489,29993,23751,21069,3508,10917,6246,18098,7437,6003,0
22671,48,2,1,-1,0,0,1,-1,0,4515,5317,12989,2172,18435,5824,2788,1800,5312,586,0,2766,0
10000,49,2,3,-1,0,-1,0,0,0,8304,0,2263,5094,4070,751,579,0,224,218,1762,437,0
29801,55,1,2,0,-1,-1,0,-1,-1,8723,11469,9809,17808,24033,6658,733,2215,0,13685,14503,2444,0
32996,35,3,2,6,-1,-1,-1,2,1,25492,15470,11880,10133,13716,12752,6521,3614,0,217,477,1545,1
30480,59,3,2,-1,-1,-1,0,0,-1,8159,3357,11467,9274,4893,16185,2540,1193,4058,3981,506,1306,0
106741,22,1,2,0,-1,0,-1,-1,-1,46649,23666,46367,48595,22918,69743,35160,3326,11331,4030,1869,21737,0
96158,27,2,1,0,-1,0,0,0,0,22318,65926,13812,32775,74475,29940,0,12537,5611,6940,20548,7774,0
47898,65,1,1,-1,0,-1,-1,-1,4,20624,42399,8516,18108,14098,37367,4703,17538,5805,5241,0,10983,0
13785,56,2,2,-1,0,-1,-1,0,-1,6734,917,8501,5196,0,5109,3243,501,735,571,0,2564,0
67681,30,2,1,-1,0,-1,0,0,-1,40862,35794,42411,10661,18321,38357,5128,2573,15657,2269,2405,13977,0
34046,44,3,1,-1,-1,4,0,4,5,5022,14955,6453,7424,9057,11999,524,312,1509,3662,2284,1011,1
55810,23,1,2,-1,-1,-1,-1,0,2,17901,40617,7560,9592,47753,17303,2725,18529,1856,1497,15444,7481,0
130136,57,2,1,-1,0,-1,0,-1,-1,42173,74472,27900,63852,63060,79788,8768,0,0,33518,7179,5134,0
70293,61,2,2,-1,0,0,0,0,-1,44743,30630,10973,25165,16557,27886,14919,23372,4734,9510,3493,1927,0
75719,36,1,1,-1,0,0,-1,0,0,38683,25852,50367,28371,23676,39231,10120,15907,12609,8654,3655,0,0
55888,39,2,1,-1,-1,0,0,-1,0,18903,30356,19864,19118,49688,22537,2462,8127,5133,5167,10291,3680,0
96738,33,2,1,0,1,2,-1,0,-1,52227,40614,66409,20717,22695,35789,21591,0,10014,5644,1834,21910,0
28236,42,2,2,-1,4,-1,-1,-1,0,16872,6359,5616,14254,6241,14626,1476,1043,1992,4091,2430,1391,0
16969,35,4,2,-1,3,6,2,3,4,8412,11494,5662,10753,4213,4038,1462,5267,2748,969,1518,1559,0
56906,34,1,2,-1,-1,0,0,3,-1,14100,11145,10136,9814,7752,19903,9312,5092,2009,0,0,4991,0
26745,44,1,1,0,-1,-1,0,-1,-1,12006,6468,5965,16684,4132,9243,4812,3716,647,4255,1111,5231,0
66180,67,1,1,-1,0,-1,0,0,-1,37348,23865,39676,3520,23786,10902,5328,13256,18142,1536,7491,5456,0
74163,62,1,2,0,-1,0,0,0,0,8411,32435,22264,48230,23097,19055,1730,10037,10690,9041,3594,3702,0
46395,37,2,1,-1,-1,0,0,-1,-1,13743,20733,4161,33309,21931,12549,6755,2582,1923,10141,6425,0,0
25698,71,3,1,-1,0,0,0,-1,-1,8357,4986,13429,1931,8619,5573,926,1340,3766,157,2027,1613,0
183947,32,2,2,-1,-1,0,6,0,-1,59607,73792,26883,119586,86899,46431,7200,28047,3438,17438,21848,6017,0
104039,70,2,2,0,0,0,-1,3,0,66390,14065,43026,13613,69583,39814,38863,7298,3670,1234,0,5185,0
45355,37,2,1,0,2,0,-1,-1,0,25611,36444,24086,20326,33356,5265,0,6327,6349,377,2615,2328,0
73931,50,1,1,-1,0,6,0,4,-1,38343,30991,27941,59678,36773,38379,13574,0,4119,22897,9579,27664,1
103197,31,3,2,0,0,0,-1,0,4,36093,12822,45570,47125,52324,36121,2179,2416,21449,10737,18741,14866,0
30710,62,2,2,-1,0,0,-1,-1,-1,6854,22590,21521,6834,6302,15282,597,5912,8201,0,3004,3659,0
22641,38,2,2,0,0,-1,-1,-1,-1,5594,7401,5993,9503,3581,11356,1865,2303,2728,4299,256,1264,0
41144,68,3,2,0,0,0,-1,3,2,14029,24249,26849,21844,9916,25832,1781,7578,2144,5323,3006,514,0
68263,25,2,2,-1,-1,0,0,0,0,7518,22127,20821,22709,8990,38958,3786,7072,3233,2740,2071,1065,0
101445,48,1,2,0,-1,-1,-1,0,0,26131,18552,33178,22659,75647,45650,3728,4233,3472,11677,13833,24816,0
95056,29,2,2,0,-1,5,3,0,0,32162,44507,11193,79392,40798,36723,3381,0,6074,10588,11243,20286,1
27280,69,2,2,-1,0,0,-1,-1,0,12763,20301,18105,18536,9266,3968,1440,0,2653,837,4100,117,0
15886,43,2,1,4,3,0,-1,-1,-1,6126,9956,4078,9455,11683,1560,1721,0,709,0,0,376,1
21497,57,3,2,0,-1,0,0,6,4,17688,7876,6673,14541,15439,754,4358,964,1123,0,9080,325,0
78078,68,2,2,3,3,0,6,3,6,49117,43551,23187,33275,57163,28215,42373,4822,0,3275,8519,16739,1
23446,49,2,1,0,-1,-1,0,0,-1,11464,16137,13733,13545,2697,226,1807,2678,2512,1649,35,39,0
10000,24,3,2,0,0,0,0,3,2,5798,1940,3816,8169,2597,4722,1170,0,514,0,697,2016,0
55017,32,2,2,0,0,0,0,0,-1,16126,39172,21201,23070,23786,13192,9246,4958,3853,9184,4171,6459,0
31142,32,2,1,-1,0,0,0,1,0,10241,19000,11754,16214,19185,8042,5748,13958,2217,317,0,1271,0
17236,70,1,2,0,0,-1,-1,-1,-1,8987,9815,2467,12603,11948,13343,887,0,393,3507,4347,4903,0
52029,70,2,1,3,1,0,-1,-1,0,7486,14268,7885,18201,29482,27170,810,0,1613,2275,7059,5857,0
35989,46,2,2,-1,-1,0,0,-1,4,24162,14454,11211,15598,4646,17939,1835,0,4254,800,0,1732,0
262303,69,1,3,0,4,-1,0,-1,-1,150990,167583,34330,74868,75528,30944,53916,8512,11971,0,0,13508,1
52631,34,2,2,-1,-1,0,2,4,-1,16072,20935,27446,1526,5714,4947,0,0,10778,982,1265,1519,1
109681,57,1,2,0,0,0,0,0,-1,52125,50317,50431,54245,17549,50036,23808,9525,3440,15539,6227,12589,0
67689,42,1,2,6,3,-1,-1,-1,0,28103,7060,30192,17747,21458,13103,6371,1688,11973,5769,7371,2672,0
30393,33,2,2,0,-1,0,0,-1,0,19390,15601,9716,14221,22613,27196,10829,4654,1962,935,0,434,0
46461,34,1,2,-1,0,0,-1,6,4,19230,13784,11730,17857,33824,14472,1083,0,227,3262,0,7894,0
116397,43,2,1,-1,0,0,1,-1,0,36333,56787,62640,57517,42346,76074,15502,0,17549,0,0,13345,0
89163,39,2,2,0,0,0,-1,0,-1,18703,40952,28132,52402,35387,8905,8266,3870,16494,0,0,0,0
20859,32,1,2,-1,-1,0,-1,0,0,1628,10341,11760,12793,7565,17493,610,1209,1965,4488,694,3605,0
25275,39,1,2,4,3,5,2,3,-1,14411,1945,8083,6306,5733,7485,0,897,1768,310,980,592,0
18873,27,2,1,6,-1,-1,3,-1,0,6001,12988,1489,3288,3844,0,880,0,628,207,499,0,1
160259,73,1,1,-1,-1,0,2,0,-1,74357,120298,95021,12530,82908,54864,32181,72899,0,3460,10790,32524,0
12269,41,2,1,-1,-1,-1,0,-1,0,12002,11798,3264,6458,1746,11214,5957,2808,1066,466,72,5507,0
91967,26,2,1,-1,0,-1,-1,-1,-1,16235,62991,32647,51732,15859,40416,5262,35392,0,9153,1226,7363,0
67419,52,2,1,0,0,0,0,0,-1,22437,28674,3715,14189,7687,14033,0,13950,1157,1341,2011,9948,0
55130,68,2,1,0,0,0,0,-1,0,448,17665,22723,18595,17148,22087,115,6771,4567,5423,6536,1539,0
23504,40,3,2,0,0,-1,6,1,0,9523,11209,8730,4320,3424,3707,2527,1144,0,1703,505,0,0
177613,66,1,1,0,0,-1,-1,-1,0,44278,68961,75076,125944,55986,61991,14957,25867,12663,25136,1207,19875,0
37575,53,3,2,3,2,-1,-1,-1,5,9081,2451,12258,17117,9433,13773,0,503,2352,10158,1979,3921,1
15438,60,2,1,-1,0,-1,0,0,-1,7847,0,3304,3246,8503,7480,1445,0,620,500,0,636,0
18600,36,2,2,-1,0,-1,-1,0,0,7879,3304,9181,7371,7816,6445,0,871,1627,2599,1280,93,0
18410,22,1,2,0,-1,-1,6,0,0,10735,1347,3869,8198,6433,10352,2000,91,0,1745,0,2171,1
179286,39,1,2,-1,0,-1,0,-1,0,89356,81016,111571,86252,26927,57097,52067,28064,62734,22337,8919,8723,0
107229,70,3,2,0,-1,-1,0,-1,2,53073,52587,10129,67505,89116,53214,31733,27569,2333,0,13834,4510,0
163651,63,1,2,-1,-1,0,0,-1,0,56592,62133,79396,44881,15522,14156,21517,0,30229,14347,2553,9517,0
30601,63,3,1,3,-1,1,3,1,4,7144,20181,2534,9449,14011,6352,742,2053,0,1787,3150,1942,1
15660,68,2,2,-1,-1,-1,-1,0,0,6030,9846,8672,9114,7691,4534,827,0,2331,0,1541,657,1
21094,41,2,1,5,-1,0,-1,-1,-1,11121,4034,13889,3319,9305,6720,2636,548,4167,1449,620,3722,1
22223,38,2,2,-1,0,-1,-1,0,0,13783,15963,8829,3452,11174,12301,927,1652,82,0,7607,0,0
66165,70,1,2,0,0,-1,0,-1,-1,37490,46824,44704,29347,42756,41702,13814,4555,4100,4677,9441,0,0
148739,51,2,1,5,-1,0,0,-1,0,96120,121232,23607,4297,111424,70124,53792,13250,2414,1061,37473,16005,0
103791,37,3,2,3,0,0,6,0,0,39540,49072,41781,29962,40259,37957,12686,0,0,6209,17270,3700,1
46434,36,1,1,2,0,0,0,0,0,33912,7511,9939,12421,31144,26259,4391,0,2758,8368,2298,14392,1
10000,68,3,2,5,3,5,0,5,4,6609,8497,4618,6127,5486,10000,4574,4974,2036,1186,440,2074,0
13490,23,4,2,-1,-1,-1,0,0,-1,5905,9851,5484,5320,6966,1999,0,217,1748,1790,638,449,0
177611,24,1,2,0,-1,0,-1,0,6,46495,35182,101508,34920,86524,86942,5011,11253,52604,9220,40541,0,0
59000,60,2,2,0,-1,-1,0,0,-1,15772,20506,20604,23663,12391,24221,3960,3561,11761,997,2129,5162,0
51635,21,1,1,0,0,-1,-1,0,-1,15648,20814,5210,9611,35579,10259,6410,0,1444,5601,8246,2029,0
34881,30,2,2,-1,-1,0,0,0,0,15005,5121,26349,19660,24392,25149,2406,902,4719,2202,7589,9454,0
18819,74,4,2,-1,-1,4,0,0,3,13249,1343,8053,13042,10389,12480,3825,568,4436,7639,1691,3772,0
13099,43,3,1,0,4,4,6,-1,0,3519,2090,5542,10549,0,8597,209,0,1430,8173,0,1857,1
180047,60,3,1,-1,-1,0,0,0,0,112749,28096,56354,85847,71992,40525,0,3402,9208,15911,2659,0,0
271375,47,1,1,-1,0,-1,0,-1,-1,41351,129786,101972,161090,74518,68029,13689,12710,35099,14643,21746,1969,0
25400,25,2,2,0,0,0,-1,-1,0,7876,7380,9347,4065,0,12016,1528,407,0,732,0,2248,0
16871,30,1,2,5,-1,-1,-1,-1,-1,9300,2447,2974,10576,1745,13118,1389,1340,622,0,315,2274,1
39282,62,3,1,0,0,-1,1,0,-1,27944,27324,16589,12522,1042,8708,4887,7206,736,1684,64,3894,0
60991,26,1,1,0,-1,-1,0,0,0,5408,29879,20574,27886,20543,13681,337,8945,2518,15276,7913,1613,0
113435,53,1,2,0,0,0,-1,-1,-1,59672,20337,67375,86792,57651,26273,2992,7657,16124,23761,31556,3242,0
135965,39,1,1,-1,0,0,-1,0,-1,42426,45349,53286,51364,59303,78310,21078,0,313,0,9700,0,0
26915,40,1,1,-1,0,0,-1,-1,-1,7687,14696,9944,8075,16524,11499,3362,4951,1968,1396,6340,2125,0
191118,72,1,2,4,-1,-1,-1,0,-1,37520,80495,67753,95665,43485,57550,755,14131,36863,53822,0,22136,0
51737,53,1,1,0,-1,0,-1,0,0,21809,9342,10213,22357,34930,20021,6773,1641,0,1229,5558,6142,0
55806,54,3,2,3,0,0,1,5,0,22873,26201,520,12297,2166,5656,2377,11670,0,4079,729,1911,1
39768,39,2,1,0,0,0,-1,-1,-1,31611,20381,21273,16046,11628,16664,8776,3937,1808,7042,989,4282,0
143553,41,1,2,0,-1,0,0,-1,-1,99164,85564,33939,60869,80102,40397,33289,41998,8402,12934,34808,0,0
10000,58,2,1,-1,-1,-1,-1,-1,-1,3182,763,9361,2323,1262,2257,596,164,817,162,36,1194,0
88491,23,2,1,-1,-1,-1,-1,0,-1,16692,31746,27844,51778,54570,61862,4454,5638,2488,11870,15790,26524,0
25196,33,2,2,0,0,-1,-1,0,-1,14453,17043,9840,9650,13018,14721,0,2201,2889,631,2281,3571,0
72783,53,1,2,0,0,-1,6,-1,-1,46062,53592,50930,19610,8857,41367,0,19574,7889,1657,3494,17299,0
132688,54,2,2,0,-1,-1,1,5,-1,36440,13842,57065,49333,65169,76659,12415,3186,29529,25863,30853,24092,0
25783,25,2,1,-1,0,0,-1,0,-1,7818,2997,15219,8444,4265,12005,3394,444,11285,1832,704,6312,0
31839,63,1,2,-1,-1,-1,3,-1,-1,16839,8173,10724,6647,14836,15824,3773,4507,3057,1052,497,7320,0
36403,50,2,2,-1,0,-1,0,5,0,24977,12192,7714,12542,22389,4768,1382,2060,1323,0,7151,2902,0
34611,33,2,1,1,-1,-1,0,0,0,28212,559,16441,26976,4351,19153,3113,246,3846,14598,671,6552,0
21160,61,2,2,-1,-1,0,0,0,0,2986,13827,5600,13511,9005,13201,307,6416,1727,1022,4056,4735,0
53370,74,2,1,0,-1,-1,3,-1,0,20516,23973,21567,14249,667,30561,3165,0,6875,535,21,13003,0
55633,43,2,2,0,0,0,-1,-1,0,28296,13821,35271,14492,38727,29517,12044,6116,12815,4054,0,9027,0
70996,36,2,2,0,-1,0,-1,-1,-1,51518,37241,22602,41093,36820,33687,5384,10388,4187,4763,6738,4897,0
35625,37,1,1,-1,-1,-1,-1,-1,0,14900,14202,6995,15337,22052,18238,2786,2821,2012,2445,9854,9055,0
32249,53,1,2,-1,0,0,-1,-1,-1,5152,13500,10495,13968,11185,23210,1127,5711,1984,4459,6972,4616,0
44583,23,2,1,-1,-1,0,0,3,0,11322,10035,9345,26927,25276,11819,859,1475,372,4856,0,658,0
56411,47,1,2,-1,-1,0,0,-1,0,25322,48069,39436,28852,22259,39639,5090,7177,16987,13129,3907,22832,0
40918,22,2,2,-1,2,3,-1,0,0,20623,25141,18756,0,2968,24251,4438,0,8877,0,0,11030,0
38975,23,1,2,-1,-1,-1,0,-1,0,12125,23599,9196,11420,2445,15772,1742,0,2683,1908,245,4596,0
63833,44,2,1,0,-1,-1,-1,-1,0,5618,5114,25960,51806,31632,6393,1380,518,3893,10607,12738,2036,0
23063,61,2,1,0,0,3,-1,0,0,17067,8606,13126,710,5532,0,0,2843,1336,120,393,0,0
44456,68,2,2,0,0,-1,0,-1,1,27041,25654,8537,19196,27124,19592,2233,15362,1495,0,1869,4558,0
38365,25,2,2,-1,0,0,-1,2,0,20852,19117,12844,13542,22848,11859,118,5051,1984,0,0,0,0
47726,34,2,2,0,-1,0,-1,-1,-1,17010,36528,20444,35853,22824,23741,7209,10625,8631,0,1780,5174,0
88569,43,3,1,4,0,0,0,6,-1,54264,65282,37436,50576,38582,45136,1193,7430,12103,19754,1609,18620,1
17126,51,2,2,0,-1,-1,6,1,0,7081,1082,5258,1030,3811,11092,0,162,2762,0,1203,0,0
10000,74,2,2,0,0,6,-1,0,-1,2815,2048,2435,10000,1903,4847,1247,1540,608,0,233,1578,1
42664,57,1,2,-1,0,0,0,-1,0,14605,7357,37567,6745,7936,23961,9250,993,0,3596,4289,8901,0
19515,50,2,1,4,0,3,2,-1,0,4427,13695,10519,7247,3307,13111,399,5070,2524,684,1552,5868,1
10000,24,2,2,-1,-1,0,-1,0,0,8312,6373,5573,4555,5277,4017,1014,576,1230,619,1332,0,0
198209,25,2,1,-1,1,5,-1,6,-1,83679,129550,39985,78447,178910,38582,0,0,6263,30448,0,2740,0
76708,29,2,2,-1,-1,-1,1,0,0,10903,38055,20575,6752,38884,27887,2407,824,0,3099,6436,7665,0
58515,56,3,2,-1,-1,0,2,-1,0,22876,41635,25802,18786,30202,22049,86,7023,984,2971,9418,100,1
27308,38,3,2,0,-1,0,0,0,-1,10851,11041,11840,8914,1464,9138,596,2101,7435,2793,230,2079,0
68641,34,2,1,4,5,6,0,-1,0,19821,8600,5892,39590,14251,38849,6260,1876,583,890,2952,1883,0
24470,57,3,2,-1,-1,0,-1,0,0,19475,466,2523,13542,0,0,750,201,0,2388,0,0,0
65826,65,3,2,0,0,0,-1,0,0,8924,13806,9787,24268,24771,46152,3243,7310,548,4808,0,0,0
79835,44,1,1,0,-1,0,2,0,0,13354,16554,48237,51998,13314,44928,3390,4335,10668,0,5908,17013,0
47609,68,2,1,-1,6,0,-1,0,0,16060,23933,11029,27598,25676,33756,1023,5588,564,5822,7004,15125,0
70800,60,1,1,0,0,6,-1,-1,-1,20653,51274,38376,37563,19877,9588,0,17378,9149,23219,4429,1605,1
221644,59,1,2,-1,-1,0,-1,5,0,103853,52167,138550,71164,81679,32776,47277,3416,22917,24069,7659,5515,0
78459,67,1,1,0,-1,0,-1,0,0,20877,54057,19707,38418,11536,74875,3332,11568,7014,12269,0,0,0
21510,30,2,1,0,-1,0,-1,2,3,19036,0,8508,9358,10735,10211,7263,0,1167,1349,1197,2364,0
89807,61,1,2,-1,-1,-1,2,6,-1,73234,49175,43546,51476,79053,18916,7959,6139,12337,0,0,0,0
101488,72,1,2,2,-1,0,-1,0,-1,50032,52899,38976,47754,11018,66404,21600,0,8567,5342,2529,5113,0
61126,74,1,2,0,-1,0,2,0,-1,34304,40533,18521,18265,28584,11823,6848,0,7125,0,4205,1196,0
47019,52,2,2,0,-1,0,5,0,-1,19522,11800,34157,32040,8507,10078,1888,1794,4541,9619,1122,2789,0
14623,61,3,2,0,1,6,5,4,0,2956,7537,1927,7822,3445,7426,422,1339,154,566,1069,662,1
37085,68,4,2,-1,-1,-1,-1,-1,-1,28665,12776,5917,32345,18214,21130,5866,2224,2319,5571,0,2628,0
18553,67,2,2,-1,0,0,0,0,-1,13538,11431,1968,7511,5535,7772,2658,959,0,0,234,3746,0
56153,69,1,1,0,2,6,1,6,-1,11764,12955,22960,40079,7717,9966,2333,6011,9727,4126,0,2811,0
20087,65,3,2,-1,-1,-1,-1,0,0,8137,11232,13588,8535,7588,4739,1879,4015,8358,2586,3632,0,0
150662,41,1,2,-1,-1,-1,0,-1,0,96060,16008,8866,81443,105522,21782,6211,0,1901,0,0,3763,0
118572,60,3,2,-1,0,6,-1,0,3,32779,16929,27012,16977,93350,57804,8950,1529,19924,5324,42037,26693,0
19624,43,2,1,-1,0,0,-1,-1,0,4832,4853,8612,12601,7378,14730,1115,895,4206,5014,2911,4303,0
48839,64,2,1,-1,-1,0,-1,-1,0,18849,10513,6548,18791,8681,26591,0,389,1892,0,3462,12677,0
53540,64,1,1,6,-1,2,-1,0,-1,7180,18485,34424,15359,28230,26309,1240,1613,14615,4756,0,7730,1
99510,71,1,1,-1,-1,-1,4,1,0,50412,24028,69882,48116,29881,72970,6073,3959,44754,8379,4942,12494,0
52944,52,2,1,-1,0,-1,-1,6,-1,15303,14602,13509,29216,19711,1528,3495,1961,3711,6986,3216,44,0
35957,46,2,1,0,0,0,0,-1,-1,21542,8599,3888,6172,19997,24297,4294,5837,0,1049,2468,7812,0
36987,29,3,1,4,2,-1,-1,0,-1,16908,5239,4515,10288,3873,8985,1672,1395,1685,1053,2310,0,1
41286,55,2,2,0,0,0,-1,0,-1,4392,25538,12781,24055,13138,8004,1233,2986,484,3298,6605,202,1
174784,51,2,2,3,4,-1,-1,-1,-1,42472,83346,110251,44602,47636,52473,10247,28466,10316,541,22375,13125,0
36372,48,1,2,-1,-1,0,-1,0,-1,8031,26889,23144,20827,4569,17189,3034,8764,574,8977,1357,7790,0
60233,57,2,1,0,-1,0,0,-1,0,14258,24209,30798,47723,15637,22384,823,4308,5995,12642,0,521,1
103174,66,1,1,0,-1,0,0,0,0,28121,31702,6712,39465,69564,24656,3204,0,758,14759,17947,0,0
69618,29,2,1,-1,1,3,0,0,0,41110,39606,42324,9108,34805,58307,0,17330,0,3244,4270,6756,0
38626,44,2,2,0,-1,0,0,0,0,0,25697,18687,28852,25856,21165,0,9172,9123,0,0,5184,0
146476,60,2,1,0,-1,0,-1,0,6,55783,12591,18435,26489,67175,67922,24321,0,1395,12023,2769,4019,0
10000,65,2,2,5,1,0,0,0,-1,3736,2897,4251,5049,1890,4517,378,417,737,1223,746,985,1
28604,63,1,1,0,-1,0,-1,5,0,12036,15320,11353,5433,16987,13672,3666,7433,5964,0,0,0,0
58348,64,3,1,1,-1,1,0,-1,3,46967,4922,31269,2432,1986,19738,8836,555,23771,500,916,2553,1
24243,67,2,1,-1,0,-1,-1,0,-1,9097,10555,12959,3085,6646,11566,170,3476,5230,633,2420,1173,0
23137,72,2,2,0,0,0,0,-1,0,5689,7275,18628,7522,13857,9903,1762,0,5709,1308,2977,0,0
33733,53,2,1,2,4,-1,0,-1,0,11561,9593,20617,16880,15218,14088,0,3918,1425,2798,3214,390,1
18302,34,3,2,0,0,6,2,-1,-1,1368,4159,5936,7469,12264,7281,154,711,3469,0,0,815,0
114249,51,1,1,2,2,-1,0,0,-1,34554,51911,58188,6790,43445,68074,4170,33989,7859,3030,0,3664,0
101065,59,2,1,-1,-1,0,0,-1,-1,30870,38559,67267,70089,36799,31052,8844,8053,5578,0,5200,11320,0
52609,26,2,1,0,0,0,0,4,3,29514,19467,19556,11684,14590,32910,3851,5809,9239,3511,3107,23453,1
159559,61,1,3,-1,4,6,0,3,-1,49880,102047,135583,19584,44877,66807,26972,30537,0,933,4217,5267,0
16169,50,2,2,0,-1,2,-1,-1,0,10996,2537,10769,7376,4579,6826,7112,560,566,915,1109,933,0
52089,71,2,2,-1,5,0,0,1,6,32529,12003,12392,10039,18443,32287,11069,6089,3841,2115,5296,6222,0
201760,32,1,2,0,-1,-1,0,0,0,87346,80376,55021,107652,53644,153235,49602,5251,311,37193,0,40231,0
149934,69,1,2,0,-1,-1,-1,-1,-1,77840,103125,32346,42636,122109,44839,401,45165,16855,9832,8446,0,1
108267,45,3,1,0,0,-1,0,-1,6,24957,39551,37448,42994,57662,31528,18711,8581,12718,17525,2323,3400,0
30575,51,2,2,-1,0,-1,-1,-1,-1,16862,2869,25868,16183,26606,7529,4290,187,5871,0,4880,546,0
142946,56,1,2,0,-1,-1,0,0,-1,57592,73008,37656,33818,38866,79480,0,47595,11747,5348,8162,3506,0
48778,52,1,1,-1,-1,-1,-1,0,6,5960,3064,38812,24469,20208,9728,1574,0,9606,6219,3661,1847,0
110480,69,1,1,0,0,-1,0,0,0,13210,39060,30723,49769,62681,34898,2753,32462,13719,27614,29277,1626,0
195863,30,1,2,0,-1,-1,-1,-1,0,128434,95185,75452,141345,60508,45341,37880,15972,9634,11986,0,0,0
25971,60,2,1,-1,-1,-1,-1,0,0,16441,2077,11030,12487,9623,13302,5807,280,3156,3063,2969,1644,0
15550,73,1,1,6,0,-1,0,-1,-1,1802,8612,15013,4663,6381,8972,501,0,1014,1123,3705,0,1
300897,32,1,1,-1,0,-1,-1,-1,0,71063,175796,267071,131426,152332,37884,0,23077,37191,8242,42076,7578,0
101414,34,1,1,0,6,5,-1,2,-1,19361,33212,32438,22876,59053,41130,6105,4535,7463,6548,7390,10320,0
44996,46,2,2,-1,0,0,-1,0,-1,16498,8895,12940,30604,15926,3124,1310,2904,0,13378,3492,337,0
43061,60,2,2,5,0,0,-1,-1,0,28060,18562,14720,14518,16606,4234,8149,3743,1868,0,3917,768,1
10000,72,2,2,-1,0,0,-1,0,6,6285,127,1048,1731,0,2936,3151,72,520,610,0,0,0
57929,63,2,2,0,0,0,0,0,-1,15208,26812,25325,41748,23474,16131,2512,2626,9032,8674,8156,1273,0
22446,63,3,1,0,6,3,0,-1,4,11950,13136,8360,10464,6518,7356,3922,2119,2243,444,2104,341,0
51122,44,2,2,-1,0,-1,-1,4,0,13994,13096,9758,20375,9501,28353,2444,2301,3524,2216,729,4619,0
35156,55,3,2,-1,-1,2,0,6,3,6351,22328,22318,25184,13164,16707,2697,1099,6884,3434,4254,6379,0
10000,32,2,1,-1,-1,-1,-1,0,0,5030,5061,4808,3529,4477,5686,1433,866,0,1484,2987,0,0
101563,46,1,2,0,0,-1,1,5,-1,56653,31739,23490,47704,13286,46418,32372,510,0,9891,6224,11679,0
57021,31,2,2,0,-1,-1,-1,0,5,39406,7832,13535,18908,7184,9334,6817,4378,4425,7866,2321,3465,0
63488,22,2,2,0,-1,0,-1,2,3,24020,8828,19832,30044,38985,29480,6498,1557,0,5468,12608,9683,0
42330,67,2,1,0,0,0,0,-1,0,9860,21107,31125,14182,13901,5872,901,10550,14707,2475,5197,1837,0
71368,64,1,1,-1,0,0,-1,0,0,30011,16451,15092,39085,22190,30646,15242,3174,0,2110,13709,0,0
56288,48,2,2,-1,2,5,0,6,-1,13044,34818,4345,16756,26393,40226,1846,18308,2489,3957,3181,20614,0
42733,21,3,2,0,0,-1,4,0,3,21102,23102,4620,17033,32917,17471,8705,8594,2555,3335,8905,10622,0
100402,25,1,2,5,0,-1,0,-1,0,15521,16240,6019,10866,14122,42754,0,7604,892,2641,4802,14633,0
86049,27,1,2,-1,-1,-1,0,0,0,8993,34418,52507,58228,27642,28813,0,20749,14482,33995,20305,0,0
301418,59,1,1,-1,0,0,-1,0,3,63205,105629,165029,98589,52490,163767,17921,4194,7916,23176,3942,31289,0
27424,31,2,2,-1,6,3,4,-1,0,6593,9533,16051,9237,4306,7057,430,0,2990,3748,0,0,0
25421,34,3,2,0,0,-1,2,5,-1,10951,0,17791,6949,17799,10456,1268,0,1273,3636,1078,2143,0
189921,67,2,3,0,-1,0,-1,2,-1,38862,113706,87109,128658,53166,98548,4059,37238,16537,9365,21521,33633,0
30322,68,3,2,-1,-1,-1,0,-1,5,20074,11686,18766,10733,7728,13100,3630,0,5356,0,1689,5422,0
103291,62,2,1,0,0,0,0,-1,-1,47175,11007,73333,17403,20829,87118,27777,3211,4873,3687,0,23047,0
54633,37,2,2,0,-1,-1,-1,-1,0,22158,14254,1351,18665,32178,20321,899,7906,248,0,9187,3624,0
57195,52,1,2,-1,0,-1,0,-1,0,9401,11193,21656,12428,10637,6910,1856,314,0,7120,1220,307,0
151065,31,1,1,-1,-1,-1,0,0,-1,48009,28822,62522,11106,73794,57383,1435,7254,0,678,7067,7405,0
74216,67,2,2,-1,-1,5,-1,-1,0,58038,22640,43608,53523,24165,35289,14472,10171,2130,32022,0,9804,1
20115,25,1,1,0,-1,0,0,0,0,10023,11909,9691,5801,12332,7956,3838,124,1227,1060,0,795,0
78847,61,1,1,-1,0,-1,2,0,2,29163,15782,19025,48825,22920,34653,0,836,4920,16436,2104,13456,0
15479,48,3,2,0,-1,0,6,6,5,1791,4186,5914,5027,4904,11726,683,2377,0,2432,0,2592,0
135526,61,2,1,0,0,-1,-1,3,-1,118290,88763,72102,64728,28142,127632,7627,66689,46409,0,17472,35495,0
279105,45,1,2,0,0,0,-1,0,0,61006,104386,130097,90212,127943,66389,18935,5792,18221,0,30295,15739,0
219515,29,2,2,0,0,-1,0,-1,-1,129938,54565,165253,142328,45961,80149,39031,12586,0,0,2498,40679,0
65251,61,2,2,1,0,0,-1,4,4,21262,47493,38728,44987,21766,14960,0,7508,6533,2100,1434,1009,0
23719,55,3,2,0,-1,1,6,0,0,9032,1169,8006,17466,15218,15679,1095,286,2549,5534,0,4648,0
63411,46,2,2,0,-1,0,-1,-1,0,3738,32977,29355,6273,27716,18155,1014,11448,16041,1325,1305,3807,0
32360,41,1,1,-1,0,-1,1,-1,1,9787,7531,0,13861,8268,17897,5768,1471,0,1662,2083,0,0
448144,39,1,2,-1,0,-1,0,-1,0,78743,160199,204392,327380,233013,221397,21386,34124,69558,73266,58405,0,0
178431,46,1,1,-1,0,0,0,-1,-1,96200,67561,36347,24184,79976,89310,7830,0,20013,7928,31834,8343,0
62543,35,2,2,0,-1,-1,0,-1,4,27277,26316,10184,42876,23276,32112,15205,6577,0,3263,10409,1258,0
108840,36,2,2,-1,0,-1,0,0,-1,39351,16090,48063,27649,16575,21831,8936,6535,0,1029,2158,7583,0
33077,36,2,1,0,-1,-1,3,0,-1,18037,14538,9360,5935,8507,17868,3824,3259,7774,686,0,1679,0
20203,21,2,2,0,-1,5,6,4,-1,11604,765,3471,7572,8871,3468,4550,169,1222,2866,2500,1371,0
11682,71,1,2,-1,0,-1,0,0,0,10064,1983,6709,0,5838,2212,940,184,719,0,3506,0,0
73344,33,1,1,-1,-1,0,0,4,-1,32256,12805,4756,17385,24429,40151,15209,2100,0,3742,9879,15639,0
58101,29,1,1,-1,0,0,4,6,0,16989,29973,7162,38107,27903,35813,6551,2252,3547,0,0,21690,0
74267,29,2,1,-1,0,-1,0,0,-1,6641,31708,23894,20397,16468,20193,553,8276,3071,0,4017,4107,1
49536,74,2,3,0,0,0,-1,2,6,29683,9948,22840,11352,18337,10112,2609,1710,11936,2211,8798,1105,0
50132,46,3,2,-1,2,0,0,0,0,34118,30740,25533,24964,19966,9594,2455,2771,6616,8170,10005,4823,1
131312,38,1,1,-1,0,4,-1,-1,-1,51374,21504,62766,69550,38333,37739,4537,11120,8036,26014,14718,7454,0
15242,42,2,2,-1,0,-1,-1,-1,-1,2905,6599,10161,3223,11143,4119,578,1178,2987,616,1732,1539,0
137529,25,1,2,-1,-1,0,0,0,0,86581,62082,85928,24090,31277,111728,0,12296,0,0,7347,5396,0
35409,37,2,2,0,-1,0,0,0,0,11364,33714,17165,31591,24831,5725,3405,10430,2696,14258,12537,1369,1
103832,34,1,2,-1,0,-1,0,0,0,41125,55548,37884,7571,13420,19670,10240,6583,8649,2473,7050,0,0
111055,64,2,1,0,-1,-1,-1,-1,0,61761,65905,68353,30603,28423,85300,2232,9574,8178,0,0,14881,0
156333,24,1,1,6,-1,4,-1,0,-1,69349,90703,51599,113545,45981,120454,41271,7085,17710,9679,0,52785,1
76099,43,1,2,0,0,0,-1,0,-1,42685,57113,50384,35735,16221,53625,21376,20871,15464,10549,317,19419,0
56544,63,2,2,-1,0,0,-1,-1,0,35150,34622,31824,39050,21697,28442,18335,14796,12349,4367,2488,2290,0
100060,66,2,2,-1,0,0,-1,0,1,57229,40331,8882,57709,21098,22501,28959,0,3684,4825,3040,5778,0
14750,48,2,1,-1,0,-1,0,-1,1,8284,5674,7135,4697,4657,4225,1982,0,1351,764,238,2365,0
32055,33,1,2,-1,0,0,0,0,0,11295,5916,14068,13419,15156,1926,5045,2162,4818,2350,5036,1198,0
27444,39,3,1,0,3,3,5,3,2,8214,12928,19675,6800,20330,13344,2025,0,0,1425,7385,3381,0
23629,33,1,2,0,0,-1,0,-1,-1,8403,8020,7515,6833,810,7542,1288,1623,2648,3251,0,1730,0
39443,56,2,1,0,0,-1,0,-1,0,2030,7719,15275,13193,21133,6555,0,1051,0,5849,13056,3170,0
26429,36,3,2,2,-1,-1,2,1,-1,7178,20943,2333,508,3427,18634,1511,12079,1196,235,1190,0,1
52558,55,2,3,-1,0,0,-1,0,0,33032,23818,17901,6161,17299,20971,11759,10271,4011,1872,6315,13317,0
65576,56,1,1,-1,0,0,0,0,-1,19705,45756,33833,24986,19579,38933,9400,3735,5926,5747,0,12907,0
115321,71,2,2,0,0,-1,-1,0,-1,56921,41069,74587,61222,39192,47455,20234,7539,25269,0,5932,4905,0
108540,40,1,2,-1,-1,-1,-1,2,0,63763,45517,33929,36020,8508,53797,8309,17311,14455,13989,2663,9003,0
46312,72,2,1,-1,-1,0,-1,-1,0,18478,22689,37105,25316,6614,34289,0,1791,11528,1521,1420,18412,0
37548,42,2,1,0,-1,0,0,-1,-1,16382,10251,20467,8822,8656,15197,0,3772,0,4568,3837,6036,0
47190,57,2,2,-1,-1,0,-1,-1,4,12792,10887,14335,28679,21605,6530,0,2257,2912,0,835,3763,1
33504,56,3,1,1,4,6,5,-1,-1,7404,20303,16333,28304,7398,4573,144,4712,2347,2458,0,1996,1
514770,65,1,1,-1,0,-1,0,-1,-1,45834,116682,106451,71132,136744,299290,9833,33375,12146,9720,0,7457,0
21385,46,1,2,0,-1,-1,3,0,0,14575,16106,4805,7375,7330,12003,1832,1384,757,0,3230,3433,0
23364,63,2,2,-1,0,0,0,0,0,10916,6067,1422,4083,11772,8679,3366,1116,476,1730,1938,1920,0
20778,40,2,2,5,-1,-1,-1,-1,0,7357,13148,7324,8031,14849,13324,3847,7379,511,3051,8522,0,1
60804,47,2,2,-1,0,-1,-1,-1,0,41445,7826,34448,36190,21580,17832,29175,1231,6574,4215,3349,4115,0
58908,47,2,2,-1,-1,-1,4,-1,0,23029,20696,32103,35667,20052,18097,1081,0,2082,11667,0,1862,0
30993,59,2,2,0,6,1,5,0,0,23440,13518,7279,12521,7160,15116,7003,6311,460,3152,701,2382,0
70278,54,3,1,0,2,-1,0,-1,-1,9765,4975,18410,29497,8063,46481,2708,0,7554,7453,3605,3752,0
65888,25,2,1,-1,0,-1,-1,6,-1,59992,12442,17607,29397,14705,27954,4733,3665,216,0,1970,3327,0
145357,64,1,2,-1,-1,-1,4,-1,3,81020,34603,68382,19892,76318,18157,16461,15686,18687,3861,51175,413,0
179734,61,1,2,0,-1,-1,-1,-1,0,26075,108092,126175,114202,31968,53773,5523,47320,17951,30747,0,19660,0
10000,26,2,1,0,1,0,-1,-1,-1,5926,7684,1781,4810,6008,3345,1577,1188,130,728,0,1466,0
118772,72,1,2,6,0,0,-1,0,-1,33270,80311,28778,5667,70864,18256,5237,24463,12860,1380,32545,7776,1
24450,56,1,2,-1,2,0,-1,2,6,11662,13751,17042,8484,6424,10646,2008,622,5208,2307,535,3423,0
83784,25,1,2,-1,-1,-1,0,0,0,55693,25248,42752,20206,47907,40208,18464,6418,0,5233,0,13688,0
46243,47,2,1,0,0,0,6,0,-1,19492,18391,17711,18685,15157,6772,1761,8302,4834,6116,10835,3732,0
33495,66,3,1,2,-1,-1,-1,-1,3,18577,19257,10173,1776,26960,17140,0,2934,2267,0,9174,2012,1
18700,36,2,2,-1,1,-1,0,-1,-1,0,4318,2111,6294,10035,2973,0,0,358,4116,1385,461,0
156507,71,1,1,-1,0,0,-1,-1,0,75048,44264,8412,104014,79961,54390,23812,17321,72,4565,0,6022,0
17458,43,2,1,-1,0,-1,-1,0,-1,5399,9603,4040,895,5149,2815,812,3975,406,89,2865,1562,0
89359,33,2,1,1,-1,-1,-1,0,-1,29640,53846,2866,25134,26273,24139,1430,13042,836,7524,0,0,1
10914,40,4,2,4,-1,-1,0,3,-1,2863,7000,3000,5980,2136,59,1719,689,1826,1014,865,6,0
48325,49,2,1,0,0,-1,-1,-1,0,19507,5586,35350,23548,17145,11991,2178,2364,17806,11294,7724,3120,0
207630,58,2,2,2,0,0,-1,-1,0,45447,69824,103593,114512,18203,181170,0,0,41900,40267,9187,0,1
226982,71,3,1,0,4,6,0,0,1,89449,14005,193040,139611,53366,116313,42087,216,96041,11491,3181,46086,0
13427,31,2,1,0,0,-1,0,0,0,226,3822,12364,2919,3974,6141,14,682,1080,587,237,1028,1
39059,72,1,1,-1,0,0,-1,0,0,23780,12587,28821,24868,8683,16558,6401,1013,7816,0,981,3480,0
32269,49,2,2,-1,3,0,0,-1,0,13988,5354,10242,6607,15454,7902,411,547,0,1552,0,3376,0
297759,27,2,2,0,-1,-1,0,0,0,43587,169880,125373,134470,150195,135320,16195,22590,83060,24997,37696,38987,0
46413,71,2,1,5,5,0,0,0,-1,7923,8870,19138,20829,13849,18847,4102,1607,2232,7404,2409,1669,1
81069,39,3,2,-1,0,3,4,6,0,31759,18290,51972,41453,29116,24590,3444,0,0,10996,16499,2316,0
87224,54,1,1,-1,0,-1,0,0,-1,16376,53575,9895,9238,30513,50127,6384,16883,2495,2594,4133,14623,0
18781,58,2,2,0,0,0,0,0,0,0,378,2284,4372,3861,8109,0,111,942,20,0,2577,0
15500,21,1,1,-1,-1,-1,0,-1,0,954,2686,11309,7068,1695,13513,224,345,921,0,288,5758,0
42024,32,1,2,0,-1,-1,3,-1,0,21932,35495,22847,27946,24313,19774,7640,19751,0,0,10330,12495,0
312856,58,2,2,0,-1,-1,4,-1,-1,64309,110253,171723,118250,162030,118791,0,35614,32303,53154,69212,8721,0
60239,38,2,2,0,0,0,0,0,0,22151,45875,30150,42597,23431,29152,0,3444,0,1884,1043,12423,0
113948,21,2,1,0,-1,-1,-1,-1,0,28916,28520,35155,42772,42467,16972,3180,0,4379,0,0,1241,0
22067,22,1,2,-1,0,-1,0,-1,-1,7823,3634,16311,13233,8782,10286,2605,1431,4071,3297,594,6920,0
52907,65,1,2,-1,0,0,-1,-1,-1,36600,15803,36960,11553,15902,35264,3803,3779,1177,3992,0,20325,0
91406,29,2,2,-1,-1,0,0,-1,0,38357,41920,83875,61362,8881,52334,0,0,0,0,984,544,0
20477,26,2,1,-1,-1,0,2,0,0,8175,8881,13787,9263,12803,6854,1167,3967,7859,0,4102,630,0
46575,51,2,2,0,0,-1,0,-1,0,15059,13685,5447,9870,10724,19552,1066,6291,1141,583,2095,11951,0
24250,27,2,1,0,0,1,0,3,-1,6280,9727,10885,7983,24250,9180,2009,0,4175,4293,6176,3652,0
66467,56,3,2,0,5,-1,1,3,3,19515,14676,10903,10735,46104,4806,4779,7514,0,1184,12346,2295,0
67427,50,2,1,0,0,0,-1,-1,0,45680,30116,12122,20134,34566,51099,0,1854,2693,3524,0,26440,1
84686,56,2,2,0,0,0,-1,-1,0,12237,42062,10598,42852,49476,62431,3686,18278,1832,1945,4665,0,0
98406,47,2,1,0,0,-1,0,0,-1,26158,56152,42570,9833,55453,55740,6675,15494,0,808,10606,8262,0
40858,63,2,1,-1,4,0,-1,-1,0,22583,23691,21422,22305,15960,6677,0,11311,0,295,0,926,0
76566,55,3,1,-1,0,3,2,4,0,17992,22149,24403,21050,21111,40858,1948,2799,5174,9086,10112,2019,0
30580,43,2,2,-1,0,-1,-1,-1,-1,4522,9857,1396,17625,2844,10229,0,1578,420,3169,950,3498,0
80868,21,2,2,0,0,0,0,0,-1,53422,22386,69732,50093,17880,11500,22127,2596,22551,0,3475,0,0
10129,35,2,2,0,2,6,-1,-1,-1,7314,8606,0,8657,2787,2418,610,2026,0,770,528,516,0
26981,28,2,2,0,-1,0,3,-1,-1,13511,8469,10949,5596,10404,11264,982,3024,3755,60,1180,1738,1
218811,21,3,2,-1,1,6,0,0,4,45210,55384,76711,161220,54999,52419,0,43700,3168,66811,0,0,0
55944,35,3,1,0,0,-1,0,5,5,26208,27489,21281,21853,40521,23835,0,9929,6862,0,2386,7176,1
111921,32,1,2,0,0,0,0,0,0,21320,57695,62458,52961,28727,52509,5504,3328,21727,5453,2621,25078,0
35502,25,1,1,-1,0,-1,0,1,0,32230,5540,26548,15445,15637,13457,11076,3387,0,6869,4084,7966,1
20427,37,2,2,0,-1,-1,-1,-1,0,0,10419,0,17995,376,12718,0,4448,0,5913,90,1072,0
39676,48,2,1,0,0,0,0,-1,0,17103,8908,13147,18359,20152,23788,4780,240,11583,10939,9426,0,1
32520,30,3,2,1,-1,-1,6,3,3,21921,18111,14365,7843,9148,23949,5505,3999,2522,0,3311,3990,0
317440,35,1,2,0,-1,0,0,-1,0,161053,138417,146070,55617,114110,188151,25420,0,91745,19643,25951,133487,0
77534,22,3,1,0,-1,-1,-1,0,-1,45120,34131,49765,7221,38770,20384,19015,5789,23558,252,0,0,0
53484,23,2,2,-1,0,0,-1,0,3,30973,14238,10677,16437,27073,10288,4357,0,2317,1222,8857,1972,0
72333,29,1,1,-1,0,-1,6,2,4,33529,20775,6228,35227,39794,23323,0,0,1388,4468,28645,2905,1
125867,45,1,1,3,0,-1,-1,0,0,56049,36188,37836,60384,79866,88567,6261,9070,6996,13809,26462,4431,1
17068,56,2,2,0,0,0,0,-1,0,7741,7163,7449,3669,85,8596,2760,2096,188,1411,49,0,0
14755,63,1,2,-1,-1,-1,-1,0,-1,4565,13829,1422,10763,1611,840,2686,3925,710,3061,668,0,0
88850,54,2,2,-1,0,0,0,0,0,27052,60401,27400,4937,24379,49153,2895,0,9178,878,15073,17241,0
51927,54,2,2,2,0,0,0,0,0,37104,19479,39696,3555,39076,22679,12583,6985,2703,615,5959,0,0
17159,71,2,1,-1,4,5,6,-1,-1,6753,14963,15113,9517,1680,2256,4145,0,1891,947,525,213,0
12843,34,1,1,-1,-1,0,0,-1,0,6860,8976,9755,10386,4291,5409,3396,2030,1924,739,2531,243,1
70151,64,4,2,4,4,1,3,1,0,18952,31254,35788,34777,18886,25558,5241,422,19090,19677,3485,10346,1
32297,71,2,2,0,0,0,-1,0,-1,8693,13155,243,14214,21711,17061,3272,7253,11,5936,4986,89,0
67521,51,2,1,0,0,0,-1,0,-1,21185,22263,26372,8000,28145,14508,1791,5361,8292,3116,0,1558,0
39695,66,2,1,-1,-1,4,0,-1,-1,7698,19081,14942,11831,15433,15751,1489,5644,0,4146,3074,680,0
47696,28,2,1,-1,0,-1,4,-1,3,21740,26845,21440,15099,7577,8213,10461,11885,0,5953,369,1448,0
21365,68,3,1,0,5,4,2,0,-1,2622,10781,9595,7329,12656,10731,872,1253,3877,2635,4898,2575,0
46110,51,2,1,0,0,-1,0,-1,-1,13620,16528,10491,17175,31623,28122,0,3453,0,0,8547,8928,0
77781,32,2,1,0,1,3,2,-1,-1,37984,27432,48895,37189,16587,62176,7509,6918,12442,2010,7003,9968,0
55044,24,1,2,-1,0,0,0,0,-1,18106,29319,16919,38646,8385,13742,8809,5094,0,0,633,0,0
52586,59,1,1,0,-1,0,-1,-1,0,9578,28753,13753,6789,9254,21038,0,7449,1367,0,6159,0,0
79700,44,2,1,0,0,-1,-1,-1,0,50816,14511,36545,32300,34516,70698,902,0,2847,22848,14717,37671,0
117690,37,1,2,0,0,-1,-1,0,-1,66331,23326,53275,98901,84402,33320,18594,4460,7906,10589,0,4341,0
19732,42,2,2,-1,-1,-1,-1,-1,-1,11050,7021,4710,4528,8248,10819,1505,1054,710,579,3845,2877,0
33530,74,3,1,-1,5,-1,-1,0,0,7231,25107,10881,12100,19231,22667,1590,10087,6482,1237,15660,3406,1
32240,44,2,1,-1,0,-1,0,2,0,21123,20194,7666,23424,18752,2661,11052,7775,3223,0,498,625,0
69386,25,1,2,0,0,0,-1,-1,-1,7243,19659,20374,23133,10334,53760,0,5384,5751,2682,1641,0,0
154380,36,2,1,1,-1,-1,-1,-1,-1,58754,60553,70299,95841,24464,26784,12465,29094,8651,33711,5389,3616,0
91459,28,1,1,-1,2,3,0,0,0,60205,46790,34862,34947,28771,12189,0,6965,4600,0,0,9384,0
276895,58,2,2,0,0,0,0,0,0,53499,217004,102239,54141,171033,20444,0,99691,46983,14706,37953,9612,0
58435,64,2,1,0,-1,-1,0,2,0,25407,13948,19702,14695,15676,29006,3255,2915,0,576,4159,8280,0
42908,66,2,2,-1,-1,-1,0,0,-1,29179,4173,7923,1650,9751,20669,0,2894,3207,586,640,7458,0
48254,55,2,2,0,0,6,-1,-1,-1,21114,11793,26874,29055,12718,1646,8905,0,9992,4162,5194,0,0
54945,62,2,1,-1,4,-1,-1,-1,0,25680,9862,39610,12751,26794,40091,1923,3293,18966,5481,0,7002,0
88854,43,1,1,0,0,0,-1,4,0,32863,72081,10438,36337,13399,65457,6056,0,3017,0,3440,31583,0
31035,54,1,2,5,0,-1,3,0,-1,7592,19477,20564,16347,1835,8300,0,2229,7977,5346,301,584,1
40679,26,2,2,0,0,0,0,0,0,15866,20063,6640,19331,5956,15068,223,0,4391,2146,1047,6134,0
19221,50,3,3,-1,1,0,0,3,6,5154,2031,11998,10728,9768,8946,0,1206,6008,2547,0,2594,0
156399,51,1,2,-1,5,4,0,-1,-1,92619,31456,61736,88665,93256,87767,8900,11123,10274,0,12650,12351,0
14704,22,1,1,-1,0,0,-1,0,0,7380,3629,10115,8042,3154,4581,0,1579,0,3307,539,1329,0
77807,50,1,1,-1,-1,0,6,-1,0,10839,31516,46745,12198,12510,29871,4442,21951,2233,1334,5191,0,0
14551,60,2,1,0,0,-1,0,-1,0,2705,2301,1190,8552,1988,6317,0,403,174,4042,322,3949,0
96980,40,1,2,0,-1,1,-1,0,0,71548,44540,48265,6221,61683,18402,0,21364,11340,1349,37974,0,0
35627,50,2,1,-1,0,-1,0,0,-1,8614,3549,2234,0,16169,12020,0,90,995,0,488,3437,0
16043,36,1,2,0,-1,0,0,-1,-1,2017,8892,4580,5450,7435,6592,1069,109,1696,1562,0,1269,0
104170,35,2,2,-1,-1,-1,0,-1,0,17583,33692,14474,25368,53675,71138,5876,11314,1005,0,0,84,0
10000,27,1,2,-1,5,5,0,0,0,5488,1571,2118,5381,1485,0,0,209,1029,522,0,0,1
47803,38,2,2,-1,0,0,0,-1,0,10514,14603,25213,9748,31920,2413,3202,0,3369,2119,6684,290,0
119303,64,1,1,0,-1,-1,3,3,1,16910,26047,36076,53779,11253,40815,4625,9090,9926,20460,4648,0,0
147470,71,2,1,3,0,-1,-1,0,0,51922,69177,14254,38005,77128,101320,17427,36355,4216,10205,39225,14892,1
10000,55,3,2,4,-1,6,5,0,-1,2868,1365,6738,6752,10000,6407,317,385,2415,0,3906,1230,0
45417,54,1,2,-1,0,-1,-1,2,0,20351,16500,24471,22058,18663,31902,2021,905,8250,10745,6059,5042,0
81654,54,3,2,-1,0,-1,5,-1,0,34408,67151,48243,10889,19616,32533,0,46834,3782,4873,5284,7759,0
172381,46,1,2,-1,-1,-1,0,6,0,124439,40710,106193,6091,100764,88527,14736,14354,23981,796,17868,19241,0
136570,43,2,2,-1,0,-1,-1,-1,0,65526,89734,69615,38564,36736,45817,19414,22959,31791,7732,18018,9049,0
380508,54,2,1,0,0,-1,0,-1,-1,307480,102036,248194,226169,87722,221650,54122,59278,70738,135800,25418,102579,0
45684,63,1,1,-1,-1,-1,-1,0,-1,6089,27837,24530,6920,21858,26355,148,6180,5776,3063,5616,18188,0
66032,43,2,2,-1,5,-1,-1,-1,-1,16172,19610,13815,33446,16541,41138,2074,3022,5211,0,12206,8905,0
52040,51,1,2,0,0,-1,4,5,2,19367,8859,32563,26828,20666,29462,6582,0,13591,3994,5564,3884,0
10096,46,2,2,-1,0,0,-1,0,-1,2128,0,8486,7221,1284,5462,1204,0,4847,2031,0,973,0
45615,36,2,1,-1,-1,-1,0,-1,-1,20657,19621,4121,8288,16877,24900,0,1284,394,3505,0,1874,0
10000,36,3,2,1,-1,0,0,5,6,5828,2225,3348,4675,2745,4156,3119,894,935,2006,402,504,0
45243,25,1,1,-1,0,-1,0,-1,-1,4993,30790,33343,8778,23035,16118,653,0,4901,3457,10803,3585,0
10602,44,3,1,0,2,0,-1,0,2,43,3799,0,3312,8371,10602,22,0,0,583,1411,2167,0
97495,59,1,1,0,0,0,0,0,0,53007,35605,61828,55884,62540,24436,3318,4220,36988,21226,24936,7992,0
26296,58,2,2,0,-1,0,-1,-1,0,6586,17810,10480,8886,7040,6325,1053,1326,5262,3584,1496,0,0
16453,74,1,1,-1,0,-1,0,0,-1,0,10124,6560,2584,12200,6449,0,2095,1610,379,3265,2693,0
137173,23,1,1,0,0,-1,0,0,0,61909,47957,60406,69925,108840,58320,32547,2449,0,13120,0,6440,0
42339,62,1,1,0,0,0,0,-1,0,13548,33764,23158,16627,18416,4397,1232,10946,12478,3620,7313,2694,0
34693,63,2,1,0,-1,1,-1,-1,0,11394,7733,2649,16817,16427,20210,3438,4095,1195,1550,5072,1706,0
31390,44,1,2,2,0,0,4,-1,-1,1998,16768,18964,26856,17017,16101,167,6929,9856,8341,3295,13980,1
122916,36,2,2,0,-1,-1,-1,0,-1,77882,17984,53891,27811,25415,62722,17521,4781,3377,6928,13123,5173,0
42605,40,3,2,0,-1,0,0,5,5,4593,28387,23402,18911,18783,14199,2191,1919,8462,4246,5690,2565,0
42024,57,1,1,-1,0,0,-1,-1,-1,37686,15672,14800,11167,25617,9717,7208,4444,0,974,3149,4522,0
14842,67,1,2,-1,0,-1,0,-1,-1,4240,8459,4243,3557,3761,1236,0,1416,0,857,365,360,0
511436,55,1,1,0,0,0,0,0,0,280110,14045,70288,51762,36370,212412,21357,4700,17791,8014,7458,132648,0
334357,48,1,2,0,-1,-1,0,-1,-1,173237,174595,239376,90785,30811,233688,37257,89856,0,0,7637,97192,0
155512,56,2,2,0,-1,0,-1,0,0,48636,105299,81443,40530,66387,36827,1540,5454,9412,4882,16062,13678,0
27930,24,2,2,0,-1,4,-1,-1,-1,14583,11931,6152,3926,20581,20718,3450,1811,2318,2940,11374,0,0
45968,53,1,2,-1,-1,0,-1,4,0,7278,22059,28479,5745,7035,15326,1478,12683,8205,227,701,3635,0
94561,23,1,1,-1,-1,0,-1,-1,0,50468,27537,42011,63383,24502,40410,13713,4832,1856,37929,7841,8725,0
23978,72,2,2,6,0,-1,0,-1,-1,3590,7098,5864,9947,8530,16154,2416,1028,0,0,0,0,1
31099,69,1,2,0,5,5,-1,0,0,15598,8354,5040,3555,8462,14249,7211,687,668,2115,2269,845,0
157447,48,2,2,1,-1,-1,0,-1,0,37518,66281,73481,35442,53462,44979,0,1264,18132,5462,28588,11046,0
32833,41,3,2,-1,4,-1,-1,4,3,11903,19962,10766,10429,17600,4319,0,13863,3100,4587,7099,454,0
28017,60,1,1,0,0,-1,0,0,0,9847,4180,15415,13390,7336,968,3254,1365,3915,0,1319,191,0
105043,55,2,2,5,6,0,-1,-1,-1,9098,63848,52636,28059,19580,42841,1551,12528,32896,16207,15297,9245,0
30973,59,2,2,-1,0,-1,-1,0,-1,17304,12997,10989,10732,5262,11448,5818,1420,5195,110,1005,3051,0
10061,48,2,2,0,0,0,-1,-1,0,4179,3129,0,1667,8938,3743,499,1984,0,264,2095,858,0
19774,33,2,1,-1,0,0,0,0,0,6226,0,9360,4396,2119,5646,876,0,0,1678,752,272,0
32428,24,2,1,-1,6,0,-1,3,-1,11036,6835,25713,9358,2828,5180,0,1150,12433,3701,0,496,0
58452,36,2,2,0,0,-1,2,3,-1,35500,17959,8177,35003,26435,37556,7444,8490,5398,3203,10337,4600,0
56240,49,2,1,-1,-1,-1,0,0,-1,17837,19415,3988,23821,20905,23580,1656,1213,696,8051,6062,7197,0
130903,43,2,1,0,0,0,0,-1,0,40410,33459,43089,27577,49370,39227,5836,25590,10232,0,30866,383,0
40553,48,2,1,0,-1,0,-1,-1,0,25474,7934,17527,11606,21555,24695,8751,6412,4652,2234,6612,10146,0
33775,35,2,2,-1,0,0,-1,0,0,12257,26366,24306,17129,16151,16653,977,11674,11429,2612,8171,0,0
132725,71,2,2,0,0,-1,0,-1,-1,80106,48539,43085,83057,14318,81637,8102,6632,9033,21790,3381,60107,0
75078,40,3,2,-1,-1,0,2,5,0,59705,5107,17076,39487,43876,37914,11821,0,4030,13747,11052,0,1
57855,66,1,2,-1,0,0,0,-1,-1,28536,35859,6596,11536,34953,33441,12216,9845,2969,874,17393,13933,0
86690,42,1,1,-1,0,5,-1,0,-1,34300,16950,15109,28246,5795,52559,9934,2888,9147,7501,3239,4720,0
46920,44,1,1,0,0,-1,0,0,-1,11895,9949,13350,9893,30865,16053,4482,3889,0,2229,3373,0,0
27085,53,1,1,-1,0,0,-1,-1,0,9061,7757,0,11584,1864,1808,2825,0,0,1596,0,1054,0
284301,35,2,2,4,-1,-1,0,0,-1,217932,70620,65830,129905,35288,52998,47555,9673,2558,21557,7157,7214,1
44487,32,1,2,0,-1,3,-1,-1,0,12729,14939,19328,16515,34382,7997,7057,2801,3614,2927,12605,1775,0
62068,41,2,1,0,-1,-1,0,0,-1,11517,10166,20549,29178,34778,3922,2353,4420,835,421,1733,1207,0
14584,64,2,1,2,0,0,-1,0,-1,11095,5329,8563,9436,7803,11949,6178,2217,3945,757,1182,0,1
123702,28,1,2,1,-1,0,0,-1,0,4298,40933,16828,105130,60062,69022,2619,22797,3712,26743,10926,0,0
26154,44,1,2,0,-1,0,5,0,-1,10281,21344,18399,15232,0,10975,1491,6222,5951,8844,0,5290,0
187656,57,2,2,0,0,0,-1,-1,-1,130900,75974,119341,167222,125059,149352,36009,16625,29723,38736,42381,45471,0
206473,59,2,2,-1,-1,0,-1,-1,0,41056,112044,123405,150521,142466,126395,9739,62981,63619,2288,31961,36376,0
77073,44,2,1,-1,0,-1,0,-1,0,36217,31378,10027,35338,41542,38440,23593,7739,708,2483,8539,4825,0
75235,25,1,2,-1,-1,0,-1,-1,0,27302,45708,7616,52741,30190,17507,0,30191,2899,31925,20751,2956,0
59073,21,1,1,0,-1,0,-1,0,-1,20545,25412,16387,40537,27891,16505,2566,0,7088,23835,9754,1550,0
66067,46,1,2,0,0,0,4,0,0,32432,52178,29579,11158,38166,26678,0,6504,14802,5684,1314,5859,0
95211,64,1,1,-1,-1,-1,-1,-1,-1,41183,44056,9846,12274,65008,28017,17816,11411,1687,4603,2180,10909,0
36868,22,3,2,-1,-1,-1,2,6,4,17417,7449,13529,26275,6368,14581,0,412,0,4108,2050,4734,0
150517,68,1,2,0,-1,-1,-1,0,0,105879,96911,55977,81194,21680,63486,24527,68556,8608,8336,0,12390,0
32919,57,1,2,3,-1,0,0,0,0,12776,16133,15195,14003,5727,21410,882,9629,6616,7076,4034,2774,1
116516,21,3,1,0,-1,0,-1,0,0,32099,57566,42818,86489,61660,47529,0,15097,0,27244,15519,0,0
34956,39,2,2,-1,0,-1,0,3,5,4711,10583,17729,15819,21987,11327,99,1023,12178,11541,5151,3046,0
26992,32,2,1,0,0,0,-1,0,-1,16786,9644,5263,10327,8627,17355,6447,4298,2238,0,483,5509,0
65518,72,2,2,4,3,2,0,-1,-1,15857,36797,19926,3173,31773,20171,994,21266,6512,1137,0,4719,1
48270,50,3,1,-1,3,4,4,5,-1,29515,15509,15716,15483,32200,12477,2184,6459,4576,2487,1171,4620,1
17105,38,1,2,0,0,1,1,6,-1,6824,9236,5598,8898,6539,3080,0,2190,764,5284,1209,0,1
46703,36,1,1,-1,-1,4,0,-1,0,29691,5550,14626,2031,25242,13547,0,0,0,717,0,0,1
10000,51,3,1,0,0,6,-1,4,-1,958,5204,3280,3472,1798,4469,138,2582,276,0,816,470,1
28550,21,2,2,-1,-1,0,0,-1,0,2726,26117,20585,5645,20003,9341,0,4837,0,1120,5596,4995,0
20685,34,4,2,0,0,-1,-1,0,1,6595,1271,6164,8419,10426,3638,0,413,0,3120,2947,517,1
87067,29,1,1,-1,0,0,-1,2,-1,9155,32722,62455,14555,41470,61429,6981,11031,0,2596,21212,19401,0
18271,54,3,1,-1,0,3,-1,-1,2,12494,8321,7551,3844,9225,10285,2658,3209,1307,613,756,2785,0
44162,57,1,1,-1,0,-1,-1,5,-1,19515,21673,8238,8598,16547,13666,5073,11714,2509,3661,6685,5487,0
139122,46,2,1,0,0,-1,-1,0,-1,67637,56447,77504,48791,98192,67020,6967,5783,5711,14023,61924,31993,0
178917,28,3,2,0,0,-1,-1,0,3,47099,114823,48301,91365,40023,45318,0,0,17373,22517,8522,11815,0
32851,41,1,2,0,3,-1,-1,-1,0,5455,6385,16887,5005,19905,22308,0,731,3116,815,14090,4428,0
155108,66,1,2,0,0,-1,0,-1,-1,74772,51564,47963,91623,112095,28277,27837,0,3514,63705,3501,6138,0
66852,31,2,2,0,-1,5,0,-1,0,21700,27909,23244,40030,43123,25877,7910,15538,4453,9921,5200,13698,1
10000,29,3,2,-1,-1,0,-1,0,-1,6613,3147,0,4243,8805,4298,898,1140,0,863,0,0,0
36444,27,1,2,-1,0,0,0,-1,-1,1959,0,20902,19363,27933,13867,285,0,8783,0,14057,2729,0
10000,65,3,1,6,0,-1,2,3,0,0,7196,2321,3321,6240,8008,0,4280,447,677,1867,892,1
88905,27,1,2,0,0,0,-1,-1,0,33526,74507,22441,2341,48857,49298,20637,5833,3110,702,4968,0,0
20714,52,2,1,-1,0,-1,-1,-1,-1,3028,5929,7267,12066,1927,15124,571,2045,2262,3719,130,2811,0
76390,74,1,1,-1,0,0,0,-1,1,16818,45822,20870,46362,9148,64206,7655,14788,4577,14078,5794,0,0
268360,55,3,2,0,-1,-1,-1,-1,-1,138791,19516,162467,160067,163502,104831,51130,3051,8430,15662,0,1338,0
245482,43,1,2,-1,-1,2,0,-1,6,90017,92030,47872,119345,56650,59646,12902,0,0,49323,36746,7314,0
26539,32,2,1,-1,0,0,0,-1,-1,11583,14064,10597,17134,9037,18039,1470,0,1741,8613,354,0,0
30621,21,1,1,0,-1,-1,-1,0,3,10839,16621,7522,2777,0,5000,1003,2258,576,181,0,607,0
96539,29,3,1,0,0,5,0,2,0,60220,48767,21403,46698,49694,38513,4528,3358,0,4973,9094,9134,1
21942,72,2,2,-1,0,-1,0,0,1,11946,14517,2159,15159,7361,15132,2427,6632,600,3491,1177,6178,0
151656,28,1,1,0,-1,-1,-1,0,-1,86187,84172,28458,25469,58285,46655,50106,0,9065,0,9219,32061,0
612414,22,1,2,-1,-1,2,-1,0,0,281989,415949,552038,132102,216416,176848,59311,57859,190912,28198,16564,48204,0
84148,65,2,2,6,-1,0,0,0,0,40921,51401,67652,13301,36332,53226,17971,13972,7569,1912,0,20867,1
126400,43,2,1,0,-1,-1,0,0,-1,39052,58977,49024,81514,54351,60133,21972,0,12978,0,30885,7153,0
115199,40,2,2,0,-1,0,0,-1,0,78489,69422,87079,41436,51451,61523,13150,0,35601,16348,17205,3212,0
31392,59,2,2,0,-1,-1,2,-1,0,12355,7570,11115,3856,17490,21503,4605,2715,1300,0,0,4294,0
61830,49,2,2,-1,0,0,-1,2,-1,39658,37540,34107,1765,31473,26289,18857,13254,10572,368,16015,9980,0
22807,70,2,2,-1,-1,0,-1,0,0,2168,11285,10747,5813,18712,1117,854,2581,6320,2837,0,471,0
137577,46,2,1,-1,3,3,-1,-1,0,95792,49321,13860,27918,46230,21081,0,12623,0,2294,8813,4520,0
28806,59,1,2,-1,0,0,-1,0,-1,26553,7585,0,9027,3149,14484,3407,1179,0,1563,0,0,0
120242,68,1,2,-1,0,0,-1,-1,0,37776,17556,72619,45430,34575,82770,14529,2149,6230,14304,0,33779,0
169710,46,1,2,3,-1,1,0,-1,0,66214,76898,72692,21447,144902,73798,48388,24182,0,0,33430,13972,0
33080,36,2,2,-1,-1,-1,-1,-1,-1,25407,17540,12221,27729,8205,20173,2380,3169,2016,5448,0,2554,0
38548,73,1,2,0,5,6,0,0,4,7914,10837,24796,16351,10462,11975,5041,0,2501,7826,4803,0,0
42797,33,2,1,-1,0,-1,0,-1,-1,13453,15954,9003,25478,27359,11242,5662,5902,0,0,12511,2379,0
33608,23,1,1,-1,0,-1,-1,0,4,15893,18280,27405,24638,24745,10580,4298,1769,14091,7084,15077,711,0
55554,52,2,1,-1,-1,3,0,-1,0,18976,23917,14973,5257,17768,27750,3551,4045,0,821,3688,15135,1
32954,74,1,1,0,-1,0,-1,-1,-1,9052,20673,9169,13558,4049,23656,4750,7242,3178,5200,104,765,0
24943,25,2,2,-1,-1,-1,-1,-1,0,12207,11562,5520,16152,3401,4848,4249,3186,1621,1335,544,793,0
106297,66,1,1,-1,-1,-1,0,0,-1,49791,12384,32416,303,68181,19647,22595,2324,1381,150,23783,633,0
112478,65,1,2,-1,0,-1,0,1,-1,26640,12579,26238,25485,52727,19223,0,3300,4743,4874,28844,2397,0
54266,71,1,2,-1,0,0,1,-1,0,20207,17318,16354,9293,9201,17030,2615,9068,3433,515,1832,5025,0
13132,43,2,1,0,-1,0,3,2,-1,4254,992,0,8389,12900,0,298,138,0,2470,5529,0,0
125077,34,2,2,-1,-1,0,-1,0,0,43024,6607,32069,50690,44503,47105,15163,1101,9773,17003,27435,3948,0
47942,48,1,1,0,-1,0,0,-1,-1,18612,8492,16674,28051,32247,34388,5087,4325,2836,0,167,5663,0
255212,28,2,1,0,0,-1,-1,0,-1,141088,144202,105755,6013,9410,41784,49866,12610,0,2412,4210,19256,0
44094,66,2,2,0,2,-1,-1,0,-1,30011,9040,18936,26202,15378,21741,4558,0,0,3587,3520,2174,0
54645,56,2,1,0,0,0,0,0,-1,6971,31590,8246,30507,25869,3863,0,8998,2881,8302,14372,1181,1
34703,47,2,1,-1,6,5,0,0,-1,25834,6330,9152,18402,10741,11899,0,1382,3200,0,1620,2627,1
83382,48,1,2,-1,0,-1,6,0,0,31110,6910,16476,30240,6556,19655,3878,2361,5267,0,237,2256,0
791158,59,2,1,-1,0,0,0,0,0,262891,399455,63193,221094,43831,394723,27501,200409,3609,75408,4694,181923,0
37079,49,2,1,-1,0,-1,-1,0,0,17437,18128,2474,21191,14639,29572,2638,7230,148,5337,6127,9709,0
136088,66,2,2,-1,0,-1,-1,0,-1,111855,7736,83718,35717,52424,62970,41690,1272,15716,432,4494,5829,0
73790,70,1,2,-1,-1,0,-1,0,-1,44805,53741,27011,34413,40190,46874,5873,18802,3306,18626,0,6538,0
125371,72,2,2,2,-1,0,0,-1,-1,59230,49747,46570,21771,24571,23475,4645,8732,4036,7128,7362,5706,0
14631,54,1,2,0,0,0,0,-1,0,5481,6542,360,11262,12857,7071,3271,1242,0,3991,2756,2801,0
232329,61,2,1,-1,-1,-1,-1,0,-1,149367,76890,158370,85932,123274,117633,24104,30477,4682,25366,23186,37541,0
90155,37,1,2,-1,-1,-1,0,0,-1,8508,15097,34225,53617,4703,47687,3400,384,0,42868,843,12994,0
55396,23,1,1,0,5,3,-1,-1,-1,16275,3789,28425,15286,15742,41690,3733,1032,1430,2992,0,29139,0
100976,42,2,1,0,0,0,-1,0,-1,19619,15257,9493,75166,25036,47259,0,5246,1702,7586,3739,7551,0
38501,68,3,2,4,5,-1,-1,3,0,19044,31248,21373,25632,6756,8949,2080,0,0,2823,771,0,1
27396,28,1,2,1,0,0,-1,0,5,3021,16662,0,4798,4068,98,1090,3903,0,0,2497,14,0
10000,50,2,1,5,-1,0,0,0,0,3811,9352,5691,4445,6532,4195,0,2723,0,2416,2187,630,1
211260,31,2,1,0,-1,-1,0,-1,0,87530,70365,56320,131366,84180,162313,0,37979,0,27820,20765,39597,0
28711,44,3,1,3,0,6,1,4,0,21679,12041,20632,6181,17443,1609,8559,4109,0,1089,5260,376,1
30021,28,2,2,-1,-1,5,0,0,0,9823,0,15487,8859,6265,8902,3479,0,6752,3257,2494,1068,0
44725,60,1,1,0,-1,0,-1,-1,-1,25264,5141,19000,21026,37756,23483,2695,724,9309,10061,1651,7182,0
221471,64,1,2,-1,-1,0,0,0,0,42619,46265,47433,166556,122198,65842,26799,19508,0,40641,49707,31669,0
33120,61,2,1,1,0,0,0,0,0,5605,2652,24136,26097,11301,18713,247,640,9366,2676,0,6684,0
114916,59,1,1,4,4,0,0,5,1,44088,86903,64447,28890,85427,20851,12704,0,17101,11282,631,7552,0
26255,33,3,2,0,2,0,0,0,-1,10894,4962,8432,18215,12332,4012,3128,3041,2863,894,0,0,0
12575,49,3,2,0,-1,-1,-1,-1,0,5964,257,11658,4600,10699,1034,762,11,2902,1271,1227,4,0
70569,26,3,1,-1,3,0,0,-1,6,18048,26994,49828,10035,16082,42674,6914,5093,12985,3187,5040,1463,0
165856,41,1,2,0,-1,0,-1,-1,0,97772,109185,112015,76439,24026,108967,20205,13304,0,42961,1672,0,0
28468,48,2,2,0,-1,-1,0,-1,-1,8130,10150,13710,13545,9760,12166,2904,1287,6417,617,1614,4989,0
47562,57,2,2,-1,-1,-1,-1,0,-1,36721,12689,18379,25837,11739,27011,18043,0,2656,0,1888,10239,0
74167,26,1,2,0,0,0,0,-1,0,32961,8136,15698,41634,22063,8796,16152,207,2322,7466,9826,467,0
97985,64,1,2,0,-1,0,0,0,-1,46929,34374,20854,18566,22078,32475,0,21105,862,2895,4116,262,0
332204,45,1,2,0,0,0,0,0,-1,159937,96919,166384,189075,230000,7775,37830,3254,30553,0,29061,1502,0
37831,68,2,2,-1,0,0,-1,5,-1,5758,25969,30719,2609,21386,10015,151,654,10105,610,5705,3488,0
26351,49,3,1,4,1,1,0,0,0,7899,18798,5605,4228,10073,10777,3257,7196,82,768,2762,6352,1
29824,50,3,2,0,0,1,2,4,1,11171,8514,5923,6717,16566,11038,3761,630,1294,1030,0,2917,0
32296,58,1,2,-1,0,0,-1,2,-1,2619,5653,23657,20104,17367,19524,411,2913,6583,11069,1674,8723,0
12360,65,2,2,-1,-1,0,-1,1,-1,6670,3590,7473,6443,5626,0,1801,1319,2233,3168,4180,0,0
76380,29,1,1,0,-1,-1,-1,-1,-1,35981,49062,22183,25147,36204,44011,5109,25281,6845,0,10741,16699,0
104641,48,1,2,-1,-1,-1,0,-1,0,61535,65194,33595,81677,16496,10400,22328,6144,8374,35819,646,783,0
68763,22,1,2,0,0,-1,-1,-1,-1,42785,8356,5337,38251,41804,26433,2841,0,199,3697,11573,4557,0
46622,46,2,2,-1,-1,0,-1,-1,0,29779,15284,7574,23155,24540,32706,10498,6346,0,11939,12860,4596,0
23885,64,2,1,-1,0,0,-1,-1,0,10741,11568,1207,8473,2753,18456,2138,0,260,2020,260,5924,0
41992,67,3,2,5,3,1,0,5,6,34062,20759,15123,10873,15745,14992,10388,9980,5089,5502,3521,949,1
39309,36,3,2,5,3,0,-1,0,0,23603,4175,19674,19051,19086,31664,11987,0,0,7929,2134,10063,1
100346,41,1,1,-1,0,0,-1,6,5,22546,63105,49338,52343,9228,44035,1239,7464,12050,6630,1359,2832,0
63509,50,2,2,1,0,-1,-1,0,0,25687,24901,54122,26268,5160,20781,9883,14219,15712,3071,2386,5527,0
94044,42,1,1,0,0,0,0,0,-1,60713,46347,55438,41590,16575,40337,18815,37063,0,18914,7463,9119,0
140790,30,2,2,-1,-1,0,0,0,0,35739,70867,88856,119064,12612,56303,5130,0,35823,20018,4596,6375,1
77478,37,2,2,0,-1,0,-1,0,-1,68693,56211,50968,51505,36669,50245,36526,13282,11556,6665,4914,1454,0
100806,42,1,1,0,0,-1,0,-1,-1,78124,71112,17015,40703,30174,41241,26129,14694,6112,11695,18045,16831,0
17025,49,1,2,0,0,0,-1,-1,0,15813,5420,10289,4672,10412,0,4987,1733,567,255,911,0,0
159415,70,1,2,-1,0,-1,0,-1,0,83044,59743,75688,22517,6215,125385,0,8694,2732,1278,113,28151,0
54078,50,1,1,6,3,0,-1,-1,0,33855,32335,5582,15660,16198,18421,3211,3395,1214,9864,985,0,1
36559,41,3,2,3,-1,-1,-1,-1,-1,20053,17902,12684,5599,9379,17723,8042,0,4921,1641,2050,10300,0
24788,56,1,1,6,6,3,-1,0,-1,11648,14552,13520,20448,20464,4726,1057,3821,5364,8299,6481,1125,1
260901,62,2,1,0,0,0,-1,-1,0,28468,115015,82460,53267,179227,110623,4600,0,10861,4872,62286,21495,0
10000,44,4,2,0,-1,2,0,0,-1,3649,5209,2163,4544,249,4064,1826,781,111,220,22,888,1
161214,47,2,1,0,1,2,5,0,0,50187,83055,122764,44447,147728,81196,27206,4634,39531,13091,57270,13245,0
68880,32,2,2,0,1,4,0,0,-1,14889,26243,25267,35690,31393,13868,3985,4799,4086,3882,4544,0,0
10000,67,3,2,6,1,6,4,4,0,379,2253,4259,10000,4249,4744,0,806,1162,395,1526,1226,1
349965,67,1,2,-1,0,-1,-1,-1,-1,235981,256039,189651,73887,106536,199379,64570,0,10900,6072,29758,52592,0
103516,30,1,2,-1,0,2,0,-1,-1,66216,17164,24466,65513,27298,34180,0,6701,12008,4340,7033,0,1
10000,39,2,2,0,-1,-1,0,-1,-1,3092,5749,9164,66,3437,5366,474,3432,2199,33,1411,0,0
34962,35,2,2,0,0,4,4,-1,0,11418,5368,16280,12915,15789,15284,3843,1668,698,6120,3873,12260,1
75177,70,2,2,-1,0,0,1,4,3,32411,8043,20611,6335,34063,25125,11645,192,8981,0,4103,0,0
270239,24,1,2,-1,0,0,-1,0,2,87538,121094,153913,108287,136641,102663,23830,48732,69322,45481,25045,33415,0
35334,32,2,2,0,-1,0,-1,-1,-1,11677,4298,21282,4822,13177,19440,1677,1314,11014,0,0,0,0
10000,38,2,1,-1,0,0,5,0,0,6366,5451,1816,1386,3896,5983,2297,1200,432,52,2048,4780,0
110253,51,3,2,-1,4,0,-1,0,0,21784,26975,22993,22235,19802,18674,9170,4705,5991,13550,5716,1479,0
102235,34,1,1,-1,0,-1,-1,0,-1,55403,36432,36472,48357,25513,55999,4995,4076,0,0,4660,27007,0
11503,49,1,1,-1,6,5,-1,-1,0,7355,7960,6268,2229,6282,4088,0,4403,1480,1098,1352,682,0
45138,61,3,1,-1,0,-1,-1,0,-1,34030,8768,16725,24602,26171,33485,12037,0,2112,14506,15411,0,0
70182,65,2,1,-1,-1,3,-1,0,0,22950,33069,15512,38438,21203,3349,0,92,1188,15695,5186,268,0
52928,26,1,1,-1,0,-1,3,3,0,18029,34116,4379,6292,43892,28318,1141,15729,995,0,28260,5614,0
35406,28,1,2,0,0,-1,-1,-1,0,16610,31105,23469,20935,11532,27069,0,19855,2634,581,5979,12101,0
30098,26,2,2,0,-1,-1,0,-1,-1,10864,9188,8997,10740,19946,20171,2851,1861,2468,1808,0,9797,0
37786,70,2,1,-1,0,-1,6,0,0,21846,9838,24237,0,28291,14288,636,0,7096,0,0,5350,0
65106,56,2,2,-1,-1,0,0,0,-1,21973,20802,24528,27491,10901,31276,6654,12592,4609,0,3964,7482,0
64473,49,3,2,2,0,-1,2,-1,0,22688,42966,19084,13639,18202,36876,1033,0,6131,2345,0,4240,1
12310,63,1,2,0,0,-1,0,1,-1,5880,6388,3523,3692,1523,1940,0,592,1323,1893,651,142,0
84225,52,1,1,-1,0,-1,0,1,-1,4755,35309,12936,70485,61171,38501,766,0,0,25459,5890,9460,0
72428,33,2,1,0,-1,5,0,-1,-1,37744,19640,31467,21599,6278,32857,0,4730,21881,3701,3131,0,0
39286,48,3,2,0,4,-1,0,0,0,14173,11717,19499,4508,16196,17084,1938,5363,1899,1011,1884,9283,0
49641,58,1,2,0,-1,-1,-1,0,0,15264,14591,7454,5783,15638,7580,1746,3864,4454,973,2525,683,0
152641,22,2,2,-1,-1,0,6,5,0,60923,131496,86666,63945,50768,36517,2052,30331,33962,9737,27338,90,0
201187,53,1,2,0,-1,-1,-1,-1,0,75677,23362,155206,110921,54872,52379,12469,2421,0,42101,23050,6360,0
51200,47,1,2,-1,0,-1,-1,0,-1,22244,25539,27079,27991,32251,18928,12737,1359,0,8240,2916,2447,0
32108,24,3,2,1,5,0,6,5,0,2535,15294,4879,26060,4504,26205,790,1720,1462,6168,1685,16488,1
127254,35,1,2,0,-1,-1,0,0,0,91737,64042,11211,51581,20619,18440,27413,9762,336,0,5101,0,0
191486,45,1,2,0,0,0,-1,0,0,100248,86917,64338,49462,27829,25433,33838,1154,24515,12621,16330,13881,0
25529,39,2,2,0,0,-1,2,5,-1,11334,13245,6658,19841,22354,6882,820,5744,2184,4142,4613,1878,1
21227,36,2,1,0,-1,-1,0,0,-1,11611,149,6485,8004,9787,7847,0,14,1445,3659,476,87,0
61042,56,2,2,-1,1,0,-1,0,-1,15787,29056,13571,49231,26357,32726,3341,12165,5371,11852,7334,24561,0
19953,42,2,1,0,-1,4,6,-1,-1,6429,12112,6889,7599,11923,3859,3418,3855,1419,4460,7115,1758,0
14479,47,1,1,-1,0,4,5,0,0,4349,676,4213,5239,2781,2334,977,421,789,1215,2188,440,0
25430,64,2,3,5,6,-1,0,0,-1,16641,11551,11509,1387,4040,3348,4562,3531,0,307,0,696,1
95817,26,1,1,-1,-1,0,-1,0,-1,55414,60257,53747,77498,48219,19315,21982,2277,13363,3445,18808,409,0
237841,40,1,2,-1,0,0,-1,-1,-1,131359,185287,19123,50855,123783,114807,0,42892,9635,16898,28376,16960,0
27805,24,2,2,-1,-1,-1,-1,0,-1,6510,14798,10320,9196,3378,10682,527,1946,1588,0,515,2868,0
62134,71,1,1,-1,-1,-1,-1,-1,-1,36912,30387,16330,29255,34935,6035,24615,0,4684,5564,22536,488,0
38861,31,3,1,-1,1,0,0,3,-1,23935,5667,30875,11647,9872,6016,4708,568,17592,543,1585,434,0
20423,65,3,1,0,0,-1,-1,5,5,12735,2074,8031,3114,9853,13648,4410,524,769,241,3287,0,0
19179,31,3,2,-1,0,5,4,4,0,4458,3674,4782,4754,10815,8311,959,1207,1316,719,1186,3224,0
89721,38,1,1,6,-1,0,-1,0,0,62407,76546,11516,77504,64558,27255,19651,770,1747,25128,11877,7621,1
26331,53,1,1,-1,0,-1,6,-1,0,14692,8446,6574,19646,17522,7503,3437,4132,958,7952,5814,446,0
18571,65,3,2,-1,3,5,3,0,3,1497,7230,5130,6098,15358,0,217,2044,1486,0,0,0,0
41686,30,2,1,0,0,0,0,0,-1,21038,35330,16822,7854,813,9693,1698,20530,3634,2031,205,4639,0
63447,32,2,2,0,-1,0,-1,-1,-1,18082,48714,15240,44439,39617,38651,8680,22328,4191,13786,6262,15523,0
10210,68,3,1,-1,-1,-1,2,2,0,4324,1750,5047,2416,7543,1765,0,1479,1699,453,2916,245,1
61809,38,1,2,6,-1,0,0,6,3,32081,23502,24378,36262,49078,17012,9171,12431,19511,6493,1556,481,1
24435,32,1,2,0,4,1,6,4,3,8245,18675,5107,21348,17270,18456,3577,0,2014,0,6204,7719,1
28357,61,2,1,0,0,-1,6,5,0,15997,10916,22662,19381,10796,7859,6315,5280,0,716,0,3042,0
92124,25,2,1,0,-1,-1,-1,0,-1,40932,34777,13078,40864,20631,45884,4449,3761,8767,0,8762,27992,0
64692,67,1,1,-1,0,-1,0,0,0,11544,27047,6410,27434,24329,55637,987,3372,1760,5923,0,24862,0
186326,68,2,1,-1,1,1,-1,-1,5,148196,155643,99034,98327,45378,79288,40124,46085,34470,10153,15572,22444,0
46269,67,2,1,-1,-1,0,0,0,0,12885,1848,0,23723,24471,8483,0,442,0,2132,14252,162,0
106341,36,2,2,0,-1,0,-1,0,0,11202,55600,36567,59172,89046,66740,4214,18956,4642,15537,29710,10527,0
129610,27,1,1,-1,-1,0,0,-1,-1,47668,14457,98262,60284,19010,64528,15387,5860,54732,14652,3428,7977,0
48505,43,2,1,3,0,-1,0,0,0,24404,7517,12190,33708,19335,11002,5185,4847,3474,2780,8354,0,0
17111,39,2,1,0,-1,-1,0,-1,-1,4364,4082,10331,3795,5117,10161,518,2719,3914,775,562,5154,0
31546,72,3,2,-1,0,1,0,-1,-1,22233,6073,7771,10194,10242,9103,1580,518,4854,1905,0,2841,0
44813,55,1,1,-1,0,-1,-1,-1,1,21385,29184,12881,7115,26176,17217,5723,3529,0,917,664,5696,0
21724,71,3,2,0,2,0,0,0,5,6346,12415,12563,8351,11541,3637,0,6287,3645,1372,2590,1126,0
55528,61,2,2,0,-1,0,0,0,4,34942,12316,15789,23946,30023,41298,12530,2193,4342,19068,0,7403,0
15372,59,2,1,6,-1,4,3,3,-1,2705,3916,6346,2550,2453,6907,1274,1902,2517,301,314,4854,1
34111,27,1,1,-1,0,5,3,0,0,4334,9722,1619,18028,8049,8341,935,526,100,1776,3481,2751,0
30540,24,1,1,0,0,-1,0,-1,0,14069,6535,14525,598,18342,7914,3780,1071,1025,315,9971,2241,0
39999,23,2,2,0,4,0,-1,0,0,11034,10412,22398,22465,20071,7347,2380,3484,9560,0,0,2242,0
37121,53,1,1,0,-1,0,0,0,-1,18246,24784,16082,22744,13263,21383,2363,9571,8415,11474,262,3826,0
39125,31,1,1,-1,-1,0,-1,-1,4,20809,10666,28909,11198,23471,17983,9140,1070,4279,2410,6004,1322,1
38242,74,3,2,0,-1,2,-1,1,5,21429,26836,27175,18052,20439,25991,5198,7658,3922,5971,2901,0,0
48046,28,1,2,0,-1,-1,0,-1,-1,4363,18932,19503,38995,27907,28656,0,5005,1800,4616,8083,15050,0
34446,72,3,1,-1,-1,0,5,1,-1,13580,6097,13082,19224,9232,4352,6121,513,7390,5997,1674,419,0
20079,57,2,2,-1,0,5,5,-1,0,6591,4604,847,6179,16512,7491,438,1933,53,0,5366,211,1
17687,26,3,1,4,0,-1,0,0,0,14932,12037,6484,10761,7733,10140,1263,0,0,2575,2998,1054,1
351208,24,1,1,0,0,0,0,0,0,215645,159265,250729,101361,133691,111051,38700,44087,85222,19067,25508,8293,0
28059,42,2,1,-1,6,6,-1,0,0,4818,8981,13381,8344,3000,13864,0,347,3249,2761,0,2371,0
10000,39,2,2,-1,0,-1,0,-1,0,482,10000,1991,3061,4432,0,112,3302,0,1082,1566,0,0
45117,38,3,1,-1,6,6,4,0,0,30524,11971,8250,38352,16189,11767,0,2788,458,8754,510,0,0
38952,49,1,2,0,0,2,0,-1,0,19782,22095,16416,14759,28181,14593,0,7049,4715,809,5791,2202,1
83412,28,1,2,0,-1,0,3,0,4,43059,9164,39539,9076,39293,9295,0,3881,8505,4450,10641,0,0
31942,27,3,2,3,6,3,4,-1,-1,16944,6013,2803,23202,10296,16539,4107,2535,912,3778,6674,5000,1
106550,58,1,1,0,-1,0,-1,-1,0,34458,36024,90440,30128,64380,32240,1067,22323,23556,12341,22210,0,0
45265,74,2,1,0,0,0,0,-1,0,17351,25786,18186,22357,34244,25543,2844,0,5470,0,0,3681,1
57252,35,1,2,0,-1,0,0,-1,-1,7487,17906,35656,21674,32482,31780,911,1740,6584,2612,5328,23275,0
171924,71,1,1,0,-1,1,3,-1,0,85107,57796,42554,20108,39982,40247,32615,9158,0,6024,14189,8471,0
10000,39,2,2,-1,0,6,3,0,-1,3412,7811,4814,2487,1943,6281,961,2810,1324,220,128,1994,0
16976,39,2,1,-1,0,-1,1,0,3,0,4540,6334,3631,14471,5827,0,1612,1804,0,7101,427,0
25334,25,2,2,0,0,-1,-1,-1,0,20284,15377,0,21689,3167,14601,9085,5209,0,3206,705,2533,0
12653,43,2,2,0,-1,0,0,-1,5,6441,8090,0,200,0,8871,2604,5865,0,30,0,6110,0
33405,47,2,2,4,0,-1,0,0,0,17882,6379,38,16248,2363,21855,2027,2828,4,3937,0,4596,1
21608,56,4,2,-1,-1,-1,3,-1,0,9015,6111,9745,6668,2137,12155,3857,224,0,4713,254,1202,0
149676,29,1,1,0,-1,0,6,1,0,31839,4248,37219,98793,85200,75370,0,1127,0,57600,32566,0,0
63949,31,1,1,0,-1,-1,0,-1,0,42803,7908,44088,29661,48664,36198,8949,0,2850,4034,31671,11675,0
57876,44,1,1,-1,-1,-1,-1,3,0,38551,35826,14963,31671,21481,35920,3432,28977,0,16574,8306,13935,0
36175,24,2,2,0,0,0,-1,-1,0,25300,11741,3227,11382,8252,2109,5631,7984,963,3921,370,688,0
29580,28,1,1,0,0,-1,0,-1,0,3441,20396,5190,17683,3635,8341,150,1480,848,2416,993,1009,0
99970,54,2,1,-1,0,5,1,0,0,46293,45084,26099,17053,41275,43835,0,23350,2529,1262,0,27970,0
129063,72,2,1,0,0,-1,0,6,0,102457,19761,26006,42077,40938,6218,15183,5072,10798,6046,11858,0,0
18587,51,2,1,-1,0,-1,-1,-1,0,4874,5955,17742,4366,9431,12539,225,1815,5580,0,2736,6687,0
125413,28,3,2,6,4,3,4,5,0,71607,70908,21337,84072,36275,25303,0,25022,7866,61282,14541,12500,1
28658,74,2,2,0,-1,0,-1,0,1,8493,3092,6547,17819,10150,14582,4053,2478,1353,8136,1412,6106,0
26849,49,2,1,-1,-1,0,3,2,-1,0,10642,7565,7464,0,11406,0,1096,1848,2298,0,0,0
100178,59,1,1,-1,0,-1,0,-1,2,2063,26472,30224,13741,68696,27649,1807,7013,1598,1578,8284,12570,0
76851,31,2,2,-1,-1,-1,0,-1,0,35897,42959,37497,45952,36769,49029,11925,8949,0,29567,9422,22597,0
64825,52,1,2,-1,-1,0,-1,-1,-1,24630,39591,28453,28324,10385,44598,0,3172,10972,10890,3726,2882,0
26011,25,3,2,0,-1,-1,-1,-1,2,3781,4239,11724,13478,12694,11858,960,1743,7203,0,4960,1995,1
125226,54,2,2,0,0,6,3,1,5,19675,43771,73104,51997,18885,42139,8362,2402,9476,16884,5693,8346,0
41682,31,1,2,0,2,-1,2,-1,-1,12115,17431,26650,6557,17374,9260,3935,4969,5987,690,10590,2309,0
64955,70,1,2,0,-1,0,-1,0,-1,32942,13550,25223,6675,17116,15038,5196,3381,1100,2263,0,8531,0
190047,23,2,2,-1,-1,0,0,2,1,44326,64412,66350,101681,59947,31534,21312,12246,11601,25986,3853,24368,0
11774,56,3,2,-1,-1,2,5,0,-1,2341,2987,11496,4540,5304,3792,1072,568,4899,436,1345,848,0
47550,28,1,2,0,0,-1,-1,-1,0,4935,19925,27462,33381,29502,4750,3183,3831,13603,4126,0,574,0
155839,58,1,2,-1,0,-1,5,-1,-1,125633,70506,50392,113949,23450,75684,35290,1533,7392,31462,9285,2240,0
74787,47,2,1,-1,0,0,-1,0,-1,46185,40970,56425,60658,16924,60267,14254,5281,13997,13670,0,7468,0
70160,73,3,1,0,-1,2,-1,-1,0,26309,36368,38095,42883,9201,14935,7685,7704,13740,15493,1893,3443,0
11908,56,3,2,0,0,0,-1,5,4,849,9616,2823,1813,2698,4993,59,3177,386,0,168,2182,0
88730,41,1,2,-1,0,-1,-1,-1,-1,44007,50898,45462,36902,25528,25892,14343,12271,13314,6638,4055,2464,0
39020,25,2,1,-1,-1,-1,2,4,0,20476,8217,18500,10974,19110,24554,0,2458,4863,4084,0,7254,0
301924,53,2,1,0,-1,-1,-1,0,0,113675,160812,136075,51971,80104,122991,52451,89221,0,2474,2218,13561,0
93667,44,2,1,0,-1,0,-1,0,-1,21104,67562,38651,77150,32262,20190,8368,28599,18006,3716,0,0,0
48153,23,2,1,0,4,-1,0,-1,-1,9089,9802,1943,9290,9136,19097,6338,4965,131,590,3048,4977,0
61618,52,2,2,0,0,-1,-1,-1,0,7196,25720,13671,51672,36187,41073,4050,0,3469,0,9366,2649,0
51196,32,2,2,0,0,-1,0,-1,0,1500,16334,24785,5051,13261,28188,766,5955,3568,1568,3933,9831,0
120052,33,1,2,0,-1,0,-1,0,0,42507,11960,62916,76690,30832,18858,3257,1367,11425,13654,2236,1211,0
34593,21,1,1,0,-1,-1,-1,-1,-1,19521,12084,22029,23346,32336,10879,4138,2874,2997,6735,14577,3318,0
146118,41,2,1,0,-1,0,1,0,0,86818,99668,20065,35775,39458,90105,0,5327,3715,14944,0,10396,1
23782,32,1,1,0,0,-1,0,0,0,6803,7319,6242,11510,17204,9581,2948,3595,189,2765,6943,2442,0
57759,24,2,1,-1,4,3,5,0,-1,14436,45976,16701,23379,27995,3982,7910,21887,6288,6891,0,1300,0
17745,44,3,2,0,5,-1,1,-1,-1,3023,12612,7563,391,1932,6799,1331,2053,0,112,805,3056,0
35510,32,3,1,0,0,0,-1,-1,-1,23391,16839,24090,14316,12602,10107,4694,5092,5152,5891,8406,2765,0
151279,28,1,2,-1,0,-1,0,-1,0,45416,53017,99447,57693,66414,94293,0,5985,1291,13151,18938,0,0
17441,46,1,2,-1,0,0,0,0,-1,4870,10480,10179,7944,5599,7380,374,1542,2856,6903,104,0,0
42805,24,2,1,-1,0,-1,0,0,0,11771,22398,13260,23689,25239,28317,4855,0,3711,0,2508,0,0
15493,74,2,1,0,0,0,0,0,-1,5291,5643,6148,4524,8357,7851,1272,586,1413,1388,2634,2608,0
54883,46,1,1,0,-1,0,0,-1,0,22519,8304,37452,39270,19837,16161,5119,0,11953,34481,6194,0,0
15461,74,2,1,0,0,0,-1,0,0,2295,3157,7134,8348,4276,7549,187,726,2200,1345,1069,2213,0
78112,68,1,2,-1,0,0,-1,-1,0,65496,24348,4363,23143,29965,51224,0,11981,1599,6950,2467,19565,0
48802,73,1,2,6,0,0,0,0,0,26913,17492,19912,8770,19706,20218,0,5288,5659,2758,8308,4158,1
89116,50,2,2,-1,3,-1,0,0,-1,40406,40495,53826,7270,57293,27786,16190,9463,9881,787,0,1990,0
130986,43,2,2,0,-1,-1,-1,0,0,35028,5855,14211,52614,82242,86628,18837,1839,2498,0,16016,17258,0
49440,59,2,2,-1,0,0,-1,5,6,21292,24893,38424,22355,33920,21737,7517,0,20433,0,24203,11388,0
100200,25,2,2,-1,-1,1,3,-1,0,53327,75498,14392,16429,4282,38912,13601,17332,5263,1704,865,7264,0
103703,66,3,1,-1,-1,-1,0,0,-1,17636,93824,16502,25388,11150,30924,1974,15517,4138,7187,1102,6143,0
32819,38,1,1,0,0,0,1,0,-1,16231,926,5625,18336,7467,22735,5497,10,1594,528,0,10479,0
154506,21,2,1,0,0,-1,-1,0,-1,35289,71454,67400,74698,18541,20138,14756,37028,11523,4055,0,6023,0
66630,33,1,1,0,0,-1,-1,-1,0,44503,27619,51425,26375,39114,53361,0,6644,27036,13727,0,1605,0
22410,34,2,2,0,0,0,-1,-1,-1,5275,15153,20152,4220,6199,16481,1206,0,6523,962,1483,0,0
62241,21,2,1,-1,-1,-1,-1,-1,4,4058,44777,29706,4208,25715,15300,553,18982,4241,0,14043,7395,0
46273,57,2,2,-1,0,0,-1,3,5,19728,6305,5481,15335,2872,25209,5286,169,0,0,789,5083,1
22267,26,1,1,-1,-1,-1,0,0,-1,11671,8713,5104,11693,5063,11478,7615,1446,979,1590,464,2118,0
20315,66,2,2,0,-1,-1,-1,-1,0,3649,6435,3252,7280,6193,6726,330,0,1234,1771,5444,924,0
181652,45,2,1,-1,0,-1,1,0,-1,106537,103307,73243,52196,93922,49330,23639,54355,23148,9916,0,15183,0
42881,59,3,1,-1,0,0,-1,0,-1,14863,17241,35473,16926,24614,11123,1876,554,14859,1181,7126,3119,0
160401,39,2,2,0,0,-1,0,0,-1,49005,28222,47229,34807,130921,26121,20499,594,31277,23122,44839,4448,0
24589,28,3,1,-1,1,5,5,3,-1,14197,3825,1095,14497,5411,2666,3371,1134,9,1840,533,150,1
25814,30,2,2,0,-1,-1,0,-1,-1,7763,9413,4504,12424,1564,4594,3087,6603,1628,3873,295,838,0
12750,55,2,2,-1,-1,0,-1,-1,-1,0,8124,1548,8892,12750,4529,0,1917,0,1731,1989,632,0
106338,59,2,1,-1,0,-1,-1,0,-1,46230,50083,29996,19998,80618,19582,7391,28651,14402,4383,36791,6982,0
68084,35,2,1,0,4,-1,-1,-1,-1,25683,20907,36362,1489,1969,34728,4496,2544,10488,100,414,324,0
35382,40,2,1,0,-1,0,-1,-1,-1,9484,5018,10961,17765,5004,5843,1979,0,0,3937,2315,0,0
26000,72,2,1,-1,-1,-1,-1,-1,6,13976,7611,926,19958,7378,18298,195,4294,0,3741,3226,3427,0
120752,67,2,2,-1,-1,-1,-1,-1,0,68747,37460,86408,38041,7429,55925,19210,21269,26482,6416,1406,8385,0
42538,43,2,2,-1,0,3,4,5,1,32809,13867,25935,8568,25913,1368,14782,299,3815,1787,8018,0,0
42906,34,2,1,0,-1,0,0,0,1,12690,16488,14853,1657,17308,17204,4417,8361,5705,727,6037,6841,0
30314,37,2,2,3,-1,4,-1,0,-1,8971,19440,13406,8894,18525,20654,0,8568,1630,1357,3598,0,0
35384,50,2,2,0,0,0,0,-1,0,17135,11472,22788,11089,2925,3083,4987,3819,14619,760,501,343,0
76122,51,2,1,0,0,0,-1,0,-1,19370,37906,12019,23415,28533,13617,12852,15129,0,12953,0,759,0
15785,30,2,1,0,0,0,0,0,-1,4709,9268,12257,3831,7576,6813,1475,819,420,0,2100,781,0
36604,24,4,2,-1,0,0,0,-1,-1,10251,1572,4801,20327,15707,20022,2205,314,1349,6776,1408,3855,0
147405,47,1,2,-1,-1,0,0,-1,-1,43797,55486,8869,51185,50112,46889,7598,8299,1229,6979,19398,172,0
64129,64,1,1,3,-1,4,1,6,2,19484,23933,9752,3671,31605,12758,3119,5459,1348,602,5202,420,1
159508,29,1,2,-1,-1,0,0,-1,0,78315,63763,105263,36798,28072,113608,928,27350,38831,0,0,61153,0
143269,43,2,1,6,4,6,0,4,0,22535,55074,105590,49136,85835,46652,1886,0,6125,0,3902,10944,1
100998,29,2,2,0,-1,0,0,2,4,48519,44589,64948,68941,71015,32451,6300,3027,35087,20095,26202,14525,0
31894,34,2,2,-1,0,0,0,0,5,17584,5397,18461,19287,3822,2770,5153,1544,4248,14059,1247,1198,0
66710,54,1,1,0,0,-1,-1,-1,-1,15571,19129,59531,33887,13986,14539,0,371,9789,6556,1353,5263,0
45249,36,3,2,-1,0,1,1,-1,-1,18880,18953,19377,21171,20045,22090,9823,11649,0,794,7497,10995,0
33664,35,2,2,-1,0,0,0,0,-1,16784,16976,10906,12735,5966,7805,4936,4968,8012,2925,0,2478,0
32778,74,2,2,-1,0,-1,0,0,0,4916,7955,11630,9330,20679,6842,0,3410,3588,888,7497,2593,0
43731,30,1,2,0,0,-1,-1,0,-1,24507,27981,8111,23218,30759,27516,0,4210,5097,4889,18538,12382,0
525087,31,1,2,-1,-1,0,0,0,0,257022,204753,231085,11709,82598,302964,28857,122581,90211,4188,0,49426,0
55248,71,1,1,-1,-1,-1,0,-1,-1,32681,25075,49298,10820,11384,9190,3314,7985,20975,5990,0,1787,0
115259,50,2,1,0,0,0,-1,0,-1,34775,22194,22270,40814,25738,15385,7990,5975,12339,0,9869,5866,0
24452,23,2,2,-1,0,0,2,0,-1,12632,4613,11219,7264,14467,9768,3141,581,2874,977,3775,1334,0
267772,43,1,2,-1,0,-1,-1,6,-1,97053,64896,209947,32841,64942,146072,11481,3917,0,18449,25901,64100,0
50696,51,1,1,-1,-1,-1,0,-1,3,31194,19017,15217,16493,30327,33079,5266,1770,3725,311,0,750,0
71600,34,1,2,-1,-1,-1,-1,0,0,2396,31466,33011,20747,38513,34514,481,9434,2382,4701,1521,5412,0
11314,50,2,2,-1,0,-1,5,-1,0,4416,5664,1506,3375,4847,4804,322,892,0,900,1468,0,1
167669,56,1,1,-1,-1,6,0,-1,-1,45723,114887,9488,144497,73042,30054,16667,34115,1118,64955,0,12689,0
199396,34,1,1,0,1,-1,-1,4,0,16135,116320,141971,52307,104888,35221,1970,9602,0,11719,14751,5951,0
26546,64,1,2,6,-1,-1,-1,-1,-1,7175,3367,21328,9832,11212,17655,0,1527,11086,2639,0,4495,1
125472,45,2,1,0,0,-1,0,0,0,37463,23398,78884,77522,83458,66139,12446,10148,31429,0,14646,48775,0
11772,73,3,2,0,-1,1,6,2,3,4051,4396,5831,6006,4261,7423,1237,1179,1209,729,3424,6057,0
81279,25,2,2,4,-1,-1,-1,0,0,20186,53640,26471,34696,21271,33152,2981,12467,5158,0,0,6519,1
54507,38,1,1,-1,0,-1,0,-1,1,11750,14998,15124,25040,32696,22209,0,771,4823,5262,16644,10027,0
99940,59,4,1,3,6,0,4,-1,1,17613,59602,45340,48321,16288,16538,6395,6801,13946,7124,5787,2879,1
41884,69,3,1,6,0,1,0,0,4,27827,16583,31374,14056,3798,27426,5137,2607,0,1721,1726,0,1
103277,32,2,2,-1,0,-1,0,-1,0,63018,50611,35823,32673,27895,26472,6036,30451,16181,3615,10680,4424,0
184734,73,1,1,0,0,3,-1,-1,0,93649,112275,60428,108911,102663,126887,42272,48013,7418,38341,18310,33152,0
38838,31,2,2,0,0,-1,0,0,0,15772,25261,5486,21739,6370,20859,10210,3432,0,10930,3040,13589,0
33530,43,3,2,0,0,2,1,2,0,4397,2137,24537,21092,18651,17703,1486,56,5336,317,7106,3876,0
20151,38,2,2,-1,0,0,-1,0,0,9374,15934,14682,15848,1610,2606,5841,3824,3004,10613,613,0,0
38560,43,2,1,0,-1,-1,0,-1,0,22555,1296,9100,9241,17564,13500,5059,100,832,0,6551,388,0
229041,69,2,1,0,0,-1,0,-1,-1,69997,108102,92489,11136,97032,99303,45494,8718,29128,898,0,4695,0
62815,60,3,2,-1,-1,1,1,1,2,27020,51869,19343,13468,14919,21609,5063,34145,6833,1487,0,0,0
29756,64,1,1,0,-1,-1,-1,0,0,2810,7254,8034,6753,11206,10995,470,0,3421,2343,2267,0,0
253121,34,1,1,0,0,-1,-1,-1,-1,135102,113408,62350,102852,217447,200368,30012,63708,34970,4628,82127,86993,0
46841,72,3,3,-1,0,0,-1,0,0,16050,27555,33391,29168,22599,26752,2820,6120,6776,4148,0,5579,0
133360,44,1,2,-1,0,2,0,0,0,57322,91525,52784,79215,99562,22649,1009,56235,0,34692,0,4548,0
72578,56,2,2,0,-1,0,0,-1,0,15848,48230,48087,39426,52973,42957,7823,4551,18477,0,0,18333,0
96016,58,1,1,0,-1,-1,-1,0,4,17382,48080,70486,36889,24071,24896,297,0,2342,17912,1865,8828,0
13881,56,1,2,-1,0,0,-1,-1,4,5578,1691,2769,2162,4745,10350,2356,0,0,243,1799,4467,0
166381,53,1,2,0,0,0,-1,-1,6,65446,82547,6922,35595,58095,108884,0,0,3215,20531,23516,20243,0
10000,46,2,2,-1,-1,-1,-1,-1,-1,6184,2368,0,5170,1374,5044,1642,732,0,818,760,2300,1
110502,55,2,1,-1,-1,0,0,0,0,77689,30355,37595,16078,44780,27287,20541,5658,9246,3375,14623,4619,0
53085,69,2,2,-1,0,-1,0,0,6,41211,36729,22586,12567,22095,10124,1776,13506,107,6439,5322,2625,0
133899,42,1,1,-1,2,1,0,0,-1,49477,88474,66864,77327,46457,77038,9482,0,5438,38894,0,29159,1
38950,48,3,2,-1,2,0,0,-1,-1,14461,13445,30859,16779,29450,27236,4526,2874,8468,9248,1208,7172,0
112984,30,2,2,0,0,-1,0,-1,-1,43517,21895,53537,49196,51187,10571,984,2799,23606,10056,5446,6124,0
34760,40,3,2,6,-1,-1,0,3,-1,18277,12475,32245,4302,10286,27392,0,0,12177,1445,2342,7703,1
61373,62,2,1,0,0,0,-1,0,0,33858,45402,3615,28636,39060,22111,1048,6637,0,0,10690,3458,0
94871,55,1,2,-1,-1,-1,-1,-1,-1,46131,19135,54334,14469,50406,51312,0,9184,8457,2344,12392,5561,0
220337,32,2,2,0,0,0,-1,0,-1,66543,40266,81494,98430,183396,81405,16355,5116,43994,1499,0,0,0
55467,50,3,1,1,1,3,6,2,-1,23920,12843,20246,35011,42314,27951,4313,2588,5361,0,27210,0,1
23932,64,1,1,3,-1,-1,-1,0,0,7978,19488,5926,20017,0,7166,2031,759,776,124,0,2090,0
31220,27,2,2,1,0,0,-1,-1,-1,19456,8135,7326,2739,2239,14270,2865,579,3597,707,328,4815,0
79094,24,2,2,-1,-1,-1,0,0,2,60916,45550,19102,54412,42511,38637,34610,3540,0,10544,20738,4964,1
188013,42,1,2,-1,0,0,-1,0,-1,56382,80352,61376,40174,41679,73820,5908,2462,2108,0,562,15138,0
27508,56,2,1,0,-1,1,2,0,0,13380,12162,12984,10223,9360,11286,5202,1120,953,2212,1794,4551,0
411833,37,1,1,-1,-1,-1,-1,-1,-1,110208,124900,215931,159885,241846,126295,30799,55877,0,47291,28979,25319,0
78980,65,1,1,-1,3,-1,0,0,-1,10172,42214,47794,7518,35228,33066,3018,15309,19852,528,9116,5992,0
48039,66,3,3,0,3,3,2,0,-1,10059,10523,42731,22084,23910,30438,407,879,1636,3800,8259,8271,1
17975,49,2,2,1,1,0,-1,0,-1,2947,10404,6395,7509,3234,4509,303,802,0,798,0,182,1
119656,41,2,2,-1,-1,2,0,0,3,28727,18049,10393,61687,58708,110397,3582,5726,0,2306,0,65137,0
34316,23,2,2,0,0,0,-1,-1,-1,19512,9470,19931,27347,6423,14702,0,2634,11763,6336,1060,3588,1
18894,65,4,1,-1,-1,0,6,1,0,9361,8688,7552,9013,4295,10808,4172,5280,1209,0,0,1191,0
38034,69,2,2,-1,0,0,0,-1,0,16876,13904,5635,13561,17545,6834,0,4136,343,4896,5175,0,0
148185,44,2,1,0,0,0,-1,-1,-1,36151,28199,51260,19599,49645,74042,0,3058,0,663,22464,0,0
99614,48,1,1,0,0,0,-1,1,5,28221,72399,21268,21859,41436,55449,7229,5063,4857,369,5985,35370,1
24070,61,2,1,-1,0,-1,-1,-1,0,3792,8317,11861,11440,8201,21271,934,2014,6365,3368,1383,11117,0
32070,58,2,1,-1,0,0,-1,0,0,14170,13725,13048,23348,11564,16335,0,4979,5093,2447,1251,5320,0
151395,28,2,1,0,1,0,6,4,-1,108059,15252,28151,61523,55191,43853,26816,964,0,16008,10672,0,0
40574,57,2,2,0,0,-1,-1,-1,0,15943,11880,10787,12720,14472,0,1305,0,1804,3210,1027,0,0
107452,70,1,2,3,2,6,0,0,-1,37060,24336,30858,57105,32450,84924,9989,14831,1308,12051,1946,13246,1
65345,61,3,2,-1,-1,0,-1,6,3,21510,1540,12065,13353,20057,18556,2508,0,4532,1372,10753,10740,0
10000,46,3,1,-1,6,-1,0,-1,0,3966,210,2154,1319,1807,4389,0,36,136,776,419,775,1
134795,49,2,2,-1,-1,0,0,0,4,40014,93839,110983,17569,24930,54436,15691,0,6932,960,5422,5264,0
24788,35,2,1,-1,-1,-1,-1,-1,0,15500,17815,7420,0,4906,8523,6162,3620,3059,0,0,3646,0
36736,56,2,1,0,0,-1,0,0,-1,22466,8962,6043,16538,13682,21490,10298,1344,971,5867,2780,2525,0
167955,34,2,1,-1,0,-1,-1,0,-1,80798,79299,27174,13489,7951,65810,19212,6096,13213,2595,2167,24564,0
155988,39,2,1,-1,0,-1,0,0,0,56044,112746,56233,38131,4671,69297,6475,0,5591,0,1129,19301,0
72709,35,2,2,0,-1,0,-1,0,-1,20521,26492,70400,25171,38220,17877,3211,9646,21407,2498,0,4541,0
122911,39,1,2,-1,-1,-1,0,0,6,38681,16180,105594,36459,71129,90681,6203,10077,0,10119,8476,4351,0
150067,40,1,1,-1,-1,0,-1,1,0,61700,99154,57618,60744,34804,60339,11011,10468,22908,26994,11464,0,0
153904,25,2,2,0,0,0,-1,-1,0,38965,80412,144611,100160,87527,54707,15563,11576,46650,14617,54633,17357,0
170405,59,2,1,-1,-1,0,0,0,-1,86513,34657,112904,95272,82053,59073,8911,7727,5717,6196,1969,50755,0
74804,44,1,1,0,0,-1,-1,-1,0,24067,32430,55772,11971,30184,42711,3703,754,10581,4469,9386,5890,0
38048,72,1,2,-1,1,-1,-1,-1,1,28478,14215,12161,24398,19488,14092,19948,3827,8006,4336,7014,3935,0
39969,30,2,2,-1,0,0,-1,1,5,23910,22665,19047,28874,20134,23489,3343,1956,3452,0,11250,5872,1
54271,57,2,2,-1,-1,0,-1,-1,0,13151,22026,24626,31469,29448,27761,4340,3827,11084,4093,6468,16231,0
46983,30,2,1,0,0,-1,0,-1,0,23244,16639,21407,23122,22194,7209,6720,5488,1557,7730,5033,0,0
21812,50,2,2,-1,0,0,0,-1,-1,10779,8263,14487,7422,11467,11965,4667,3100,852,895,411,2641,0
48667,47,3,1,0,0,4,-1,5,6,11646,11167,20310,10188,14484,14097,5164,0,4778,6302,2494,3308,0
19579,45,1,1,0,0,-1,-1,0,-1,8649,11737,10906,6113,8418,14914,917,2441,387,1084,4843,7089,0
52486,56,2,1,-1,6,2,4,4,6,40231,8831,26802,19483,20768,41657,20508,3516,6999,657,6622,9114,0
77348,65,1,1,-1,-1,0,0,0,0,25367,69100,9921,343,7800,47381,3273,5430,4389,0,0,455,0
53755,38,2,1,-1,-1,0,0,-1,0,24794,34586,37745,18434,41468,24431,619,9552,0,2821,6026,2967,0
135597,66,1,1,0,0,0,-1,-1,-1,68647,90877,59216,54006,65936,64360,16470,49435,27558,16583,20733,0,0
121948,30,1,2,-1,-1,0,3,2,0,21866,52609,85598,82003,87518,8163,1722,0,12037,20278,37877,1360,1
406205,36,1,1,-1,0,0,-1,0,-1,224826,194597,78936,341716,111289,295378,41868,60294,45841,120292,35140,168700,0
45356,37,1,1,-1,0,-1,-1,0,0,37645,14689,30638,14754,22956,5994,0,4681,10098,6159,0,1864,0
42907,72,3,2,2,6,2,3,1,0,23860,11346,22532,21490,22944,7039,6501,6830,0,3384,0,1802,1
58231,27,2,2,-1,-1,2,1,4,4,20904,26069,25402,31200,2223,14309,5167,9683,3954,0,768,2283,1
39256,42,3,1,2,2,0,5,4,-1,15641,19167,14032,31532,6792,15161,1655,0,540,4683,0,4295,1
17820,43,2,1,0,-1,-1,0,-1,-1,13348,11498,3381,3298,17820,2225,7720,0,1281,1249,5962,816,0
19019,64,2,1,-1,-1,-1,-1,0,-1,16138,10169,1349,0,10884,4644,1303,3884,731,0,2589,2302,0
68985,47,1,2,0,0,0,-1,0,0,7591,25748,30352,20968,13753,14272,4410,15160,4145,6645,2744,0,0
13895,73,2,1,-1,-1,0,-1,0,4,9890,4144,687,2690,6493,6125,0,1381,170,757,1515,0,0
37520,60,2,1,-1,0,0,-1,-1,0,6353,24242,14058,13868,33613,21036,1115,6936,5272,2771,7664,941,0
20440,58,3,2,0,2,6,2,1,5,4098,10112,11689,4710,9261,11009,669,0,5077,2154,1883,128,1
27036,61,3,2,2,0,0,-1,0,0,16362,2637,5838,8713,4488,4794,4144,850,478,1556,2735,1438,1
169792,29,1,1,0,0,0,-1,0,5,127575,104414,109164,80999,32582,92344,17432,22266,40300,8101,22067,18900,0
20688,45,2,1,-1,-1,0,-1,-1,0,13791,8034,15902,3630,13309,5874,1434,4185,370,645,2247,3907,0
98305,52,2,1,0,-1,0,4,0,0,39392,30153,22608,48051,45989,37273,980,8598,4408,7077,16500,0,0
31038,32,2,1,0,-1,0,0,-1,-1,10320,25631,6976,26049,13255,12468,4134,2210,0,694,5579,3786,0
48005,27,1,1,0,0,-1,0,-1,-1,29147,30258,24869,21165,34295,6316,3882,9363,0,4021,838,0,0
71142,28,2,2,0,-1,0,0,0,-1,16997,9241,27535,31080,33583,16915,1661,1627,9556,0,11960,834,0
39366,63,2,2,-1,4,-1,0,0,-1,3393,16780,15727,11399,18040,6182,1335,5097,0,1512,4580,2540,0
33607,56,1,2,0,0,0,-1,4,0,6535,8499,25304,14580,3484,7675,0,3332,0,3833,0,3540,1
36452,36,2,2,1,0,-1,0,0,-1,23876,12752,5868,7803,6218,11790,0,2756,68,692,375,4057,1
16566,60,1,2,-1,0,-1,0,-1,0,6811,8258,3563,7912,2431,4979,3608,2284,0,0,569,875,0
46549,58,3,1,5,0,-1,-1,0,6,23677,6804,15961,25234,27017,5851,7209,508,3454,5142,2705,1976,1
10000,65,1,2,-1,-1,-1,-1,-1,-1,5815,8658,8039,2776,8114,5791,922,0,1621,1540,3840,3315,0
139649,70,1,1,-1,0,-1,-1,0,-1,46777,63812,114622,21152,29194,44338,6812,19477,0,2805,8945,23580,0
112272,68,1,1,-1,4,3,3,0,0,40109,68858,27286,23729,64312,83299,9605,0,5974,1701,0,9521,0
123558,30,3,1,-1,0,0,0,-1,-1,33933,74516,58031,60314,85892,67644,12065,10014,35052,13926,15269,23379,0
280874,62,2,2,0,0,-1,-1,-1,-1,92004,50681,66718,132006,166712,193658,36645,22439,43737,10723,43242,12105,0
145087,42,1,2,0,0,-1,6,3,5,56479,98265,47157,88215,56275,127638,18956,41715,4988,0,25474,41842,0
41545,42,1,2,0,0,0,0,-1,-1,26609,35896,15191,22659,19605,25454,5660,13978,6031,0,4049,14048,0
278757,55,2,2,0,0,-1,0,-1,0,107156,208946,44379,18258,93961,122433,0,96275,0,7555,32539,56920,0
18861,53,2,2,-1,0,-1,-1,-1,-1,0,16194,4907,12864,1791,15878,0,2202,131,4900,697,5580,0
14977,43,1,1,1,0,0,0,6,2,2175,9723,14977,7892,1735,5020,261,3142,291,3743,752,1089,1
151039,74,3,1,-1,0,-1,1,5,-1,64207,41866,63319,81043,78277,23347,31700,3876,15046,28524,28155,2112,0
111048,30,1,2,5,-1,-1,0,0,0,5243,54050,61992,44326,2288,72441,912,3508,8797,9384,494,0,1
10930,26,2,2,0,0,0,-1,-1,-1,2126,260,8388,7874,9278,6404,1276,29,5223,813,1898,1730,0
23206,22,1,1,0,0,-1,-1,0,0,9795,2941,15705,14579,0,5196,910,0,0,10733,0,1630,1
76193,64,2,1,0,2,-1,-1,1,-1,9538,27331,20546,25377,23114,29896,823,16008,5501,8515,5900,5998,0
24441,42,2,2,-1,0,0,-1,4,4,6908,14308,14180,16709,9958,9624,0,7544,2971,6864,0,3597,1
27421,44,2,1,0,0,-1,-1,-1,1,21347,9053,5358,8446,14812,3370,2632,0,1269,2600,3249,0,0
236366,56,2,2,-1,-1,-1,0,0,0,103579,57977,167163,150136,105634,139920,8489,9152,76381,40220,2096,32045,0
191353,44,3,2,3,1,1,-1,1,2,92190,0,68918,21659,35479,48795,15248,0,6223,8928,1160,31093,1
55127,51,2,2,1,4,-1,-1,-1,0,13492,25996,9832,23133,22466,1029,5031,3335,0,2527,9067,86,0
43460,24,2,1,-1,0,-1,-1,0,-1,7127,27516,20283,11453,30666,23799,683,8331,3258,6926,6837,6063,0
100907,29,2,2,0,0,-1,0,-1,0,19960,23227,35788,46377,20777,17812,1336,7323,18819,0,11444,0,0
21895,71,3,1,-1,0,1,-1,0,-1,14274,13704,10748,8166,6889,13132,507,2855,514,838,0,4796,0
11522,45,1,1,-1,-1,0,-1,0,0,1592,1092,5838,4352,2107,744,331,44,245,693,360,97,0
10000,30,1,1,-1,2,-1,2,-1,0,0,6986,472,1709,3829,1989,0,738,0,705,478,100,0
64704,40,1,1,-1,-1,-1,-1,0,0,6366,12687,53919,34055,19142,8814,2595,1402,13708,26116,0,581,0
69482,39,3,1,-1,0,-1,2,2,2,47692,17547,38255,19847,28189,49699,9134,2355,0,4755,11459,600,0
69513,35,1,2,0,-1,-1,0,0,-1,6700,51603,33668,44665,35436,16019,1709,14210,4102,10910,0,9287,0
131195,36,1,1,3,2,-1,-1,5,1,59819,86089,50700,26769,27492,49047,0,39111,3913,10864,8827,23995,1
101505,60,2,1,0,-1,-1,-1,0,-1,42107,19923,38152,11171,76642,19832,9833,2714,5049,1031,7748,0,0
208002,26,1,1,-1,0,-1,0,0,0,69830,27456,56565,45129,32674,79664,27701,6476,26218,13113,3101,50298,0
79656,37,1,2,0,0,-1,-1,2,-1,14425,34017,14821,52464,42475,32821,5657,17912,2686,12542,15200,11912,0
61126,46,2,1,0,-1,-1,-1,0,0,3616,43797,20843,18167,51392,8066,10,0,7068,9708,15055,5508,0
66638,50,1,2,-1,-1,-1,-1,0,0,27190,43889,38633,11464,27036,65909,13039,8907,8115,3329,5796,19620,0
27906,68,4,1,-1,-1,0,3,6,-1,10763,4571,14174,11315,13851,13660,4745,450,10288,1941,1430,3173,1
19513,70,1,2,-1,0,-1,0,0,-1,7139,11049,6572,6797,15915,5796,2579,1589,758,1627,1428,1312,0
87632,37,3,2,1,5,1,0,0,0,48562,79612,62981,43522,60024,25399,716,0,9728,0,6321,5538,1
36061,50,2,2,-1,0,0,-1,-1,-1,25849,13264,6820,11557,3252,22073,10905,1063,2819,4139,1278,2464,0
48225,22,1,2,0,0,-1,0,-1,0,28871,36572,11819,28074,16916,28064,7485,0,0,12651,3397,12775,0
44497,54,1,2,-1,-1,0,0,0,0,24885,15648,31661,35330,18952,6071,6980,1175,1389,11000,4978,0,0
16775,29,2,1,0,0,0,0,6,-1,6910,1694,0,6673,535,2003,1651,651,0,0,0,392,0
45778,24,2,1,-1,0,0,-1,-1,-1,22638,13253,23533,14183,18780,8324,243,4196,2224,4927,0,1961,0
103736,57,1,2,-1,-1,-1,-1,-1,-1,51470,67406,46787,13725,66509,37872,3772,13464,0,2871,21298,18113,0
19518,30,3,2,0,0,-1,-1,-1,0,13678,2615,0,6623,7464,3860,5061,510,0,572,2650,266,0
112429,46,2,2,-1,0,0,0,0,0,39926,17593,22748,68015,68871,57900,11462,2839,0,4822,0,8907,0
25555,26,3,1,5,0,2,1,-1,-1,10320,1401,15718,19733,4865,10583,5669,147,8363,7673,0,0,1
20137,61,1,1,0,-1,-1,-1,-1,0,7331,11409,9357,6885,10579,16308,746,5787,168,1247,0,5948,0
205958,62,1,2,0,-1,0,-1,-1,-1,52727,122027,104613,178444,88903,33246,2571,0,2588,47792,23313,8005,0
57455,52,2,2,0,1,0,1,0,0,8461,33914,47141,23020,44111,14038,1260,4554,9621,5413,16427,5072,1
136912,66,1,1,4,4,-1,0,0,-1,70694,56461,51133,64138,62471,59778,38086,13974,0,20830,21912,6931,1
139519,44,1,1,-1,-1,-1,0,-1,-1,27130,27149,3189,17226,47016,18423,8845,1849,712,0,18114,2685,0
32195,31,1,2,-1,-1,4,-1,-1,6,28567,10194,7733,4263,14680,11856,2957,2991,3303,1752,8187,0,0
45204,29,1,2,3,3,5,5,-1,0,20520,21450,13920,35725,17336,11794,3687,6395,4158,17439,0,3768,1
112131,32,2,2,-1,-1,-1,0,-1,-1,29976,48098,41432,43584,48380,46197,0,6281,22018,12438,7094,21684,0
297939,31,1,1,-1,-1,-1,-1,0,4,89015,161928,206080,157745,98055,38831,2059,135959,59809,80244,14163,4616,0
36096,38,3,1,-1,0,-1,3,-1,1,13838,26298,15058,24700,13843,20369,0,7646,8900,8257,1137,4281,0
41552,32,1,1,0,5,6,4,-1,0,16490,19720,13486,33622,9624,19720,4982,4597,2119,12287,1805,4944,0
188314,52,2,2,0,-1,0,-1,0,-1,32735,71056,23698,61125,20942,100960,6417,7521,6164,15614,1005,13449,0
29693,29,2,1,-1,0,0,4,3,-1,9891,11314,15595,5997,8795,10663,1891,4091,7048,129,334,0,0
63778,54,2,1,0,-1,0,-1,-1,-1,37290,42455,20165,49812,0,20937,2968,0,12583,29483,0,8527,0
24369,39,3,1,0,-1,0,0,3,5,8630,13654,11902,2256,7238,8539,740,2767,6730,0,3506,5595,0
42556,58,3,1,-1,0,-1,0,2,6,14975,24796,31932,26152,8059,15520,3099,0,3867,0,2706,2055,0
32212,48,1,2,-1,0,6,4,-1,-1,10115,10869,5941,12152,14780,18448,2314,790,0,0,2774,0,0
36325,69,2,1,1,0,-1,2,-1,-1,15211,0,16524,4749,9461,21782,9241,0,4732,135,2503,9301,0
20774,44,3,2,-1,4,-1,-1,0,0,4969,16456,12736,3400,9314,8273,1089,4758,1532,957,1013,0,0
116571,36,1,2,2,0,6,0,0,-1,58935,7733,83578,57988,53627,4448,15755,0,5565,8924,4485,0,1
55858,52,2,1,5,-1,0,-1,0,-1,9551,41740,25966,15936,14023,26630,3015,3798,1871,4085,1940,10339,1
138778,56,1,2,0,-1,0,0,0,-1,68254,15113,59769,59627,71176,72202,13615,9203,10840,9525,8834,7411,0
25321,44,2,2,0,-1,0,-1,0,0,4196,10061,5012,9218,12123,9589,0,788,0,4186,7896,4678,0
41491,51,2,2,-1,0,-1,-1,0,-1,11414,12348,9771,3268,19096,14979,1244,0,3638,1994,2196,11080,0
80823,46,2,2,0,0,-1,0,-1,0,18884,26710,3118,22306,10562,76037,2259,7831,857,6996,3798,0,0
68205,37,3,2,1,4,-1,-1,-1,1,23786,9886,13102,16800,22046,24715,7207,3333,0,887,17325,10614,1
15419,37,2,2,-1,0,-1,-1,-1,-1,14267,8584,5150,0,5825,4361,3964,1685,443,0,1950,1583,0
44247,70,3,2,5,-1,-1,2,5,0,27478,1295,14889,24006,18466,7961,221,522,0,11600,0,0,1
25575,57,2,1,-1,0,0,0,5,-1,6521,9833,3628,19294,9986,12354,0,1362,2094,7252,639,2724,0
101462,26,2,2,0,-1,0,0,0,-1,51807,27606,5932,27977,82977,47312,44907,14657,940,9629,10888,16352,0
217163,72,2,2,-1,0,0,0,5,3,38311,112730,15315,94698,99793,65721,28843,11389,1449,32501,41844,26715,0
10000,59,2,1,-1,-1,0,0,-1,-1,1903,5593,7,7452,0,4866,556,2609,2,3220,0,1686,0
20303,23,3,1,0,-1,-1,0,5,-1,8538,9427,7996,10831,8325,1978,2507,3372,2032,4033,2797,150,0
84752,60,1,2,-1,0,-1,-1,2,0,31862,17273,37647,10819,40765,13127,10299,8727,0,0,15534,5915,0
34209,52,3,1,5,5,-1,-1,0,0,10100,4212,17998,0,24355,9380,0,1793,2849,0,5510,1991,1
103955,70,2,2,0,3,3,-1,0,0,60566,31383,61558,28386,42899,50231,34832,7779,31796,6610,13598,0,0
52221,47,2,3,-1,0,-1,0,-1,-1,27037,36368,9732,8185,16255,27367,7705,11929,0,3023,6424,4056,0
32087,49,2,1,-1,-1,0,0,5,5,17765,9765,16608,27739,13269,15650,7918,2766,2060,0,0,3882,0
21671,37,2,1,-1,-1,0,0,0,0,3636,10511,10035,11684,4460,6124,867,2358,483,182,690,1507,0
18942,38,2,2,0,-1,0,0,0,-1,5145,6448,7702,7593,2502,12947,1183,1895,2916,1502,79,2955,0
27059,54,2,1,0,0,-1,-1,-1,0,4563,14356,19587,13407,8977,20813,697,0,1958,3288,0,0,0
43669,65,1,2,0,0,0,0,-1,-1,23835,29596,21990,20786,36192,10823,10474,6480,2069,6596,4806,2546,0
66636,69,2,1,0,4,0,2,0,-1,34683,29371,16255,42221,5205,22253,0,13288,6078,5189,955,0,0
43244,62,2,1,-1,0,0,-1,-1,-1,25781,31575,23489,28479,1366,32696,2304,5807,0,3406,225,17298,0
29123,53,2,1,0,0,0,-1,0,0,9215,20527,6909,18131,16805,23567,3708,8804,751,8243,4731,5254,0
21862,48,2,1,0,0,0,-1,-1,0,16836,10827,6063,10999,8819,7135,266,4261,1395,2582,0,1507,0
39119,39,1,2,-1,-1,-1,-1,0,-1,12840,23754,6028,13129,28828,12396,3354,18401,1539,7777,9624,2027,0
31218,62,2,1,0,0,0,0,-1,0,8262,20467,12045,18299,9165,19605,3804,10000,4245,1123,0,3060,0
26943,38,2,1,0,0,-1,0,-1,-1,8624,735,8723,4790,18764,14627,1599,100,954,837,4441,3268,0
83993,35,2,2,0,-1,-1,4,-1,0,46531,43620,44671,34486,38292,39134,14516,24829,0,4377,22082,5381,0
146449,67,2,2,0,0,0,-1,0,3,107624,30327,36450,25822,15505,110998,33183,11732,2839,0,1660,0,0
19132,52,2,1,0,-1,-1,0,0,-1,4497,404,10000,19132,12069,7132,1834,81,1289,11591,5001,5079,0
120018,40,2,2,0,-1,0,-1,0,-1,88394,5177,29543,68307,56209,51026,27063,0,8322,0,6887,9975,0
119498,67,1,1,-1,-1,0,0,-1,-1,46375,58876,32249,60083,30767,50373,17917,40894,22247,14135,0,1214,0
79250,72,1,2,0,0,0,0,0,0,53560,17594,25819,35623,18894,23156,1429,2714,2743,1386,3639,3282,0
166263,38,2,2,0,0,0,0,0,-1,23528,56023,31825,66193,92700,37689,3264,0,9068,18551,57442,26110,0
59889,49,1,2,0,0,-1,-1,0,-1,17418,22834,18206,33206,4875,26562,10739,8882,7703,15444,1113,452,0
94654,47,1,2,0,0,0,2,2,0,16613,5813,91680,47587,33489,35486,5833,378,17652,8733,5950,0,0
75769,58,1,2,-1,4,1,0,-1,-1,744,45710,23504,51645,19939,21153,239,13790,2578,15652,2681,0,0
71392,72,1,1,-1,0,2,-1,5,0,42012,23336,29476,44641,59621,46183,24155,3367,1647,18769,16961,1830,1
49539,50,4,2,-1,3,6,5,0,0,28211,23354,38969,13502,19488,21706,3492,3430,9297,4497,2763,3727,0
71225,64,1,2,-1,6,-1,0,-1,0,24308,22755,36783,22284,60967,34966,0,0,6269,2966,0,8880,0
99644,53,1,1,0,-1,-1,6,4,3,74650,70470,17152,49657,37121,44851,0,9480,5644,12113,16398,9000,0
20079,68,3,2,-1,-1,0,0,6,0,8107,13215,11525,10044,7317,6554,1385,2693,6855,4549,1061,1849,1
20587,42,3,2,-1,4,-1,0,2,4,4264,3667,6512,5340,11020,9455,1555,1517,149,0,0,2413,0
40014,41,1,2,0,0,-1,-1,0,-1,20263,4337,3979,7653,7749,10042,10985,705,1975,0,586,2448,0
25629,43,3,1,0,0,0,2,4,0,3088,14439,24643,1414,8552,5402,671,0,4336,43,3583,2071,0
154368,74,1,2,-1,-1,-1,0,-1,-1,15053,104287,73409,118083,98229,96751,1496,13690,35833,42666,1686,18536,0
33868,54,2,1,-1,0,-1,0,-1,-1,15935,15516,19468,1908,7428,5062,3752,1338,9409,220,2639,752,0
115663,29,1,2,0,0,0,-1,0,0,30779,18188,38427,29240,26283,33662,4249,3831,9178,4116,9815,9829,0
60618,23,2,1,-1,0,6,3,-1,-1,7858,16811,44968,25859,14328,41706,469,2679,13554,17314,7577,13584,0
48210,49,1,2,0,0,0,-1,0,0,21093,36091,24255,11719,7150,7686,7160,2912,1944,0,0,2680,0
139713,64,2,1,3,1,0,0,-1,0,42179,8016,50038,58557,101413,63344,13939,1094,8187,6583,0,0,1
123668,46,1,2,0,-1,1,1,1,0,21942,44827,49962,28922,49034,55496,1492,33253,2506,1222,7940,10273,0
49090,51,2,1,-1,-1,0,-1,0,-1,13563,9748,27072,19166,23169,35901,2897,3931,1688,5169,1881,12496,0
45939,64,2,2,0,-1,-1,0,-1,1,12198,20047,23599,2789,34868,15079,6311,203,2555,409,7444,0,0
73972,48,1,2,-1,-1,-1,-1,-1,-1,49279,24586,19767,18225,34466,27802,6419,0,2827,1586,0,8348,0
10093,70,3,1,0,-1,-1,0,0,-1,401,4247,4862,9858,5190,1406,0,763,2133,3693,317,31,0
25337,55,2,2,-1,0,0,0,-1,0,20785,8645,9792,13450,1705,15825,0,3563,0,0,180,4092,0
99357,60,1,2,-1,6,-1,0,-1,5,28182,77203,15248,46147,61605,10563,10354,7900,2151,0,3883,754,0
19343,63,1,1,0,0,5,-1,-1,-1,9943,13059,12780,6962,1348,1115,0,6437,2741,2267,461,244,0
37736,54,1,1,-1,-1,-1,0,0,-1,13859,22700,13675,13135,14393,18432,9697,5628,5869,820,5367,0,0
50133,23,1,1,-1,0,3,-1,-1,0,18648,27503,14382,19812,13846,22654,0,4034,5861,9955,2646,12557,0
500280,44,2,1,-1,0,0,0,-1,0,108695,67311,216217,212475,199434,363820,9560,7621,0,0,17825,112468,0
84035,28,2,2,0,0,0,-1,-1,-1,14849,38546,47318,51167,11585,33270,3338,0,0,4137,807,6950,0
117933,48,2,2,1,0,0,-1,-1,0,31543,73895,19943,63494,11897,62213,3743,8510,7895,0,5120,26419,0
25742,28,2,1,-1,0,0,-1,-1,-1,12300,2385,15219,13967,14315,5561,6058,42,5047,4778,2096,1082,0
65489,48,2,2,-1,4,0,-1,0,-1,40702,38219,13099,18289,15920,24253,23029,21948,2234,6045,1517,2815,0
16786,39,1,1,0,-1,-1,-1,-1,0,5440,9949,8628,9623,7338,9375,1640,1692,1590,3663,944,2942,0
37628,22,2,2,0,-1,-1,0,-1,5,10745,10459,3728,29459,13751,4786,5008,4041,0,17932,9259,2213,0
51411,27,3,2,1,0,0,1,6,2,45125,26872,8111,31283,40984,41286,0,0,4321,2109,22220,23021,1
22079,48,1,2,-1,-1,0,6,-1,0,5286,5522,8399,4686,10050,6922,462,508,2442,938,0,2479,0
67138,25,2,2,0,-1,0,-1,-1,4,5635,40769,40713,46324,45718,22357,0,21543,0,11468,4387,7038,0
50220,67,3,1,-1,0,0,-1,-1,-1,40835,12634,20013,9441,10780,22790,15836,3618,7153,666,646,2732,0
30272,61,2,2,0,-1,-1,2,0,1,1739,9611,4177,2641,18004,6594,307,3771,284,812,4169,560,0
17596,59,3,2,-1,1,5,3,4,0,10491,10876,7029,4911,1404,0,2167,3427,2426,2012,625,0,0
38726,30,1,2,-1,-1,-1,-1,-1,0,1707,23982,20063,9550,27135,22171,558,3302,421,714,0,6148,0
37139,63,2,1,-1,-1,0,-1,0,3,2956,26348,16248,26734,12721,13028,235,8610,0,3650,3114,4284,0
53265,55,1,2,0,-1,0,0,0,-1,6780,19644,13747,14804,17276,21375,2345,2185,0,2448,4770,0,0
103172,42,1,1,-1,-1,-1,3,0,0,21386,50220,26643,10979,78356,32709,0,28827,5497,4970,1533,13589,0
22377,21,4,2,-1,-1,-1,-1,6,-1,5375,11076,17754,0,914,7058,904,2309,5975,0,303,2146,0
247254,49,1,2,-1,0,-1,0,4,1,67052,85736,113745,104774,29768,26800,23243,31998,37993,36056,0,7404,0
122912,63,3,1,-1,0,-1,-1,-1,2,64703,79369,49057,28508,8683,16546,28113,0,22833,1510,6113,5313,0
59216,22,2,1,-1,-1,-1,0,0,-1,17335,11016,27009,24855,21965,39298,584,3652,1298,0,3433,9587,0
26045,23,3,1,-1,0,-1,0,-1,3,7735,13281,8086,3463,9758,2254,0,2817,1340,787,2014,626,1
22397,41,3,1,0,-1,0,-1,0,-1,6373,4797,14067,7886,4445,859,2970,482,3473,3857,480,116,0
63158,48,2,1,3,-1,-1,-1,0,-1,41742,44216,15328,7229,25714,14064,6518,19966,7651,1870,17890,0,0
50853,46,4,1,-1,-1,6,0,-1,0,20947,9975,8476,10245,18308,36684,2656,1133,59,1994,5766,10913,0
41739,44,2,1,0,0,-1,0,0,-1,2552,16137,40662,19485,22904,3620,1866,1799,2650,4620,12846,0,0
35792,34,2,2,3,0,-1,0,-1,4,17828,10174,12180,10574,23330,25907,6253,2855,99,2120,15293,6842,1
65003,24,2,2,0,-1,0,0,0,-1,29328,31327,38911,23834,10326,14489,22038,3082,2451,6480,5741,1987,0
72526,22,1,1,-1,-1,0,-1,-1,0,8785,39582,34334,48235,5825,6229,1025,0,14224,9236,696,1397,0
43424,26,1,1,-1,0,-1,0,-1,0,13574,23011,16527,8157,24561,11676,0,9285,11202,0,15229,5304,0
75124,58,1,2,-1,0,3,0,-1,0,11320,34545,36311,45698,33589,55611,2339,21308,20074,0,7310,7506,0
30205,63,2,1,1,0,0,-1,-1,0,21296,19697,2772,3204,28356,23057,1056,6307,0,0,9139,7713,0
37614,44,1,1,0,-1,-1,-1,0,0,9862,33046,33879,13140,20293,14830,394,10511,17723,1149,612,328,0
48825,25,2,2,0,0,-1,0,6,-1,8213,9669,10125,11736,15822,11823,2526,0,1756,2283,4443,3357,0
30954,43,2,2,-1,-1,-1,2,-1,-1,7339,21261,15659,10755,13839,3481,1856,866,0,5158,5471,844,0
27271,74,2,1,0,0,3,-1,0,-1,17578,15081,501,20099,4718,2779,2946,3817,134,7126,3,0,1
79213,34,3,2,0,-1,0,2,0,-1,38316,50390,30236,36615,11855,21243,12815,22733,3676,18143,2120,3662,0
25073,47,3,1,0,-1,-1,-1,-1,-1,7229,18269,16860,9806,5100,17804,2919,5686,3822,707,2318,2711,0
149943,50,3,1,0,-1,1,3,2,3,65828,49735,9172,20304,49139,89892,3430,17790,1621,5814,4126,47656,0
80927,38,2,1,4,0,0,0,-1,-1,29829,24883,52674,16210,50917,27895,9963,3661,3523,490,0,178,0
35593,44,1,2,-1,-1,-1,0,1,2,1583,18450,15012,1331,16209,10938,1091,4930,9021,41,4835,1454,0
86780,46,3,2,0,-1,-1,0,0,0,20258,48024,34724,57886,7021,27713,9047,3352,6908,19749,4073,5065,0
38683,46,1,2,-1,0,0,0,0,-1,3049,13010,12409,16842,12944,2828,274,2040,3884,5695,6113,417,0
332751,59,1,2,0,0,-1,-1,0,-1,170954,73504,144979,201660,172000,141765,60609,2996,57184,0,81163,35906,0
82242,52,1,2,-1,-1,-1,-1,3,4,38727,42868,63346,52458,40197,55128,22476,4898,23526,19421,6890,14683,0
75663,23,2,1,5,0,0,0,-1,0,27588,43460,37365,46248,5720,23336,4835,5998,0,16418,261,9797,1
50249,21,2,2,-1,0,-1,0,0,0,12663,8531,28712,7826,17600,12864,3246,1653,3319,0,671,1756,0
84895,43,1,1,-1,0,-1,0,0,0,33205,56025,71289,30906,32528,18527,14724,12369,2153,3019,3779,4468,0
40811,70,2,2,0,0,0,0,-1,0,16344,14313,13488,35498,15844,26832,2704,9563,6727,19221,0,0,0
32722,22,1,2,0,0,-1,3,-1,0,14594,5880,14115,13062,5199,14008,1303,1325,951,2832,774,0,0
90058,24,1,2,0,0,3,6,-1,-1,60303,24874,45235,61317,59850,40995,11225,0,3908,14571,4867,0,0
155797,57,1,1,0,2,5,0,4,-1,93049,40831,107223,76965,65244,49676,30997,0,42903,32048,30170,24767,1
26475,45,1,2,-1,-1,-1,6,-1,-1,2593,6124,10379,9287,16977,8191,410,4348,1672,0,1137,2906,0
168110,33,2,1,-1,0,-1,-1,0,0,124200,99240,38045,42914,57547,39089,53695,49235,15012,11290,5307,13483,0
111010,32,1,1,-1,-1,0,-1,0,0,29537,40185,69145,26217,43185,82301,4596,0,31172,5805,23273,7642,0
48385,56,1,2,-1,6,0,0,-1,-1,29821,17910,8232,12405,37003,16639,2440,12662,727,3368,22553,0,0
47698,49,1,1,-1,0,0,-1,3,-1,26501,23896,1187,8361,10567,18125,1365,3633,277,2739,2697,7029,0
217799,55,2,1,-1,0,-1,-1,0,0,191380,158914,83661,57598,162446,88999,0,40185,37786,27844,49512,0,0
72715,36,4,2,3,5,2,0,-1,-1,25764,12390,29418,36216,6254,47045,6439,1553,0,7669,1609,1891,0
122032,49,2,1,-1,-1,-1,-1,-1,0,102203,30934,31735,23447,31047,20492,33539,4690,3934,11079,15064,2130,0
40100,67,2,1,0,0,2,6,4,4,23570,18173,13034,19741,26389,3209,9876,4927,3546,6556,1907,911,0
53516,38,3,3,4,-1,0,-1,0,0,30624,30875,42148,18573,11134,35804,8002,7100,14417,2097,62,13451,1
90760,42,1,1,0,-1,2,-1,0,6,20326,25664,40884,10720,49422,17681,2561,6683,0,5123,20122,4304,0
59679,29,1,1,0,0,-1,-1,0,0,11322,32883,29128,2572,25092,19497,2939,0,9263,703,4566,0,0
53498,55,2,2,0,0,0,3,3,1,10707,16583,10551,10589,31893,37446,0,2701,332,5953,6531,18645,0
166793,22,1,1,0,-1,0,-1,-1,-1,65708,4699,106545,108892,51252,27656,3755,951,61437,43347,17215,5610,0
176252,34,2,2,-1,0,0,-1,0,-1,106139,56241,73311,14388,49127,49398,56663,3282,19352,3944,0,6212,0
40086,59,2,2,-1,-1,0,0,-1,-1,27741,16796,16140,5347,21519,20256,11672,0,3803,2423,3288,4007,0
24005,22,1,2,0,0,0,-1,-1,0,2270,8758,13290,14676,13627,4594,743,3041,4011,5505,2896,218,0
182567,74,2,1,6,6,1,-1,0,-1,101324,60252,15081,51350,53239,96810,8667,13841,1376,8307,31911,34593,1
184411,42,2,1,0,-1,0,-1,-1,-1,50089,81620,13639,117771,55443,79272,17382,24958,2746,4278,14429,32413,0
94540,42,1,2,-1,-1,3,0,0,-1,42362,45102,39078,51296,33521,26366,0,2478,5637,8338,10930,2257,0
143980,49,3,1,0,4,5,1,2,-1,106890,48223,74703,8570,45196,100443,14654,10158,2609,1120,15575,36855,1
63709,55,2,2,-1,0,0,-1,0,-1,13335,24447,36135,12495,43188,19116,0,0,14636,5178,18625,7995,0
33164,45,1,2,1,-1,2,-1,-1,0,7255,17981,26725,10272,14128,9151,3047,8825,12352,1379,7772,1680,0
24023,68,1,2,0,0,0,-1,0,0,14676,4640,7648,15642,8518,7502,1330,0,0,3692,1163,4625,0
23840,72,1,1,-1,0,-1,-1,-1,2,11163,14457,8634,3452,9597,5809,5354,5394,3518,746,6070,0,0
68879,31,1,2,-1,1,0,-1,0,-1,13974,27426,13392,0,23640,49072,3276,3897,5867,0,4564,27634,0
47262,59,1,2,0,-1,0,0,-1,0,26028,28328,9576,3535,12108,2007,2649,0,0,0,0,995,0
43191,37,1,1,-1,-1,2,-1,-1,1,16318,16253,10333,15780,26319,27006,5148,0,1889,2690,21215,6598,0
31501,74,3,2,1,0,0,0,-1,0,7693,3095,16094,6429,4647,11856,963,630,6164,509,820,0,0
68166,34,3,1,0,-1,-1,0,0,6,15443,14449,20537,54014,29457,24869,1408,0,96,8944,3172,0,0
31646,36,2,2,-1,0,-1,-1,-1,0,24634,4434,21590,16536,24467,14479,6027,873,0,3530,0,2617,0
27658,59,2,1,-1,0,-1,0,-1,-1,3399,19396,24878,11269,11209,7259,999,0,0,4215,1288,0,0
33362,63,2,1,0,0,-1,-1,0,-1,10876,22153,9119,12810,14493,4593,0,0,1698,0,3360,665,0
102410,27,2,2,-1,0,1,5,4,-1,20455,58459,13202,48251,40184,34317,10596,12386,5623,7896,13063,3149,0
32445,51,3,1,-1,4,6,4,4,-1,10657,12636,8057,24353,23245,9191,3903,4718,3781,0,3317,1008,0
61323,39,2,1,0,0,-1,0,0,0,18296,40783,45539,15180,37636,42993,7977,12955,12089,933,0,10097,0
169807,54,2,1,0,0,3,6,2,0,87522,13808,67738,101657,114288,139196,30222,0,40118,0,1791,0,0
476688,51,2,2,-1,0,-1,-1,0,-1,345894,220002,87475,116681,295261,60584,0,39617,12508,84637,99713,0,0
81822,74,2,1,-1,-1,0,-1,-1,1,39941,15306,57524,25586,13448,14046,10220,0,3142,6880,6417,1386,0
105826,71,1,2,0,-1,0,-1,0,-1,29061,32291,67362,31904,16092,17975,9447,15014,10262,8706,8344,6601,0
26604,56,1,2,0,-1,-1,4,0,0,3021,7327,19304,20326,3978,11077,630,2028,12724,8886,608,4286,0
65828,57,2,2,0,-1,0,0,-1,0,1919,33610,28711,51859,1489,47203,0,11976,4305,3775,0,10223,0
72118,69,1,1,-1,0,0,0,0,-1,58404,21302,34132,34724,10710,35462,16880,6305,16564,884,3799,3692,0
140122,30,1,1,0,0,-1,-1,-1,-1,29628,74438,63982,60538,44950,52093,4925,21654,0,0,4102,19581,0
50161,60,1,2,0,-1,0,-1,0,0,18245,26466,17834,24637,17727,33741,0,8671,4184,4292,3178,9798,0
80583,62,1,2,-1,-1,-1,1,0,0,24984,30567,58211,17169,30160,18022,851,2806,0,4779,4359,4204,0
55687,27,3,2,2,0,-1,1,6,0,28712,14473,19787,7203,12530,26636,3325,2104,0,3017,4290,990,1
223872,68,2,2,-1,-1,0,-1,-1,-1,47481,183803,49487,105318,27091,88393,16059,28764,23150,58589,0,33612,0
239783,58,1,2,-1,-1,0,0,-1,0,31232,121300,124689,162196,44842,147291,7082,39759,33444,7816,0,14074,0
134976,39,2,2,1,-1,0,-1,-1,-1,113643,61723,13773,95040,105408,63421,20405,8159,1231,36254,9925,27790,0
122782,47,1,2,-1,-1,-1,-1,-1,0,31290,31405,39400,87349,37050,99937,9694,7314,0,0,7352,0,0
34715,47,2,2,0,0,0,0,-1,0,8563,22250,10389,4941,16365,18750,2061,0,5683,2244,2436,11962,0
87660,70,2,1,0,0,-1,-1,-1,0,10228,19087,30739,60136,21397,71031,3709,10488,10249,20126,4574,24394,0
36999,73,1,1,0,-1,-1,-1,4,1,19922,24645,13728,2812,7524,33230,15190,3204,2091,535,1558,3425,0
41565,64,2,2,-1,0,0,-1,0,0,20742,17046,23041,19931,21115,8821,2984,1528,13369,5366,2645,1063,0
284693,56,1,2,0,0,-1,-1,-1,0,177111,238454,175585,151348,62573,155132,115714,135863,77883,25163,14008,57913,0
75386,26,2,1,0,-1,0,0,0,0,45273,38776,15096,62566,12406,26368,4540,3948,2410,6819,189,3163,1
41148,70,3,2,-1,0,0,0,2,2,8246,13728,11533,6228,27236,12615,0,2407,5612,2152,5983,6905,0
45610,28,3,2,3,1,1,3,1,-1,6008,26510,13210,24940,4184,20914,2250,2863,3024,3336,0,299,1
63666,30,1,2,-1,-1,-1,0,-1,0,45334,10727,41547,12923,19050,7680,15566,3858,5725,1312,5420,2513,0
10000,24,2,1,0,0,-1,0,0,-1,2894,3006,8635,6184,3084,9464,844,217,1357,1039,76,4137,1
17827,72,2,1,0,6,-1,-1,0,-1,7564,5428,5548,8234,7315,6754,55,635,2484,1655,70,2965,0
56224,47,3,2,0,1,1,0,0,0,26467,32228,20318,12932,35493,35112,2252,0,763,0,0,23640,0
32860,33,1,2,-1,-1,0,-1,0,-1,28731,15954,11211,18376,23425,11592,7558,0,5923,5802,896,545,0
44978,25,2,2,0,-1,-1,4,-1,-1,33277,10189,8444,10365,502,29408,3119,707,1671,1474,164,9470,0
25706,43,1,1,-1,0,-1,0,-1,-1,5165,1846,16847,0,5026,12521,1789,509,5031,0,0,774,0
38621,60,1,1,0,-1,0,-1,-1,-1,6214,18648,16397,22457,8506,27097,888,927,914,13512,2088,13090,0
48853,74,2,2,0,-1,0,0,3,-1,18554,20720,19836,12469,19160,18345,0,7973,4355,2493,10255,7531,0
102650,50,2,1,0,0,0,1,0,0,42132,42121,38079,89359,47789,26583,0,24620,19854,12061,19322,3988,0
168709,53,1,2,0,0,0,-1,0,-1,43048,56741,67322,151600,91387,95427,0,16534,27855,60163,9564,15172,0
19065,66,3,1,0,-1,-1,3,-1,-1,0,15672,2331,9140,13728,4456,0,1739,716,1117,544,1519,0
62652,69,2,1,0,5,0,-1,0,-1,23843,33776,38722,28127,17753,5513,1647,7182,18353,3306,2286,215,1
10970,36,4,2,0,-1,-1,-1,0,0,6481,7047,8787,7619,1843,4672,0,1954,3141,3142,419,1819,0
51283,74,2,1,3,-1,0,0,-1,-1,23308,34385,23203,11463,17109,8365,0,12603,0,2172,2391,2210,1
73569,49,3,1,0,0,-1,2,2,-1,8971,48465,17308,22566,19975,13717,0,18680,892,4045,2078,6501,0
46460,71,2,2,6,-1,2,0,-1,3,27923,33816,16607,11159,22598,11650,0,16731,7582,1163,10155,1561,1
196618,27,1,1,0,0,0,0,-1,-1,111580,23550,51532,62021,70452,31460,26588,1904,7580,2466,0,0,0
134055,26,1,1,-1,-1,-1,0,0,0,52593,33042,75240,75840,48648,7712,28002,0,7120,6632,0,4343,0
41622,68,3,2,-1,4,0,2,6,4,15467,18754,2129,3938,9272,24105,1347,3162,417,546,0,1757,0
56202,57,1,1,-1,5,0,-1,0,-1,6966,3677,22560,29240,16605,37403,0,0,10033,5351,1669,4740,0
31969,30,2,2,0,-1,-1,0,-1,0,8247,15857,6630,7513,9102,10364,4393,0,1695,767,6514,1777,0
15269,69,2,1,-1,0,3,-1,5,0,1672,8669,1390,6791,407,8373,1104,3101,764,1032,58,1809,0
24351,26,1,1,0,0,-1,-1,-1,-1,798,11526,9363,20255,9152,10408,230,507,523,2845,1581,0,0
152119,57,1,1,-1,0,0,0,5,0,62086,61575,43393,2487,44830,85295,0,0,10386,0,3207,26404,0
164547,32,2,2,0,-1,0,-1,-1,4,58165,29229,35812,59688,136352,134618,0,0,12207,30274,57430,22547,1
20643,24,2,1,-1,-1,-1,-1,-1,-1,5974,12586,14227,10626,9683,13215,1396,331,5499,0,980,341,0
51769,64,2,2,0,0,0,-1,0,4,22822,7342,11869,24477,34042,35716,0,2320,1957,6897,22703,0,1
19475,66,1,1,0,0,1,-1,-1,5,3926,16330,11029,15297,1767,11037,1386,1289,1949,3614,1244,2144,0
22439,26,2,1,0,0,-1,-1,0,3,532,19684,5018,10812,4015,16294,0,4714,2753,5635,2172,1726,0
84485,26,1,2,-1,-1,0,0,-1,0,36224,23776,48997,40171,18750,43595,2789,2560,6150,0,5356,9158,0
32371,54,2,1,0,-1,-1,0,0,0,9083,14986,19889,11263,16703,6421,308,6117,9113,2142,3240,2315,0
14816,22,1,2,0,-1,-1,-1,0,0,10166,1773,11536,8240,1504,10334,1464,139,2182,1066,183,476,0
271458,61,1,2,-1,0,0,0,0,-1,114528,56986,31057,196528,157527,204101,5295,21361,9680,56194,18244,92458,0
47130,70,2,2,1,-1,2,-1,0,0,21297,2852,8495,10756,20865,15522,5409,238,3178,1884,0,1431,1
28366,61,1,2,0,0,-1,-1,1,0,16290,5504,13146,12249,13390,10397,2162,653,2814,4540,0,629,0
54308,33,2,2,6,0,0,0,0,-1,9206,30812,14144,12062,27875,24255,0,5529,7629,0,3974,0,1
64329,31,1,1,0,-1,0,0,-1,-1,28007,24138,3313,20674,48017,25337,0,5471,1931,5252,7533,308,0
96175,57,1,2,0,0,-1,-1,-1,0,39434,55753,18168,22735,32322,41224,9478,24201,3831,7943,7486,5016,0
52291,24,1,1,-1,0,0,-1,3,0,9681,24558,7238,9830,28783,13275,554,4265,4932,965,1499,5348,0
44122,50,3,1,4,-1,0,5,-1,3,29208,33164,31221,2128,3475,18445,3084,38,11087,591,799,2797,1
104287,45,2,2,0,-1,0,-1,0,4,55002,79036,61506,56857,47648,67326,22872,48467,10563,23447,16158,17075,0
23906,61,1,1,-1,0,0,-1,-1,0,10238,14214,14136,411,11963,7885,3046,2078,2474,195,1682,1722,0
28152,31,2,2,0,-1,-1,0,-1,0,10655,21762,3341,1941,13802,23484,4645,5585,856,810,5988,7997,0
95933,62,2,1,0,-1,-1,0,0,2,45567,56500,8532,26434,19051,20284,11171,777,1409,718,9008,2294,0
31536,58,2,1,-1,-1,0,-1,0,0,24115,18421,10931,21835,8542,5402,0,9779,4114,6091,4996,1880,0
32144,33,4,2,-1,0,6,0,0,0,22935,11434,12753,7336,15094,15805,0,1499,0,4491,9080,2588,0
33647,40,2,2,-1,0,6,6,0,5,7534,18645,12084,15306,22916,16253,402,0,2358,790,1715,3794,0
35368,24,2,2,-1,0,-1,-1,5,0,19298,8350,4331,13193,20439,18910,4652,2552,0,7222,2281,5336,0
46264,45,1,1,-1,-1,-1,-1,0,0,26990,10548,14095,31608,17627,27238,14162,2975,0,5510,2275,0,0
12536,35,3,1,3,-1,-1,-1,0,-1,80,3960,5064,2592,6394,2448,36,97,637,0,4194,1010,0
70781,27,2,1,-1,0,6,-1,0,0,12787,30083,37385,42499,21800,30336,2840,7315,16385,11410,8075,9552,0
160542,51,1,1,-1,0,0,-1,0,0,64787,88854,41803,133394,73611,75018,23380,994,8016,20442,11808,0,0
29796,51,3,1,0,-1,0,5,0,0,17380,8441,9582,6619,3253,18131,4212,2863,0,1562,1392,0,1
73342,25,3,2,3,2,0,5,6,1,9299,16135,31987,58269,18380,12354,0,2076,16174,0,1995,0,1
33094,31,2,1,-1,0,4,0,-1,0,16643,3089,9880,1809,2920,8506,2666,1159,0,626,0,1927,0
44195,25,1,2,0,0,-1,0,-1,0,28017,6147,14181,30497,34919,15211,7371,1638,6730,8648,11347,5017,0
68088,57,2,2,0,-1,0,-1,-1,-1,5570,10222,17642,33617,7496,4956,2021,0,6016,20560,1468,2896,0
48301,39,3,2,0,6,-1,-1,0,0,15177,15257,18082,9466,25841,13042,12026,0,5246,0,12923,7622,0
44792,24,2,1,0,5,0,0,-1,-1,15798,20153,13660,27198,17529,17170,3965,0,0,6824,8938,9937,0
117917,31,1,1,0,6,0,-1,0,-1,14094,49615,45783,5602,63927,52431,3313,5104,6434,3752,0,7158,0
24511,73,1,1,0,0,0,-1,0,-1,8630,5017,5126,15367,10999,17141,3550,1106,0,1537,1330,0,0
53814,34,1,2,0,0,-1,0,0,-1,17785,32266,6781,27862,13779,4850,6904,3005,1510,0,8611,1751,0
148497,57,1,2,0,-1,-1,0,1,-1,37356,79821,25553,16394,45087,74783,12008,58189,0,899,0,23134,0
105841,46,2,1,-1,-1,-1,-1,0,0,79490,69953,49648,28237,66400,45932,20322,19091,1250,7057,23774,2584,0
133959,30,1,1,0,0,-1,0,-1,-1,71524,78402,57039,30303,51628,101657,0,24600,6821,0,9595,39235,0
110922,37,2,3,-1,-1,0,-1,0,0,54219,39281,87284,20475,13176,35377,18598,9236,29497,9615,2950,6583,1
25470,21,3,1,0,-1,-1,-1,0,1,4254,16490,3139,17177,4440,5374,805,244,692,5355,343,0,0
12529,61,2,1,0,0,0,0,-1,-1,10363,3478,3170,5078,37,4601,1385,0,811,1404,5,1423,0
55795,39,1,1,0,6,0,-1,0,-1,12245,2661,10482,9429,35286,27625,0,434,2697,856,16145,8443,0
57075,47,3,1,2,-1,0,0,-1,6,17159,28310,17151,6123,7419,7286,2206,22409,5558,1898,1847,676,1
130095,29,1,1,0,0,0,-1,-1,0,90746,38460,57896,37747,71703,51270,22000,6565,40553,12002,6163,18724,0
22523,65,3,2,0,-1,-1,3,4,4,13054,7361,13245,14143,7713,11085,4837,878,3644,6690,596,3899,0
31636,32,1,2,-1,0,1,5,-1,-1,14956,4117,0,3242,19378,16361,3361,422,0,534,2649,4308,1
24469,51,2,2,1,0,-1,-1,-1,-1,20100,13052,2228,14991,4224,5057,13400,2151,500,0,917,383,0
31731,68,2,1,-1,0,-1,0,0,-1,13775,10910,2711,12524,8394,7297,0,449,761,0,2008,727,0
10745,59,2,1,0,-1,0,0,0,-1,3543,901,2258,2745,1276,1990,1485,322,0,1026,649,368,0
32153,53,2,2,-1,4,0,-1,0,0,11086,5091,9271,19211,16320,11724,2230,836,156,12059,0,4318,0
71308,68,1,1,0,0,-1,-1,-1,0,4548,39902,33604,28763,49281,14800,2557,0,7700,18911,18852,1500,0
45328,30,2,1,3,0,0,0,0,-1,26712,28760,16394,11118,10933,31089,0,7234,1097,3593,3144,17128,0
52693,73,1,2,0,-1,0,-1,0,0,16008,26829,29065,11129,14197,20758,3641,6571,4163,0,2696,4337,0
28242,51,2,2,-1,-1,0,0,0,-1,16467,4304,16263,9790,12338,16596,3419,380,6495,0,4693,3934,0
31000,43,2,1,0,-1,-1,6,2,0,16608,26872,6272,11214,4832,4538,0,12174,2230,0,3162,2293,0
31442,34,2,2,-1,0,-1,5,0,-1,10384,12137,12492,7242,12357,7076,1791,4127,0,3132,2310,1641,0
120675,61,1,1,6,3,2,-1,0,-1,9545,65230,41308,25955,71966,40283,3891,8487,16635,0,0,0,1
48984,73,2,3,-1,-1,6,1,6,-1,9674,6778,17053,42540,19202,33734,131,2685,5146,17362,4491,14898,0
617523,58,2,1,0,4,-1,0,-1,0,271927,452964,91264,182016,226021,266132,46964,0,0,95380,34657,137513,0
52606,22,1,2,0,-1,-1,0,0,-1,20464,8859,17864,32126,23647,5475,1352,2312,1176,0,4512,542,0
69584,46,2,1,0,-1,0,-1,-1,0,45537,17666,48883,5701,25339,33914,11040,3374,8264,2243,2987,14899,0
53553,60,1,2,-1,-1,-1,6,0,0,18787,18838,33045,24974,20037,18285,4403,7386,2631,2858,2802,5060,0
52522,42,1,2,-1,0,0,-1,6,-1,13146,752,8142,4559,19649,10964,6457,0,1174,2422,12011,945,0
171081,62,2,2,-1,-1,0,-1,5,0,63709,119930,53509,28846,123105,108581,13942,28670,12666,4884,4647,0,0
152437,59,1,2,0,0,-1,0,0,5,51415,14166,44630,54578,59103,39978,10408,0,6577,19629,12477,16913,0
16860,24,1,2,0,-1,0,0,0,0,3960,377,9193,5707,10347,3924,730,37,1716,761,1013,1173,0
21633,51,2,1,0,2,-1,0,-1,0,13843,9187,5850,8534,7578,13622,0,4639,788,2573,0,4438,1
43958,30,2,1,0,-1,0,0,-1,0,10432,5129,22053,27793,18417,15649,3004,889,0,19152,7976,2998,0
45377,47,1,3,-1,0,0,4,0,-1,4988,17446,31608,32512,5477,25219,0,970,10247,7500,3826,15711,0
20533,41,1,2,0,0,-1,-1,-1,0,5162,4213,17903,13622,16049,7995,0,1091,4595,0,7185,240,0
53779,64,2,1,-1,-1,0,-1,0,0,27813,9076,23452,32291,26788,11960,5176,2144,7798,766,15727,1489,0
10910,67,2,1,3,-1,0,0,-1,-1,5230,4573,4972,386,0,9354,2589,0,722,58,0,417,1
54252,45,2,1,-1,-1,0,-1,0,0,20440,16364,31636,35178,19371,16605,6463,0,2059,9968,4588,4315,0
87902,49,2,1,-1,-1,0,-1,-1,0,23734,43016,68341,30528,12374,16939,1796,17881,2742,6026,0,12888,0
98537,54,2,1,0,-1,-1,-1,1,0,85128,33224,42412,65808,56252,45228,33663,9960,17054,9488,30887,5422,0
30573,56,3,2,4,-1,0,-1,-1,-1,5742,8593,20455,13184,4031,13858,746,2124,4811,1880,1861,5209,0
229836,55,1,1,-1,0,-1,0,3,6,148781,164010,73237,64471,121849,149087,27849,131142,3835,11876,11424,20618,0
89480,63,1,2,0,2,0,-1,-1,2,56751,33593,58460,16860,32939,24342,12197,6161,25806,3006,4979,3661,0
135013,74,1,2,0,0,0,0,0,-1,88099,24737,93634,62789,67395,34901,36478,7388,18400,4835,34618,5979,0
38080,65,1,1,-1,0,0,-1,-1,0,11849,10946,19236,8469,14428,16151,3594,5400,7744,0,0,0,0
165596,28,2,2,-1,-1,0,0,-1,0,105192,33058,108574,63765,31537,41642,0,14404,43477,0,23097,4712,0
34233,46,3,2,0,1,3,5,6,-1,5386,9639,10289,14921,2995,19742,447,6056,0,6004,0,6958,1
242289,45,1,1,0,-1,-1,-1,0,0,219893,134923,111259,61647,76787,63641,0,51171,47760,9145,15419,29111,0
203413,48,1,2,-1,0,0,-1,0,0,136659,171865,38855,42351,123956,62185,0,21470,4763,4075,0,20820,1
60241,49,2,2,0,0,-1,-1,-1,-1,4730,42824,38375,28129,51651,36526,444,0,16970,8442,2947,21343,0
47471,59,4,1,2,2,-1,4,6,1,14584,6584,33867,389,24102,23346,0,1687,0,125,11750,10272,1
59428,43,1,2,-1,-1,-1,0,-1,-1,5953,24057,26289,27347,2087,32752,1449,3802,6667,3532,181,18868,0
25454,35,2,1,0,-1,-1,0,0,-1,20810,8185,12468,13278,18194,6737,0,0,3315,3362,0,2017,1
55242,45,3,1,0,6,2,4,1,-1,33010,11171,17913,15808,23698,32373,17466,2108,1213,2529,2678,5114,0
75753,67,2,3,4,2,0,1,2,0,26669,19724,29766,45730,18258,49869,10965,5681,13747,4200,0,20956,1
13427,37,2,1,-1,0,-1,-1,-1,-1,1109,11153,0,0,5057,4155,393,5445,0,0,1832,0,0
45879,22,2,1,0,0,0,0,2,1,30008,16364,23050,18552,17404,13884,2162,4247,4385,2862,0,2183,0
137431,73,1,1,-1,-1,2,3,-1,0,25484,69835,59030,124488,53158,16514,0,2436,5014,0,13707,2451,0
158354,31,2,1,6,5,0,0,0,-1,37098,74677,59089,44832,40350,35086,1828,29701,6736,22075,0,15463,1
122605,53,1,1,0,0,0,4,5,-1,53488,40204,16527,53302,9336,60939,6770,5710,1264,37009,1563,3320,1
14562,64,2,2,0,-1,-1,0,0,-1,6721,9005,10864,799,7993,4448,1292,0,631,185,236,1973,0
14761,35,3,1,1,3,0,3,5,2,4123,2779,2089,150,1861,5700,0,832,112,74,0,2982,1
52035,39,1,2,-1,0,-1,-1,-1,0,17489,13520,12862,29174,15470,10441,5821,4349,1102,5645,6240,779,0
150098,36,2,1,-1,0,0,1,1,0,27402,32726,20683,66461,88681,59275,14975,1548,3926,21641,16791,11360,0
42226,29,1,1,-1,-1,0,-1,-1,-1,19397,10586,18210,10207,2603,7844,3698,3557,4446,2799,1437,0,0
160067,29,1,2,-1,-1,-1,-1,-1,0,9452,111327,93715,70159,43193,65033,2107,6082,12252,53299,11940,18898,0
29777,31,2,2,-1,0,-1,-1,-1,2,2796,9112,5255,28204,1845,8870,168,1549,871,11041,276,145,0
105089,45,1,2,0,-1,0,1,1,-1,87079,22565,69075,42563,6083,40056,10232,0,17866,13211,1101,399,0
23108,49,2,1,0,0,-1,0,-1,0,20253,5190,6097,15241,7273,21372,10087,1783,3754,8227,0,7835,0
58772,21,1,2,-1,-1,-1,-1,0,0,21354,36862,24174,37152,28751,36538,0,24301,6472,9773,4592,7796,0
19825,66,2,2,0,-1,0,-1,0,0,10336,2953,8368,11571,13421,11864,4216,0,963,2824,5760,10623,0
155512,57,2,2,-1,-1,0,0,0,0,9236,60416,24413,47420,56591,84092,1756,3073,0,15193,28022,8181,0
28116,24,2,2,0,0,2,1,3,-1,8331,13261,14692,6478,2385,2734,1735,0,4375,3815,782,699,1
14218,66,2,2,2,4,1,-1,0,-1,1608,6497,4031,4624,2441,9601,603,3199,0,1609,0,0,1
13345,22,2,1,0,3,-1,-1,-1,0,5602,9340,3846,7563,4968,3836,227,1140,1719,1416,0,0,1
64095,51,1,1,-1,-1,-1,-1,5,-1,52029,38970,17825,34642,11702,28980,13243,10432,5104,5854,1672,12227,0
23786,46,3,1,-1,2,-1,0,-1,-1,8465,577,10635,11841,8950,17598,4341,0,0,7459,993,1220,0
115318,48,1,1,3,-1,-1,0,-1,-1,51596,85842,47838,7320,43447,67959,20921,3480,27069,4277,34881,29913,1
56861,72,1,1,0,0,0,0,0,-1,20875,694,14900,26753,41685,32644,12158,204,2605,5520,7102,13218,0
124588,71,2,1,-1,0,1,-1,0,-1,52234,29507,9214,65499,43881,33149,0,0,1269,21768,0,14294,0
36014,36,2,2,0,-1,-1,0,-1,-1,9347,5272,25470,11307,14440,15237,0,2844,12088,973,0,1023,0
111433,52,2,2,-1,0,-1,0,-1,-1,61198,70932,38700,32401,29290,21677,16694,5187,9278,0,4575,5164,0
16014,72,3,2,-1,-1,4,2,-1,-1,6866,11893,4044,4302,3520,12338,1647,1923,2983,2398,1394,2844,1
14725,60,2,1,-1,0,-1,0,-1,0,6793,4263,8325,5868,7834,5406,471,1187,3440,0,815,366,0
35518,68,1,2,-1,0,-1,-1,-1,0,12996,17244,9412,14998,17368,2277,0,2271,200,4371,5921,412,0
27819,44,1,2,-1,0,0,-1,0,0,11464,20095,19588,4197,11224,23609,349,0,3183,333,5319,8494,0
25437,36,1,1,-1,-1,-1,-1,0,-1,14352,10001,3640,8832,17122,17694,3149,3162,408,2169,7942,6114,0
68249,48,2,2,-1,0,-1,0,0,-1,40888,23139,16530,27060,27165,24027,18265,2463,3666,3139,0,2354,0
55548,65,1,1,-1,-1,-1,0,0,-1,12043,32926,33909,17006,14571,16459,6548,644,22274,3683,561,2872,0
54908,71,2,2,0,0,-1,-1,-1,6,26507,42036,13464,32220,32117,10277,4846,10702,7010,1846,8719,0,0
74760,58,2,2,-1,6,3,-1,-1,0,20371,32262,30421,23679,24519,5910,6408,5858,0,4910,0,0,0
12726,59,2,2,-1,0,0,0,-1,-1,7010,4521,2582,1859,0,3741,799,0,1537,796,0,518,0
108273,48,1,2,-1,1,3,6,-1,0,12155,2841,12171,35269,63485,90164,2104,298,6940,12346,12153,13570,0
26168,38,1,1,0,0,-1,0,-1,2,12234,11206,9491,15798,6224,6708,0,2889,5226,7061,1763,2235,0
21630,43,3,2,-1,-1,-1,1,-1,5,9294,6124,5030,9384,5741,11781,0,0,288,0,1975,7207,0
10789,47,2,2,5,-1,0,0,0,-1,7043,0,4857,4806,4519,1565,2988,0,1832,1407,243,302,1
82757,65,2,2,-1,-1,0,-1,0,-1,8400,12914,17392,56901,35243,51457,0,5013,1881,13851,0,0,0
12692,50,2,1,-1,-1,-1,-1,2,-1,6649,1965,6024,2395,6143,7665,3615,860,2890,1012,3476,2812,0
13137,63,3,1,2,1,5,0,0,0,2737,0,9000,5014,1036,4772,1162,0,0,515,119,2596,0
27844,22,1,2,-1,6,0,0,0,-1,17948,8223,9543,6047,10209,7179,3254,337,584,3799,3559,900,0
30955,61,3,2,-1,6,0,0,0,0,8592,13748,2059,18728,12002,15982,1886,2677,173,0,366,2247,1
60418,48,1,2,-1,0,0,0,0,0,12862,39009,13019,38958,19353,31027,2893,17444,7091,4938,2917,11730,0
65699,74,3,1,6,-1,5,0,2,-1,20667,13126,52743,22507,27791,24399,0,0,22050,10955,0,6544,1
63121,46,1,2,0,0,0,-1,-1,-1,49529,9853,14194,13833,9648,43098,15907,4212,5162,4922,4859,21227,0
148611,46,1,2,5,4,0,0,0,-1,43127,25858,110767,24830,22234,42300,18583,5627,0,9363,2063,29192,1
92960,27,1,2,0,-1,0,-1,0,0,29138,68971,13709,4674,5812,32248,11683,20311,2647,0,768,11511,0
23008,64,2,2,-1,-1,0,-1,3,2,1488,16896,2247,4661,4110,16355,934,6874,249,21,2092,10881,0
20122,58,4,1,0,0,-1,0,-1,0,14907,8545,8879,6038,9006,7717,2110,3865,0,3043,1540,4313,0
229794,67,1,2,-1,0,0,-1,-1,0,91119,19760,65778,109243,112588,173364,0,7872,13155,19752,32682,41452,0
183215,26,1,2,0,-1,0,-1,0,-1,113591,27113,78219,69107,147873,38093,15087,0,7513,23336,0,24928,0
132685,32,1,1,0,-1,-1,0,0,0,67172,70656,80128,59843,34323,28656,4497,10141,0,19876,9095,5677,0
147393,68,1,1,1,0,0,0,0,-1,28232,93584,82211,14261,54663,52072,4945,3717,30081,9266,11261,6470,1
71118,23,2,2,0,5,-1,0,-1,0,13290,36828,21284,20046,37560,38550,806,2081,8859,2536,1996,8864,0
89729,48,1,1,-1,0,0,-1,-1,-1,38125,38311,27567,9024,31000,69339,10940,11903,13724,4487,3625,0,0
35706,42,3,1,0,-1,0,1,0,2,18656,2579,2651,5176,16808,10708,13021,850,1859,1590,1457,3056,1
133573,71,3,2,-1,2,0,-1,0,0,46378,73095,32263,84937,65204,37827,4309,0,0,0,2765,12569,0
47322,67,1,2,-1,-1,0,0,-1,0,27158,17826,12020,15953,13571,6831,0,4914,1829,1502,2478,374,0
59411,69,2,2,-1,0,-1,-1,0,0,9297,31400,8141,27506,52497,39057,6772,791,1910,15441,0,1718,0
10000,36,4,1,0,6,1,2,3,0,81,7710,3253,4020,2836,4137,0,2471,677,1475,0,0,0
10924,52,3,1,-1,0,4,1,6,2,4654,2607,5433,7768,2688,0,3253,871,2239,2960,528,0,0
209426,58,2,1,0,0,0,-1,0,5,117644,111546,85929,142470,96385,178436,21735,0,16003,24789,0,35296,0
112408,73,1,1,0,0,0,0,0,0,34551,32703,2927,67143,19002,38226,2031,0,1442,0,11253,7552,0
57890,21,1,2,0,-1,0,0,0,-1,21997,19339,15867,27339,28700,46260,0,1357,792,8382,2276,18158,0
52190,73,2,1,-1,-1,0,0,0,0,28887,13321,31919,24304,41066,6498,1207,915,5662,0,10854,2775,0
16539,40,2,1,-1,-1,-1,-1,0,-1,2926,11132,1668,8537,8929,5029,0,9208,0,2172,3289,879,0
34804,27,2,2,0,-1,-1,0,-1,-1,11901,9159,16411,8231,6424,24754,5821,2592,9957,2254,2376,867,0
15267,54,2,1,5,-1,0,0,-1,0,5847,5074,4892,1431,6393,8964,1603,225,0,0,911,1831,1
38706,63,2,1,-1,-1,2,-1,0,0,7767,15835,6933,26661,15734,9748,1353,1420,1606,1473,7000,3964,0
118270,28,1,2,4,2,-1,2,2,-1,57024,29081,51955,51545,36257,35740,7547,11799,13189,8096,10088,448,1
70448,23,2,1,0,-1,0,-1,-1,0,17897,11420,23126,21962,20663,18724,2271,3536,0,0,8176,4321,0
122347,69,3,1,5,-1,0,0,0,0,49403,3754,4611,60659,56997,30232,8312,997,424,0,0,3136,1
86877,71,1,3,0,-1,0,-1,0,2,53750,42156,15504,621,20768,43148,31024,0,3691,295,2277,0,0
10000,29,1,2,-1,0,-1,-1,0,-1,3225,5582,8844,0,3932,1490,373,0,3644,0,0,436,0
163384,69,3,2,0,0,3,3,6,-1,0,96136,125945,55334,89578,57515,0,0,47189,27068,31977,16353,0
25020,70,2,2,0,0,0,-1,0,-1,12941,6922,13413,11018,9164,6860,3056,875,1505,2002,653,0,0
55808,74,2,1,1,0,0,0,0,-1,46295,19284,23918,21477,16973,14760,4176,13279,9283,0,4942,2005,0
37226,32,3,2,5,6,3,0,-1,0,0,5369,16423,11533,7015,16147,0,1872,2323,4628,790,10137,1
59439,52,2,2,-1,-1,0,0,0,0,48996,9347,36830,7494,39091,30558,19550,0,14429,653,3062,429,0
35659,74,4,1,5,5,3,-1,0,-1,21128,24235,29206,23089,6760,24800,0,3914,9892,4871,3193,3486,1
36165,69,3,1,-1,-1,-1,0,0,5,20232,25667,13815,31212,25885,24376,6417,0,1817,6193,3615,4353,0
23841,53,1,2,-1,-1,-1,0,-1,-1,4161,9624,4339,12644,5170,4652,860,1984,1339,1531,1986,23,0
388320,31,2,1,-1,0,-1,0,0,0,306267,34275,277026,148980,176288,247080,45660,12243,44007,9059,32663,73084,0
115568,25,1,1,0,5,4,1,0,6,98584,33767,54615,34776,25732,15514,9257,591,9135,11175,2326,2787,1
51098,34,2,1,-1,0,-1,-1,4,-1,7797,20989,25256,27567,40806,11271,677,7843,11581,6691,25185,579,0
213949,24,2,2,0,0,-1,0,0,0,66332,88237,68152,23877,79658,63450,3248,13691,64259,7779,0,22599,0
20794,31,2,1,0,0,1,0,-1,1,8648,1270,2995,15456,17409,9424,2309,0,114,0,3274,2548,0
68736,25,3,2,3,-1,0,2,1,-1,48233,30641,35435,29318,12957,20202,25194,3392,4780,14925,2286,4544,1
31440,62,2,1,-1,-1,0,0,-1,0,25796,21740,4252,731,8749,10846,2467,7667,1743,78,3850,2037,0
67634,52,2,2,-1,-1,0,0,-1,6,23103,38197,21279,32724,8289,6873,793,3831,11366,18446,2534,2636,0
68841,48,2,1,-1,0,-1,0,0,-1,23878,32625,26892,31385,18398,21777,0,4185,5196,6892,4903,5253,0
10000,64,2,1,-1,2,3,-1,-1,0,0,6203,2823,2198,0,2078,0,646,1390,1065,0,287,0
21832,43,1,2,-1,-1,-1,0,-1,-1,11743,2363,4611,16908,1230,7227,3540,961,990,6089,0,3216,0
174407,42,2,2,-1,-1,-1,6,-1,0,85441,133137,28857,92951,91366,123354,44926,25417,6446,11715,64964,56839,0
40065,32,2,1,-1,0,-1,-1,0,6,7171,10086,10924,4482,6289,21532,5895,1525,526,0,1140,4470,0
340352,45,1,2,0,0,0,0,-1,-1,77067,185044,182704,237500,251206,80929,18896,14035,79856,112104,25845,22234,0
139818,30,2,2,-1,0,-1,0,0,-1,110298,33723,66603,111708,60139,76870,68162,10364,0,48911,1122,27623,0
41100,52,2,1,0,0,2,0,-1,-1,12448,20731,14811,31518,22503,2932,6682,1325,6805,0,2308,736,0
53619,74,1,2,-1,0,-1,-1,0,0,13590,16915,24293,16257,30897,29941,3716,2399,6681,2791,2921,9804,0
128291,49,3,1,-1,-1,6,-1,-1,-1,95154,44868,31298,16922,39673,45906,57785,13400,5258,6381,3129,8614,0
369124,37,1,2,0,-1,0,0,0,-1,193729,87047,241221,80366,68196,295982,61767,23193,0,25265,34620,62252,0
38976,58,2,1,5,-1,0,0,-1,-1,7646,16479,9301,1927,29242,15055,1641,9497,4828,337,14314,3845,0
167800,65,2,2,-1,-1,-1,0,0,-1,39920,33494,32517,23029,106077,126519,12792,9929,486,3689,15053,31701,0
156449,46,1,2,0,0,4,-1,6,0,47995,34813,24709,59446,74573,89160,25687,20029,6580,0,0,9046,0
128288,34,2,2,0,-1,-1,-1,0,0,49990,70113,21848,21802,59834,76366,12087,10866,5239,10629,4263,0,0
74413,59,1,1,-1,0,-1,0,-1,-1,34406,15901,40259,42333,26905,48124,7261,0,0,0,1695,9017,0
40076,31,1,2,0,0,-1,-1,4,1,4929,16836,1895,30429,24152,15518,2759,0,74,22733,3911,5180,0
21088,74,2,1,4,-1,0,0,-1,2,7304,21088,16372,10739,11041,10798,2703,911,7560,2011,3853,4968,1
24174,38,1,1,3,6,-1,-1,-1,0,6544,18087,14152,20583,17994,15088,3612,555,0,2503,3494,5252,1
158266,39,3,1,-1,0,-1,0,-1,0,97711,54732,16422,119017,63921,59261,34679,3839,3273,16897,9264,27672,0
49451,60,2,2,-1,3,-1,0,-1,0,21040,11461,21003,9710,22383,8949,3428,6086,9748,672,9926,2584,0
27464,21,1,2,0,0,4,-1,2,0,7386,7104,16329,6716,9091,9312,4238,3936,1996,2193,2503,0,0
76516,31,3,2,-1,-1,-1,-1,3,0,13312,12478,30834,13395,22699,33989,570,485,3988,5262,5965,19586,0
33419,27,2,1,-1,0,-1,-1,0,0,12409,17642,17682,21833,3893,5205,0,6250,3795,892,385,745,0
29121,42,2,2,-1,-1,-1,1,1,5,9095,13155,11639,19024,17844,3098,4781,0,3917,6546,0,0,0
256377,50,2,2,0,-1,-1,-1,-1,-1,84162,47383,52453,131444,67923,109455,37017,0,10945,10880,4979,55851,0
11834,30,3,2,0,-1,-1,0,3,5,4725,4160,1540,2908,8668,4715,2125,1178,171,352,391,0,0
82827,39,1,2,0,-1,-1,-1,0,-1,57548,71821,39915,15136,42712,56785,12975,16491,16324,0,9499,4147,0
42776,62,1,1,0,1,3,1,-1,-1,37180,13521,19572,6616,8632,22350,4706,7451,6820,104,2447,9355,1
18824,71,4,2,0,0,-1,-1,3,2,5886,15881,14005,14831,429,6166,0,0,1418,2706,64,2428,0
21277,21,1,2,-1,-1,-1,6,0,0,4555,6247,8531,7320,2535,1927,1388,0,2515,243,197,448,0
51414,54,2,2,-1,0,4,-1,-1,-1,21123,28938,23836,24293,6981,25075,512,0,11488,5741,3544,554,0
24364,22,2,1,0,-1,-1,-1,0,-1,14246,2396,6812,8938,7556,6445,2388,249,3811,2962,2346,3208,0
78676,49,2,1,-1,-1,0,0,-1,-1,33436,32918,43993,44409,46335,10243,17923,17390,3009,12568,0,1313,0
47211,68,2,1,-1,-1,0,-1,0,-1,25975,23268,10811,11797,10410,33150,13285,655,2628,4088,2578,9399,0
26721,64,4,2,0,-1,-1,0,-1,-1,3097,201,13492,14520,14651,11771,68,33,2600,7508,0,2955,0
34256,33,1,1,-1,-1,0,-1,2,-1,10482,22167,9105,6414,19400,16297,4325,7604,697,2619,6497,0,1
153977,34,2,2,-1,0,-1,0,-1,0,31611,60904,57187,47526,111629,50965,9308,6552,3132,10882,67230,16255,0
88304,63,2,1,0,0,-1,-1,0,3,21617,22395,41571,30614,43118,3537,8643,4794,12902,8247,14003,275,0
39791,65,1,1,0,0,0,0,-1,-1,16760,24455,27292,11892,18434,21326,0,2124,6022,229,6575,0,0
11567,36,3,1,0,-1,3,-1,-1,0,282,2727,2445,7512,5453,827,33,0,324,0,898,510,0
10824,21,2,1,0,-1,0,-1,-1,0,8161,6782,5032,6950,9997,3078,1748,1164,2541,72,115,511,0
170476,45,1,1,-1,0,0,2,-1,-1,78238,70454,104446,102401,86448,44952,42339,13716,20656,0,14100,0,0
71016,54,3,2,0,0,-1,0,4,2,43835,19799,32445,18407,35879,38018,25275,1002,20031,1230,2410,12919,0
79267,44,3,3,-1,0,-1,4,3,1,44144,60905,54146,34107,28472,17775,12310,0,38513,7088,13699,10814,0
62332,71,1,1,0,0,0,-1,0,0,3094,30663,16351,47477,11795,34140,1121,4859,10028,0,186,13689,0
93415,64,2,1,-1,-1,0,-1,0,-1,17704,36278,66645,33644,12407,14559,1016,9272,15741,3915,2567,4241,0
156096,63,1,2,-1,0,0,-1,-1,-1,92777,73838,92993,85686,92349,105487,13462,48109,19212,17938,0,0,0
64902,22,1,1,0,0,0,-1,0,0,21697,35135,16422,33572,36169,35579,3695,0,2520,14386,1397,5947,0
51531,67,1,2,3,0,0,0,5,1,28451,5970,36046,5783,13845,5683,0,392,16550,47,3621,1500,1
15713,61,3,2,-1,0,0,-1,6,3,9199,8707,7899,7094,10261,10414,1330,3132,642,2289,4945,6279,0
96508,42,1,2,-1,-1,0,0,0,0,0,60481,41723,13344,32481,40700,0,7084,15029,1651,0,7895,0
107349,52,1,1,-1,-1,-1,-1,-1,-1,27118,34518,34841,66907,16929,64613,3764,3785,0,16383,6005,23908,0
35410,65,2,2,0,0,0,-1,-1,2,14141,21370,24325,24142,18934,26247,6276,9449,1649,1537,3009,1948,0
38910,69,2,2,0,0,0,-1,-1,0,9625,37072,21095,21125,22966,6249,754,5970,0,0,1325,797,0
57678,50,1,1,2,0,-1,-1,0,0,39430,27150,37133,28329,35810,35051,6516,4989,0,18763,13769,1636,0
129244,23,1,2,0,-1,3,0,5,4,36425,32389,51999,37458,51283,63720,16421,13899,0,10363,7879,16926,1
16326,54,2,1,-1,-1,0,-1,-1,-1,12988,5424,10593,8467,9865,10359,5308,2041,1817,876,0,4236,0
20247,57,2,1,0,-1,0,0,0,0,16759,7593,9342,9618,14309,9432,3306,2642,191,1164,8672,0,0
20566,24,2,2,0,-1,-1,-1,0,-1,8507,7151,5641,11040,8205,3399,2459,3094,0,4298,1898,558,0
60940,65,1,1,0,0,-1,0,4,3,23654,27196,12401,36754,28949,49332,163,186,0,3632,7998,18214,1
63083,31,2,1,-1,-1,-1,-1,0,-1,29340,8037,26167,55520,21165,24261,9148,2486,5873,10811,4787,2216,0
20845,69,2,1,0,-1,0,-1,0,2,8206,8898,11390,5442,15860,5710,1950,1905,7994,4333,3943,89,0
142013,50,1,2,0,-1,0,0,0,0,28485,67311,85181,58207,40331,76543,2816,8390,26284,0,18667,7735,0
221148,38,1,2,0,-1,-1,0,-1,0,82792,34876,95163,139454,135720,107804,9643,0,17379,7812,13417,11272,0
68257,24,2,2,0,0,-1,0,3,0,7941,23047,32716,15087,46010,4247,2300,3717,27972,1936,5481,796,0
168502,21,1,2,0,-1,-1,0,-1,0,42865,34066,151309,29859,100183,18208,29133,15436,33681,0,44759,0,0
33002,61,1,1,0,0,-1,0,0,0,10993,22152,4127,23635,11993,5903,772,12978,120,5450,4556,2151,0
16818,41,3,2,0,-1,-1,2,-1,3,2037,10871,2045,1481,5477,12071,341,5745,432,900,2662,1606,0
73991,66,2,1,0,0,-1,0,0,-1,55855,40177,42288,32657,41630,37842,3386,17432,0,12915,2670,12821,0
47537,33,2,2,2,-1,0,0,-1,-1,16011,19219,30184,15222,17501,15891,6728,4906,5607,0,1965,3515,1
33587,70,1,2,1,0,-1,0,-1,-1,12607,4411,923,9191,17087,2736,99,0,26,3494,8163,109,1
153282,71,2,2,0,0,1,2,-1,6,38697,88719,44458,37204,76568,119688,0,8169,7986,8999,51580,12048,0
62257,26,2,2,0,0,0,1,5,0,34060,27645,35696,17669,35615,22974,3797,6498,0,7590,21292,8842,0
60178,55,3,2,-1,0,-1,0,0,-1,41814,19882,18876,12785,0,30256,9357,5195,10124,6383,0,9543,0
28583,71,2,1,-1,-1,3,5,0,0,9103,3893,8677,12706,5784,14938,2291,445,3111,0,687,5094,0
187949,38,2,1,6,-1,-1,5,-1,-1,80773,79166,37436,116526,64475,33272,33153,59521,9396,65411,17110,4554,1
60580,24,1,2,0,-1,0,0,-1,-1,40188,36619,16820,16950,21034,26447,18069,13518,0,5395,8293,15187,0
110773,68,2,2,0,-1,-1,-1,-1,-1,7270,5555,34911,27485,30389,28095,2212,662,13043,1853,2822,6726,0
21526,46,3,2,2,-1,0,-1,0,-1,19971,5376,12972,0,5191,12969,5895,2688,321,0,280,10203,1
56101,22,2,2,-1,2,0,0,-1,-1,32596,32635,40590,40818,38200,22222,559,0,13765,16754,4114,2359,1
76593,66,2,1,0,1,4,-1,-1,-1,26599,32059,12393,19821,45239,36253,640,10464,3934,4324,9044,1980,1
169337,57,3,1,-1,-1,0,5,1,3,112914,33273,80514,52952,41474,93728,16210,15084,2311,8222,15722,61626,0
24138,24,3,1,6,1,-1,-1,0,-1,8122,12566,9894,17844,8705,1388,1359,3692,678,10979,5011,232,1
80702,34,1,2,3,2,-1,0,-1,0,44394,43567,7779,29193,32799,50296,18409,14591,3005,14590,0,3796,0
110189,21,1,2,0,0,0,4,2,-1,13693,8715,48398,19664,90919,73811,1793,2195,3987,0,25524,18332,1
15805,72,2,2,-1,-1,0,0,-1,4,0,7540,5864,13456,15028,9429,0,1762,1208,2884,9903,3709,0
10000,22,4,2,0,0,0,-1,6,2,6463,7712,3313,1448,6765,3989,4066,362,243,0,2594,838,0
22099,63,2,2,0,-1,1,5,0,0,5185,739,4705,10929,11278,22099,3072,105,0,0,0,4056,0
148778,48,1,1,-1,3,4,0,-1,0,18492,64867,46406,87393,70390,56361,0,15440,10534,16354,26095,0,0
193517,52,2,1,4,-1,-1,-1,-1,-1,136973,20513,52157,144516,65900,138336,0,6286,10868,13967,43115,67580,0
32796,64,1,1,0,-1,0,1,6,6,24294,11713,19140,16138,26004,8946,6864,4389,3766,6510,0,4406,0
25928,69,1,2,-1,-1,-1,-1,0,-1,3146,10656,13057,10626,8806,2648,704,5021,751,2696,0,826,0
234279,27,1,1,-1,0,0,-1,0,-1,33206,82354,77301,184335,19476,121926,3523,35251,32733,51085,5591,75114,0
43657,21,1,2,-1,0,-1,6,5,0,5379,33803,31665,18204,8487,21748,1104,6796,13511,9218,836,2675,0
36408,27,2,1,-1,0,-1,3,6,0,16288,5282,17817,6712,18597,23415,3814,522,1520,734,2776,0,0
220527,57,1,2,-1,-1,0,0,0,-1,23167,60485,44494,179782,162840,102348,0,16153,8944,37171,11698,15074,0
193345,51,1,1,-1,0,-1,0,0,0,122517,39033,144914,107203,86402,63245,13372,6267,35431,55641,62075,7449,0
103492,25,2,2,0,-1,0,-1,0,1,68802,56195,26429,20501,32232,79261,14873,31981,4455,5153,10118,29780,0
17453,33,1,1,0,0,0,0,-1,0,9048,6990,3480,2515,0,8906,3219,0,503,528,0,1467,0
17912,50,2,2,0,-1,0,-1,0,-1,4726,0,2420,0,12248,7944,2007,0,324,0,1916,0,0
168194,60,1,2,0,-1,-1,0,-1,0,112226,52432,72240,57659,96380,100750,11641,0,15329,5670,13830,28691,0
88502,39,1,1,0,-1,-1,0,0,-1,45545,0,5596,26594,64774,27074,18769,0,2247,4719,302,2479,0
26312,72,2,2,-1,0,-1,0,-1,-1,5010,8196,16572,9034,13797,7447,2305,1713,0,4729,2815,1451,0
52095,74,1,2,-1,0,0,0,-1,0,6085,24885,2653,16385,27326,35660,1351,8950,608,267,6450,9767,0
166918,62,1,1,0,0,-1,0,0,0,85118,68395,38701,82633,92855,132825,15998,4600,9361,0,36720,29909,0
232945,45,1,2,3,-1,5,0,0,-1,94706,79529,49286,75564,52798,99712,0,23868,10951,28549,0,28490,1
68301,68,1,2,1,-1,-1,-1,0,0,27343,18313,3996,42529,43068,10100,10421,3686,2144,11176,12353,5520,0
39613,60,1,2,0,-1,0,0,0,-1,12782,31221,22739,10591,16599,11094,330,7716,1094,5455,6785,3798,1
55054,49,1,2,0,0,-1,4,5,-1,43544,12525,6529,14062,51364,37138,16951,7055,0,10024,0,19403,0
200972,44,1,2,0,-1,-1,2,-1,0,95684,93910,149564,116504,105456,101661,33012,8004,33254,49599,10038,28938,0
197856,65,1,1,0,-1,6,3,0,0,133314,81208,41071,69685,43059,92156,39349,29660,15146,7823,18884,8174,0
40083,51,3,1,0,-1,4,3,2,6,16509,11563,26714,11581,13875,2086,0,2981,0,640,5056,1001,0
44930,30,1,1,0,-1,-1,-1,-1,0,8567,12806,26089,22202,23480,9286,4150,2089,6905,12369,3932,1551,0
163192,74,1,2,2,0,0,-1,0,1,37902,74809,39370,120736,73087,38629,1357,868,14566,25824,1734,12160,0
179576,24,2,1,0,-1,-1,0,-1,0,126103,130571,52615,15918,68293,38541,39451,36201,14175,921,8730,20930,0
21454,58,1,1,0,-1,2,-1,-1,-1,3079,8749,15478,7062,5816,1364,641,1519,4249,2756,1651,558,0
40702,56,2,2,-1,-1,0,-1,-1,0,19588,18637,3751,16030,22440,10358,5175,2012,1137,8734,581,7425,0
173033,52,1,1,0,-1,6,0,0,0,133505,32356,92254,69944,90871,101961,36870,0,22824,17297,0,59401,0
51996,23,2,1,-1,-1,0,0,0,-1,24345,19735,30601,3058,19347,25303,0,10265,13862,2147,805,1950,0
23212,47,3,2,0,1,6,4,4,-1,6325,8619,11259,0,2487,7969,1684,3399,0,0,0,3186,0
79588,69,1,2,0,0,0,0,0,0,8522,39981,27064,42889,30671,60344,1055,9297,10344,12954,9166,25083,0
92321,33,1,2,-1,-1,-1,0,-1,0,23432,46136,41846,35154,24491,29488,7383,4029,8418,8497,7359,5402,0
19901,58,2,1,0,-1,-1,0,-1,-1,9040,3587,2145,7116,5299,2352,3035,0,425,0,584,0,0
36899,67,3,2,-1,-1,-1,-1,-1,-1,12983,10371,3431,10524,10849,6419,0,7108,818,0,0,2238,0
65766,72,2,2,0,0,-1,0,-1,-1,24956,21153,15849,33782,26573,42885,9548,3655,4841,1287,0,7167,0
33101,48,2,1,0,-1,-1,0,0,2,1278,5269,7631,14230,13199,7143,193,2541,2417,0,0,260,0
36786,37,1,1,0,-1,0,0,0,4,17449,16191,13792,11010,21184,6197,10500,1623,507,3620,6138,0,1
31878,58,2,1,0,1,0,4,5,6,15981,5936,12083,17056,19760,15642,7852,1149,4769,1110,1746,7762,0
31563,47,1,2,-1,0,-1,-1,0,-1,15985,4549,22219,9925,12563,5978,171,859,10881,2095,3295,676,1
96809,54,2,1,0,-1,-1,-1,0,-1,9424,22110,12928,28763,58702,21958,0,4173,3802,8307,14738,2403,0
31243,61,1,2,0,-1,-1,0,0,-1,6315,14230,7841,1529,11238,12960,0,0,2457,908,0,1915,0
57024,59,2,2,-1,0,-1,-1,0,0,17896,20291,31868,1343,46615,21944,4131,1639,6969,0,21412,3576,0
50874,34,1,2,-1,0,-1,0,5,-1,17150,17413,21948,39016,26109,38381,0,0,0,2911,1523,3442,0
27862,61,2,1,0,0,-1,4,-1,0,15699,11812,3113,18222,1028,11258,9997,0,946,5077,106,3236,0
146834,50,2,2,-1,-1,0,-1,0,-1,55711,90690,102249,110321,55570,94809,3907,19798,7349,18122,16478,29529,0
30905,71,3,2,-1,1,4,6,2,-1,2907,5857,19692,7458,17905,7857,1134,2094,1760,3159,3320,0,1
20086,56,4,1,0,-1,-1,0,-1,0,16955,8971,5468,9683,7820,7385,6887,2379,0,2177,1609,3437,0
26579,69,2,2,-1,0,-1,-1,-1,0,10773,13192,16191,6624,13953,13771,646,0,1104,3114,2064,6941,0
64295,73,2,1,3,0,0,0,0,-1,18538,28074,37397,6133,12159,36035,6875,5993,0,469,1428,20170,0
132951,74,1,1,-1,0,0,0,-1,-1,41835,76477,59026,30698,81442,17168,17349,19276,29016,2075,40832,6566,0
94838,61,3,1,-1,-1,0,-1,6,0,4522,35074,40706,12572,18938,35797,1021,22471,16230,4207,4183,15194,0
42867,53,2,1,0,3,-1,-1,0,0,15271,7761,28067,13064,27640,22284,1947,3463,16357,4892,3370,866,0
40856,27,2,1,-1,-1,-1,-1,0,-1,22095,16237,13190,13912,27295,5413,9305,2585,2477,0,9646,750,0
54435,41,2,2,0,-1,-1,-1,-1,-1,28455,24193,8901,4656,36636,34581,3734,4358,5897,2272,16069,0,0
56033,46,2,2,-1,0,0,6,1,0,11654,6982,4689,23946,2482,45983,0,3000,1154,14473,1489,0,0
18502,63,3,1,-1,-1,-1,-1,0,-1,3710,6029,11622,11930,6706,4472,0,2056,3471,1100,372,678,1
157933,52,2,2,0,0,0,-1,4,0,100070,55077,70190,92662,65255,19005,12329,0,14467,8763,31785,3619,0
49900,44,2,2,-1,0,-1,-1,0,0,39975,4110,21512,16235,23085,29352,8267,1316,0,2596,4698,6634,0
75191,28,2,1,0,0,-1,-1,-1,6,62109,46720,32451,34108,32742,22437,13427,0,2994,0,4960,2336,1
48189,59,3,1,-1,0,0,0,0,0,23580,20062,29656,15235,14117,6486,2349,5107,12450,3594,7553,1751,0
67720,44,2,1,0,-1,5,0,-1,-1,24960,9806,3233,43226,16602,20418,6160,795,0,0,5564,5723,0
21954,22,2,2,-1,1,-1,0,0,0,6008,12537,10679,3192,2588,10089,0,5075,1767,1545,1218,1062,0
48770,36,2,2,1,0,-1,0,-1,0,37853,14962,0,13313,10325,35651,18933,4925,0,941,1989,1647,1
303942,68,2,2,0,0,-1,0,1,-1,16276,184036,73141,74892,81403,197741,4882,31828,0,10354,26896,15289,0
174509,27,2,1,-1,-1,0,-1,0,0,109284,116937,71047,63464,57894,9043,4571,29569,5725,9995,0,0,0
55581,42,2,2,5,-1,0,0,-1,-1,18392,2852,12154,23773,36787,16820,500,814,1381,0,14767,4340,1
25586,48,3,2,0,0,-1,0,0,0,15250,12477,4308,5363,0,16460,3828,4236,2459,1706,0,5482,0
10000,25,3,1,0,-1,-1,0,-1,2,2049,4158,4385,2035,1631,7608,92,501,206,397,125,204,0
32929,29,2,1,-1,-1,0,0,0,0,13842,4389,11526,13371,9749,10811,7867,0,0,2664,6618,570,0
64455,71,1,1,0,-1,-1,0,0,-1,48853,17375,6453,17692,39822,11357,15164,236,0,3078,6666,627,0
38030,52,2,2,-1,-1,0,-1,-1,0,10488,18980,19686,12569,23853,18332,2974,2944,12124,2611,16408,4269,0
40209,32,2,2,-1,-1,-1,0,0,5,10258,17735,17422,11504,28868,16339,2351,619,4228,2026,8549,6902,0
80655,30,2,1,5,0,-1,0,0,0,19353,38389,5722,38565,25624,16602,1073,7062,2763,0,5769,9242,1
15414,43,3,2,-1,3,0,0,0,0,4720,6963,820,7185,6465,3591,568,1773,332,0,1864,526,0
85356,60,1,2,-1,0,0,-1,-1,0,27710,40673,8845,51197,21266,53449,14561,3115,3155,11089,0,3659,0
62834,60,1,2,0,6,-1,0,-1,0,7715,53865,14381,4566,11477,15565,1696,31873,6283,0,1029,3900,0
16940,31,3,2,0,-1,-1,-1,1,2,4439,7264,16607,7798,4259,2076,792,2755,0,323,1938,163,1
130954,60,3,2,-1,0,0,-1,-1,1,50842,63450,55610,9775,99989,117163,7867,36375,37472,0,3696,0,0
89165,69,2,1,-1,-1,0,-1,1,0,14396,33011,35185,62241,31641,48722,7344,22301,19646,30818,21977,9295,0
36583,33,1,1,0,1,0,0,0,0,25806,7572,25054,8005,6231,9562,7059,1106,9821,0,4984,1799,0
74146,22,2,2,0,0,0,0,-1,-1,29332,23035,14243,27620,37928,6108,11061,5546,6103,6732,10220,2027,0
16129,72,2,2,-1,-1,2,-1,0,0,7241,6016,0,10411,7548,4325,1631,36,0,1243,4296,1296,0
28831,49,2,1,0,-1,0,-1,-1,-1,12390,17277,8429,12135,7887,4121,3047,0,672,4361,1897,2083,0
198496,62,1,2,0,0,-1,-1,-1,0,166054,77482,13461,168060,55776,130430,25993,0,702,0,0,0,0
90915,38,1,1,-1,0,0,0,0,0,49601,57453,20204,27138,51584,24799,11645,25095,5944,3028,19207,6248,0
60898,37,2,1,0,-1,-1,0,-1,-1,35136,16833,19532,39818,29710,16091,13909,0,1996,0,13418,3785,0
107966,33,2,2,0,-1,0,-1,-1,0,16044,40119,69655,46880,66432,15149,2922,11213,16978,18126,0,3448,0
79939,32,2,1,0,0,-1,0,0,0,35230,52379,16091,64998,44554,28352,19044,23839,878,21121,24535,10157,0
39622,46,2,1,-1,0,-1,-1,0,-1,12869,16468,9291,24588,11675,26187,908,4644,4671,11808,1510,3852,0
145160,26,1,1,-1,0,-1,0,-1,0,27079,100740,68340,105243,55407,101208,0,25078,35954,38845,17104,0,0
12693,66,2,2,0,1,-1,-1,-1,0,1412,124,2577,1873,6034,5357,166,60,141,220,0,0,0
20117,48,3,1,-1,1,3,3,6,5,11691,5750,8008,4648,16238,4399,2632,2708,1496,0,1877,724,1
45362,70,2,1,-1,1,-1,0,0,0,4884,18475,14263,14026,7051,30579,2870,648,3424,5145,1058,20284,0
75976,48,2,1,-1,-1,-1,-1,-1,0,8529,37646,6714,41238,24780,41302,5308,18139,0,0,12156,6312,0
37797,37,2,1,3,0,0,0,-1,-1,12431,16368,3917,23704,21837,12680,214,5189,87,4060,0,4762,1
10000,48,3,1,-1,-1,6,5,-1,-1,5752,7644,1222,2535,0,3856,628,241,322,807,0,963,1
10513,29,2,1,-1,-1,0,-1,0,0,2448,2322,680,6172,4096,9753,1152,425,109,2564,142,4451,0
46421,65,2,1,0,2,-1,0,-1,0,16227,2159,13823,27069,31792,5031,4505,217,2455,6708,0,1694,0
23414,59,3,2,-1,0,2,6,0,6,12842,10186,6458,12933,19439,17976,2625,4793,2030,2280,4342,6246,0
33139,28,1,1,-1,-1,0,-1,-1,-1,6291,7981,5898,19449,28484,15156,1129,571,2363,1354,1182,7935,0
20706,52,2,1,0,-1,-1,-1,-1,-1,4131,3715,20706,18596,6093,1903,627,2218,0,10515,2218,325,0
54558,50,2,2,2,4,5,0,2,-1,24392,23261,37579,20327,28918,25170,6730,2009,7957,0,15231,1956,1
97259,31,4,1,-1,3,6,4,5,0,29087,35949,62191,11644,59717,30768,8154,17118,22962,0,2799,14079,0
54561,27,2,1,-1,-1,0,0,-1,-1,30041,26052,15788,21360,9447,28524,5731,0,0,4643,769,1275,0
196605,62,1,3,0,0,0,0,-1,-1,33361,125301,134369,140746,70999,77081,6859,17479,5957,56734,18353,29367,0
25441,35,3,2,0,2,-1,-1,5,-1,6250,16656,4377,2658,10593,15944,2426,5190,2143,659,1382,9307,1
69895,49,2,2,6,5,3,6,2,-1,10998,32983,42453,6225,44020,48233,3770,7060,6620,912,17829,23961,1
144586,34,2,2,-1,-1,0,0,0,-1,75285,21698,28140,63149,86299,100233,12268,4142,8587,0,5393,27531,0
60486,56,1,2,0,6,0,0,-1,0,16897,26071,38280,15856,42606,16656,1502,6984,16243,4295,4268,2707,0
70070,23,1,1,-1,0,-1,0,0,-1,41172,53661,20551,26439,28994,43466,9933,0,8543,3229,2770,24983,0
36330,40,2,1,0,-1,0,-1,-1,0,11373,8486,11278,14932,17515,22827,1847,913,4113,990,9510,1634,0
78747,50,2,2,-1,-1,-1,0,-1,0,26598,41119,24740,22998,6728,9427,5036,22889,4774,1766,0,3839,0
70625,44,3,1,2,2,0,0,0,0,30630,33920,43936,32232,38394,32527,5114,7141,10247,0,18610,14335,1
90898,54,1,2,0,-1,0,0,2,4,16602,10678,19841,51885,14634,7243,2273,1326,0,10452,9797,3180,0
40800,30,2,1,0,0,0,0,-1,2,7193,6717,27864,9306,4382,15236,417,1174,9050,1339,2761,680,0
20675,44,1,1,0,0,0,0,0,-1,14041,13762,4265,2778,6148,2596,2315,1954,1452,917,0,492,0
47157,61,2,2,-1,-1,0,0,-1,0,20147,21778,23093,7304,22701,16787,402,2384,2915,2963,7372,6021,0
58859,39,1,2,0,-1,3,-1,-1,6,14229,31830,21893,12385,15733,17943,6811,2294,3204,6424,6913,3977,0
59207,29,2,2,0,0,-1,-1,-1,-1,33033,15864,36935,9177,17030,47766,13391,1174,14212,900,0,3783,0
75350,66,1,1,4,-1,0,0,0,1,27358,47907,51227,12093,37802,34030,4291,6987,22817,2538,0,3477,0
172461,63,2,1,0,-1,0,0,-1,-1,29236,35249,61624,125663,24795,16231,6694,9826,11103,0,10048,3562,0
39314,57,1,2,-1,-1,-1,4,-1,0,30833,25131,22233,7430,13215,7756,1978,2084,2876,1237,3749,1729,0
13902,64,2,1,0,2,0,0,0,4,4198,5044,3391,792,8872,216,0,744,2822,268,2775,118,0
27513,63,1,2,-1,0,-1,0,0,-1,1832,22117,144,24591,2491,13966,278,3800,92,385,1487,3057,0
29528,61,2,2,-1,0,0,0,-1,-1,19221,4727,12483,19250,9293,7938,1438,1240,0,11965,4828,2654,0
116495,48,2,1,-1,-1,0,-1,0,0,34739,46900,39150,84489,64237,19163,19823,0,9838,22270,0,8258,0
24310,22,1,1,-1,0,-1,-1,0,-1,0,5291,4640,5656,875,16081,0,1768,801,3196,152,13525,0
27049,53,1,2,-1,0,-1,4,0,-1,12300,7190,21003,4499,0,6654,3361,1662,238,349,0,1403,0
95568,35,1,1,1,-1,-1,0,-1,0,75519,70008,28787,41702,15743,49903,18379,13544,4154,0,6300,6267,0
96707,62,2,1,0,0,0,-1,-1,-1,62557,46958,28531,26706,86782,36609,4646,18923,952,790,70032,17809,0
10000,46,3,2,-1,2,4,-1,0,0,1528,10000,0,10000,4374,2278,368,0,0,2181,3081,401,0
16627,69,1,1,0,-1,-1,-1,-1,-1,8614,608,8385,13360,1687,6327,3588,343,1796,1822,272,0,0
26128,53,2,2,-1,-1,4,-1,-1,2,19379,15936,6275,8170,1273,11347,8752,212,230,2979,732,6935,0
82941,50,2,1,-1,-1,0,-1,0,0,16005,24953,33189,66240,33353,51290,8824,7766,12162,11618,9389,0,0
54972,70,2,1,-1,0,0,6,-1,-1,28133,16260,15865,41250,22458,6451,17651,7514,7637,13483,5788,2359,0
26903,46,2,2,0,0,-1,0,-1,1,8664,9519,12343,21371,18376,22610,1822,3230,0,9802,7019,0,0
61998,41,3,1,0,0,6,1,3,2,16628,30086,32847,18398,20656,18731,422,10596,8542,1779,6735,0,0
54146,41,2,2,0,-1,-1,-1,-1,0,22943,33150,30199,7381,11424,15607,2361,1197,3990,1648,905,1874,0
31484,68,3,1,0,0,-1,0,6,5,6966,13265,4733,21885,2372,25702,4127,1735,477,0,0,3997,0
18863,61,1,2,0,-1,0,0,0,6,7559,17892,9922,8053,9128,13315,1814,942,1417,1109,2432,2936,0
26465,29,2,2,-1,0,-1,-1,-1,-1,14384,5546,12851,26465,18338,3390,7167,448,4159,7077,0,1914,0
164204,47,4,2,0,0,-1,-1,0,0,55542,58228,63059,62254,70598,46549,10457,9222,3562,20654,14365,6296,0
26220,41,3,2,0,6,-1,-1,5,4,12147,15610,25490,3756,7657,21017,1329,1903,13814,360,3913,5836,0
31921,55,1,1,0,-1,2,0,-1,-1,18851,9937,2929,7640,13617,3039,7333,0,573,2994,3055,89,0
25273,23,3,1,0,-1,5,4,-1,3,17970,19636,12360,3989,13347,16270,10154,0,4262,1045,0,0,0
75488,59,1,2,0,0,0,-1,0,-1,64044,21939,6955,45338,8550,49258,21173,13385,1816,180,0,4473,0
99376,61,2,2,-1,-1,0,-1,0,0,11152,43623,27041,9448,53223,58582,4105,7436,8830,581,19801,14213,0
112796,33,1,2,0,0,-1,0,-1,-1,22953,85193,60191,23187,49248,68959,0,25498,2090,629,13043,14662,0
28530,29,2,1,-1,-1,0,0,2,-1,17551,3441,19882,8027,15810,5296,4616,0,0,1054,5590,419,0
135572,54,2,1,-1,0,0,5,-1,-1,114080,64226,64025,51263,69066,63325,29096,37371,41137,13668,13704,35160,0
131692,34,1,1,0,5,5,0,-1,1,52003,56855,72312,26517,39469,47010,6892,13847,13434,17768,21907,7498,1
48067,71,1,1,-1,5,0,-1,-1,-1,18208,21084,11341,26033,12638,14910,3479,754,2407,0,768,5564,1
61939,62,1,1,0,3,0,-1,0,-1,32728,15850,16861,42787,56441,40889,5872,4912,7007,2036,0,5264,0
79263,72,2,1,-1,0,-1,0,-1,-1,14237,27644,23368,8583,37483,57347,1578,17840,1740,5206,22273,25123,0
81071,49,3,1,0,5,0,0,-1,-1,39678,2016,27637,16895,26547,46791,9019,307,4084,2763,1142,13691,0
14545,71,2,2,-1,-1,-1,-1,0,-1,8598,9669,8224,0,3961,10223,940,2328,1820,0,1257,1315,0
51862,21,2,2,4,-1,-1,-1,0,-1,18503,40639,11190,35997,30707,13858,8440,20479,0,0,19288,3253,1
47815,36,2,1,-1,0,0,-1,0,-1,14770,7295,39583,5455,11417,32231,2890,2014,6502,438,2292,11217,0
31054,21,2,2,0,0,5,-1,-1,-1,22726,9778,8020,9323,17191,14389,3762,759,1642,815,4867,2496,0
30926,57,2,2,-1,0,0,5,1,3,12271,1208,13304,9612,16838,28103,4479,40,1188,3006,2546,0,1
113948,48,2,1,-1,1,0,-1,-1,-1,26665,3826,42385,67269,57513,63860,12600,538,0,20136,2261,19397,0
105262,36,1,2,-1,-1,0,0,0,-1,7442,21250,43499,15910,7163,75941,0,6418,4883,1941,1928,0,0
264423,37,2,2,-1,-1,0,0,0,3,160361,48663,169619,61118,73239,37963,13037,13129,9183,0,19394,4613,1
31075,55,2,2,0,-1,0,0,0,-1,0,9938,17025,13477,7343,18718,0,4069,3488,1801,2142,1391,0
54704,30,2,2,0,0,0,-1,-1,0,21994,24202,29288,0,40929,16924,1113,11556,0,0,27556,6229,0
62803,48,2,1,0,-1,-1,-1,0,-1,15332,24745,19694,6429,27792,19477,930,6673,1873,2424,10273,4345,0
140552,54,1,2,3,6,5,5,0,0,35108,70149,82086,54808,41238,63785,0,15439,0,14335,5389,47422,1
145325,33,2,1,0,0,-1,0,-1,0,107687,116512,50122,36828,71709,68199,37761,30854,22039,3306,14917,30445,0
73966,33,1,1,4,0,6,4,-1,0,26170,8532,30330,33972,40889,20096,0,1380,8965,4884,9482,3760,1
14292,40,3,1,-1,4,0,3,4,0,11115,4032,2112,2971,3716,2414,1967,277,688,1151,1470,0,0
38861,52,1,1,0,0,-1,3,5,-1,24185,18999,20462,8725,8587,8549,9103,6080,5005,4958,1900,606,0
54950,34,2,1,-1,0,-1,-1,-1,0,31674,0,36279,10253,46116,6497,7990,0,0,574,23124,1225,0
120356,41,2,2,2,2,-1,-1,-1,-1,21925,59008,76248,57938,61828,26531,1838,15606,15159,461,0,4886,0
21576,50,1,1,0,0,-1,0,0,0,10831,0,3606,15388,1106,8734,6146,0,0,683,0,444,0
19225,31,2,1,0,0,3,-1,0,0,10718,11044,2205,8062,6165,10025,2242,0,699,4437,688,5820,0
125768,51,1,1,0,-1,0,0,3,-1,24018,37066,5955,27904,48127,41926,4362,11094,1502,11095,32655,9568,0
17415,28,2,1,0,0,0,-1,-1,-1,2783,2861,12594,2011,6327,11443,89,553,2992,95,1382,0,0
13951,28,3,2,0,0,0,4,0,0,2487,8798,4905,5477,2843,10257,1566,3530,1351,4062,358,648,0
170365,33,1,2,0,3,0,-1,0,0,112108,121671,70600,28809,61996,95284,8317,43726,17752,0,0,33809,0
41066,36,2,2,6,-1,0,-1,0,6,19876,17213,21735,18881,6420,6689,0,962,0,447,0,1794,1
27040,22,3,3,0,-1,-1,6,4,5,6052,9673,3509,13339,19311,4719,1246,264,0,7919,0,631,0
146478,72,2,1,0,0,-1,3,5,-1,95248,70268,101002,105078,72242,102367,10849,13943,0,3086,816,49787,0
14660,37,3,1,-1,6,3,4,6,2,4507,677,1270,6257,10895,1740,815,278,210,1351,2990,0,0
17833,64,2,2,-1,1,3,-1,0,-1,3863,12116,6332,8334,16608,9122,1358,2223,325,4558,3640,2275,0
180479,69,2,2,0,0,0,-1,-1,0,43995,84580,71429,45679,52345,115259,9170,13787,18527,3966,12091,48958,0
82712,64,1,3,-1,5,-1,0,-1,0,49691,5788,19634,45823,8007,51311,3943,948,4918,11047,3188,4802,0
118212,65,1,2,0,-1,-1,-1,0,3,34496,64055,35183,27876,50315,10959,5620,15592,14786,12859,29316,3579,0
38220,26,2,2,-1,-1,0,0,-1,-1,5277,17421,2844,33235,29326,11083,1950,5286,805,0,8940,1617,0
31509,41,3,1,-1,-1,0,4,1,0,8262,24239,10490,18812,12191,12830,1769,5892,3059,2762,871,6768,0
39083,61,1,1,-1,-1,-1,-1,-1,-1,13623,15340,12932,5109,10101,22464,171,4550,816,0,2523,1042,0
44259,52,3,2,-1,6,0,3,-1,0,27291,15685,27455,14846,29582,20335,9355,0,2052,0,1038,5748,0
95329,21,2,2,-1,0,-1,-1,-1,-1,78124,57545,22914,20768,29170,25714,4340,4371,0,5259,0,0,0
57341,51,2,2,-1,0,-1,3,2,0,9143,22207,35810,39727,32112,18049,3754,4852,12253,11314,11561,0,0
80181,64,3,3,1,-1,-1,0,-1,-1,65792,52920,44302,21684,54590,69905,34664,17431,16543,0,26443,9180,0
58293,65,3,1,3,0,0,-1,-1,0,19924,23355,21137,3860,17238,32371,7568,12037,7028,757,5229,6211,0
21189,41,2,1,-1,-1,2,2,0,-1,8109,13531,13288,9380,14852,18740,2788,0,9423,4170,5447,6535,0
61125,33,1,2,-1,2,3,1,0,-1,28492,24374,26717,38955,16865,26757,12550,3822,7189,5326,0,1538,0
47942,37,1,2,-1,6,-1,-1,-1,-1,8381,15322,18726,24990,32853,33420,1240,3728,7373,4962,528,8418,0
125394,37,1,2,0,0,-1,0,0,0,92497,91570,21343,11001,61402,51664,17973,22260,0,3147,37763,28196,0
70917,39,2,2,0,-1,2,-1,-1,0,27561,11631,32158,29624,27648,15824,0,872,3848,11378,6763,8509,0
75991,37,1,3,-1,2,-1,3,0,-1,11908,53602,29985,13229,32911,41689,4093,0,7743,4554,2600,8942,0
110290,45,2,1,-1,-1,-1,0,-1,0,50966,32263,41274,20114,39601,29045,11113,3299,0,4746,6033,4007,0
15427,23,1,1,-1,-1,-1,-1,-1,0,12179,12246,3328,2475,4711,2467,4262,4967,0,0,1369,1383,0
30257,35,2,1,0,-1,0,1,-1,-1,16391,12244,2746,13370,18398,1323,3080,4250,0,2884,5547,0,0
32382,37,2,1,-1,-1,0,0,-1,-1,6927,8055,27546,26484,17398,8200,2189,1894,9349,19660,11014,3865,0
59957,29,2,2,0,0,0,0,-1,-1,7252,46419,27986,36553,47886,9074,3420,15088,5927,0,15399,1916,0
76286,68,2,2,-1,-1,-1,-1,0,0,21037,47691,42661,35358,36959,44162,1375,15766,0,0,6989,17781,0
34278,57,4,2,1,0,-1,6,0,-1,9311,17310,8689,8017,3187,10050,798,5787,6189,0,568,34,1
11984,70,3,1,-1,3,-1,-1,-1,5,1320,11226,1190,4059,6726,9610,132,4138,354,1941,1345,1320,1
67874,51,2,2,1,5,6,0,4,0,34903,29446,11824,38853,16623,19441,2475,2223,3855,1070,1790,5587,0
76032,26,1,1,-1,6,4,3,0,0,16822,10100,36146,45030,40823,14700,4114,1018,0,0,6300,2168,0
10597,69,3,2,0,6,3,-1,0,0,1979,3648,2098,4224,5372,4676,0,1346,510,582,941,672,0
27092,45,3,1,0,-1,-1,-1,-1,2,2853,8368,18702,7530,18938,5399,670,2028,0,1290,10545,1071,0
46283,57,3,2,0,0,-1,0,-1,5,24760,23761,18583,8701,16713,23002,0,2039,0,1617,3572,8326,0
183977,41,2,1,-1,1,0,-1,0,2,102151,97584,17365,40713,127915,50674,1351,0,9551,878,20257,31865,0
28716,47,1,2,0,-1,0,-1,-1,0,18905,11071,13074,10917,8056,19765,1817,1696,1428,2533,2958,13985,0
92235,47,2,2,-1,-1,-1,1,1,4,4754,49182,15846,29591,72004,7452,0,30045,2518,8446,11856,0,0
20719,36,2,2,0,0,0,-1,-1,-1,4082,11199,2209,3441,1370,5267,391,0,48,86,340,3245,0
24834,50,1,2,0,-1,0,-1,0,-1,18221,18604,13259,1921,13438,4353,1999,11129,3473,818,0,835,1
18596,60,2,1,-1,-1,0,4,0,0,4276,9175,5547,5757,9087,6416,253,1071,1049,0,1918,3457,0
79539,22,2,1,0,-1,0,-1,0,-1,21776,51768,10932,43073,58556,18223,2869,11121,2026,5269,16308,6219,0
76144,28,1,1,0,1,-1,-1,0,0,17343,41216,11094,73607,29656,27508,935,2374,2399,10255,10312,1812,0
38110,66,2,1,0,0,-1,0,4,4,31638,18588,26606,1531,4295,27781,10402,2225,16040,34,1602,1757,0
70704,51,2,1,-1,0,0,0,-1,-1,46080,7974,9855,22489,40304,56864,12164,2762,0,2463,0,9857,0
50648,73,2,2,0,0,-1,-1,0,-1,18609,28439,14529,15528,4903,31204,1482,8912,7053,1595,936,705,0
74973,53,1,2,-1,-1,0,-1,-1,0,30886,12736,8923,44044,8151,29355,6968,1881,0,20540,3056,12791,0
26916,56,3,1,-1,0,0,-1,-1,-1,12191,9192,9319,17629,5637,15232,4423,1262,1265,1108,0,3080,0
21546,69,2,2,0,-1,-1,-1,-1,-1,13682,7468,12665,7523,2450,9584,2336,1563,2867,310,728,1984,0
189670,56,2,2,-1,-1,-1,0,3,2,42922,104091,110952,90423,27162,30692,11353,23326,63983,46640,2110,6951,0
150293,38,2,1,-1,-1,-1,0,2,0,51289,64545,9884,120694,89290,62272,25883,29979,0,69183,7323,14775,0
174927,49,2,2,0,-1,0,0,0,-1,21407,92358,70509,107891,64381,106767,0,0,0,51582,42008,9549,0
31842,33,2,3,-1,0,-1,0,0,-1,18863,13469,27905,6316,6153,10762,5032,3551,10297,2369,565,3106,0
39772,39,1,2,0,0,-1,-1,0,0,25701,30390,3129,17135,20385,22967,9119,4265,264,1464,0,10149,0
24631,57,3,2,2,-1,-1,0,5,2,9622,16889,8078,7648,13850,4252,6653,9281,0,5127,5077,1379,0
162065,29,1,1,-1,0,0,-1,0,6,116943,41042,52474,82397,63450,24735,98104,2138,25941,35769,12282,2372,0
34309,57,4,1,0,0,-1,0,-1,6,11163,21236,12062,18006,15343,22841,1137,6876,4540,5393,3759,0,0
31743,52,2,3,0,-1,-1,0,0,0,19315,5676,22883,19743,11767,9573,0,1255,0,0,6175,306,0
91817,37,1,1,-1,-1,3,-1,-1,0,59965,37939,57281,35089,20852,52109,7927,14674,3868,12636,0,0,1
27196,23,2,1,-1,-1,5,0,0,-1,10714,8543,7080,8132,6615,12139,5501,3953,0,2437,2967,1501,0
23205,59,1,1,-1,0,0,0,0,0,2169,6990,3365,2798,5849,11040,0,521,123,0,2488,0,0
38052,65,3,2,0,1,-1,6,4,0,17596,13613,21338,12746,15679,22479,5104,548,0,4594,8270,0,0
32439,60,2,1,-1,0,-1,-1,0,-1,20802,20676,18152,14288,5974,12835,4868,588,4852,1121,2979,2704,0
48486,43,2,2,-1,0,0,6,1,0,4254,35097,13239,26544,26026,15123,1205,3724,1068,3191,12344,6346,0
10000,56,2,2,0,-1,-1,0,-1,-1,5116,4859,5388,1482,3422,5020,1216,1781,1159,178,1215,282,0
16808,43,4,1,0,0,0,-1,1,2,6544,11103,15019,5797,3991,0,2470,0,4054,3057,1372,0,0
47285,40,2,1,0,0,0,0,0,0,22095,22651,30400,31642,3902,14539,13882,14615,2360,0,167,1771,0
14572,38,2,2,-1,0,0,0,-1,-1,7594,11643,8487,1244,5489,5952,2927,7943,2250,322,1230,1201,0
14974,32,2,2,0,0,-1,-1,0,-1,6550,9001,4529,7155,4206,0,1428,1092,373,3149,2070,0,0
70791,73,1,2,0,-1,-1,0,-1,-1,32104,26452,10121,28998,38531,34378,10521,9004,0,2819,0,6909,0
85928,56,2,2,0,5,0,-1,0,6,66495,28601,40908,64562,40268,77019,12304,17965,16164,23209,8987,15810,0
24019,30,2,1,4,0,0,0,-1,-1,2171,4312,20035,12857,194,3170,0,737,0,4679,98,1935,1
27823,67,3,2,6,0,0,0,3,1,13604,17519,14523,74,11639,8670,4016,0,8132,0,3404,1968,1
40488,29,2,2,-1,-1,-1,0,-1,-1,21122,18939,14443,9298,33302,0,9337,3987,1414,2033,0,0,0
14046,53,2,2,-1,1,-1,-1,0,-1,5124,5996,5222,32,2795,9636,2012,1170,0,14,887,4779,0
126387,29,2,2,-1,-1,-1,-1,0,-1,19539,52425,42983,35868,49259,94146,7120,7693,2515,1811,10602,31999,0
42346,40,2,1,-1,0,-1,0,0,-1,26947,0,32124,28548,30972,4843,987,0,7686,13100,14840,320,0
42710,56,2,2,-1,0,-1,0,-1,0,15632,5849,20728,7916,4732,16519,12067,21,5334,198,598,4757,0
46245,74,3,2,5,0,0,-1,-1,0,25759,5511,4554,25621,20750,25880,8643,1962,429,15298,0,12663,1
19702,74,1,1,1,-1,-1,0,-1,0,15310,4252,3109,5099,3072,7898,2581,1402,664,1768,0,2809,1
102328,69,2,2,0,-1,-1,5,-1,0,41613,58458,20419,18601,39695,52967,7603,37336,0,2445,16499,0,0
79523,33,3,1,0,0,-1,3,-1,-1,38567,34244,17852,32097,27273,50920,13899,2328,3856,5301,2250,10301,0
54853,26,2,2,-1,-1,0,-1,-1,-1,24354,13251,21528,21899,23391,6964,7983,0,0,0,16792,2031,0
99333,69,1,2,-1,0,-1,0,-1,0,56580,54097,23302,30726,58550,61815,18038,4117,0,0,11460,32572,0
37764,70,2,1,-1,-1,0,0,0,-1,5763,16562,23448,22799,4442,21705,4,1685,10376,3769,1036,10909,0
136913,36,1,1,0,-1,-1,-1,-1,0,37860,74145,42199,109973,14402,30070,1203,11011,0,0,1165,7550,0
35529,22,1,2,0,-1,-1,0,1,2,10366,20801,18237,32077,10680,19175,5656,4731,252,10826,6320,0,0
47766,55,2,1,-1,0,0,0,-1,0,28288,13893,10769,10076,23238,10325,0,5908,4976,1117,8686,1396,0
50101,25,2,1,-1,0,0,-1,0,-1,21809,20642,38724,41438,22900,33093,2850,7132,5238,2776,0,6961,0
66537,23,1,2,-1,0,3,0,0,-1,20718,16504,29236,31723,20369,40081,9960,609,5442,8290,0,2691,0
80710,71,3,1,-1,1,-1,0,3,6,17591,18471,39311,32906,40661,12938,0,1619,13884,20237,10271,0,0
282254,47,2,2,-1,0,-1,-1,0,0,82963,101348,234574,163413,145590,149255,0,43507,47046,28286,27916,0,0
31428,27,3,1,0,0,-1,0,0,1,8248,12733,11855,9383,8237,28289,1848,3800,1616,237,1899,10592,0
71416,56,2,1,-1,-1,-1,0,-1,0,7790,7254,30126,4368,7389,11708,4890,4660,4926,1577,933,0,0
18058,40,3,1,0,-1,-1,0,0,0,11788,4562,8029,10688,10503,11562,1188,2681,2773,4228,1997,2898,0
78343,49,3,2,4,0,-1,3,1,6,49700,17354,22121,27612,32616,18168,0,11139,12701,2847,8013,0,1
22682,69,3,2,5,2,0,0,0,0,14912,14123,8195,7982,7861,9095,2332,5243,0,0,868,0,1
606889,33,2,1,0,-1,-1,-1,-1,-1,363080,133922,201905,184089,40917,398752,58550,27376,43683,0,15454,208928,0
18031,55,1,1,-1,0,-1,-1,-1,5,6458,12320,10667,13902,1494,0,1541,450,3432,7782,668,0,1
273199,65,2,2,0,0,2,6,-1,0,50400,104794,119885,121091,156648,87032,0,41367,18436,29295,0,6748,1
108334,43,2,2,-1,0,0,0,-1,-1,49988,32884,20123,18581,32475,47446,9474,6016,7485,7874,2680,10416,0
27964,73,1,1,1,0,-1,-1,-1,-1,2552,17622,9282,5316,7489,17656,921,4573,2420,4039,2721,3291,0
219450,45,3,1,5,-1,0,-1,-1,-1,73082,68736,135505,74697,140691,19846,10813,22014,41104,0,7449,1064,0
32654,45,1,2,5,1,-1,0,0,-1,11931,24400,16096,13493,23095,7271,3334,9279,3615,4409,8260,0,1
26685,68,3,2,-1,-1,-1,-1,-1,0,25038,11124,20477,3688,17383,6494,3187,1772,0,1992,5210,356,0
17373,55,2,2,-1,0,2,1,-1,0,2366,6055,461,12342,10274,9565,690,0,89,2635,0,2229,0
30520,67,3,2,-1,5,0,0,0,-1,4560,6337,18676,7670,18969,13229,268,150,854,1800,2552,3837,1
32898,63,3,2,-1,0,0,0,1,-1,7247,27323,21583,12216,2026,9589,4441,3024,1895,1489,745,2425,0
95227,59,2,2,0,-1,0,0,0,3,62513,68094,17220,55977,52532,50257,6509,12204,7068,12497,14992,5537,0
344776,34,2,2,-1,-1,-1,3,1,3,105075,108645,89823,144995,73810,135520,14950,0,0,57637,21665,38098,0
45528,42,1,2,0,0,0,0,-1,-1,21841,20128,17556,31971,16756,32149,13113,2748,1881,6887,0,15117,0
10000,67,2,1,0,2,0,-1,-1,-1,416,4102,6891,4742,1708,4862,0,3322,177,876,174,894,0
82355,54,2,2,0,0,-1,0,0,-1,26259,15554,16359,63997,43238,5705,9875,6808,9153,18599,21666,1805,0
44188,36,1,1,0,-1,0,-1,-1,0,36468,30150,21161,34153,5843,31321,11450,11755,2520,7599,1953,5625,0
293970,38,1,2,0,-1,-1,-1,0,-1,68589,50355,95938,37045,104970,116138,8283,4158,0,2336,29271,24734,0
47683,62,2,2,-1,-1,-1,0,0,0,23909,22184,15205,33784,28802,36515,928,0,6419,0,5008,2644,0
37391,30,1,2,-1,-1,0,0,0,0,19733,8178,21526,13412,19930,7988,1495,2631,3088,6815,1081,4535,0
21799,27,2,1,0,0,0,0,-1,0,5985,6024,8103,4740,11591,19168,2436,1108,2581,1319,3095,8988,0
112959,62,1,2,-1,0,-1,0,-1,-1,14059,69804,17149,71501,24136,31996,3197,37854,2882,19047,13286,0,0
27532,36,3,1,-1,-1,-1,0,5,0,5061,15424,14379,24264,6816,22841,1888,5450,6081,2200,1798,3376,1
111022,62,3,1,5,4,5,0,0,-1,68105,54472,51182,31510,53693,32153,24289,18622,34781,0,10318,4831,0
28994,49,3,2,-1,3,-1,0,0,0,15326,5808,13405,23248,17111,7614,4961,840,3703,8865,3937,1524,0
152009,74,2,1,-1,-1,4,0,-1,-1,12346,32551,15300,68756,96863,10072,6100,8943,6558,3205,1033,1986,0
22751,49,1,2,-1,0,0,0,-1,-1,6158,1207,14956,8951,17078,1609,411,488,7513,0,4997,0,0
12198,67,2,2,-1,-1,-1,0,0,-1,5778,594,6641,3172,4048,8050,1250,32,541,93,306,1350,0
95163,66,2,2,-1,-1,-1,1,-1,-1,61380,50642,42208,52707,60220,26594,22305,24201,2639,9826,21045,0,0
23665,32,3,2,0,0,4,5,3,-1,10968,5747,6609,14603,7325,8672,3900,1992,0,6780,2179,2027,0
39702,74,2,1,-1,-1,0,1,4,0,20394,6074,17950,15103,10638,22209,3346,2088,825,1412,5781,3783,0
30537,61,1,2,0,-1,0,-1,5,0,17009,15958,8983,15878,2278,11277,1816,2305,0,0,383,4406,0
14399,26,4,1,-1,-1,-1,0,0,-1,1509,7028,10595,0,2983,1472,424,706,5233,0,30,0,0
57060,21,3,2,6,-1,-1,5,1,0,14347,9792,23476,25692,41066,27279,2621,2419,4816,2977,3460,2587,1
67602,35,1,2,-1,2,-1,0,-1,-1,35216,32157,29570,37292,26515,29648,7325,4495,9901,17378,11459,6859,0
20990,21,2,2,-1,0,-1,-1,-1,-1,14171,5644,13635,1314,12052,3034,4849,0,6233,297,3863,945,0
129172,40,1,2,0,-1,-1,0,-1,0,3435,71736,81153,37648,44746,29187,0,16497,2961,4058,17536,7673,0
125483,74,2,2,-1,0,-1,3,-1,-1,13509,14616,19610,26390,55301,41572,1436,3342,5229,17457,3063,18834,0
44933,46,2,2,1,0,0,0,-1,0,23207,6769,26324,28815,16949,25187,2037,712,0,1573,918,3255,1
109377,22,2,2,0,0,-1,-1,0,4,10474,51887,63402,18571,61184,62379,2932,2236,25062,7720,8862,33217,0
30792,47,1,1,-1,0,0,-1,0,0,21237,16204,9806,18703,5623,19192,5535,4801,2783,5519,1713,8164,0
108905,32,1,1,-1,0,-1,5,2,-1,72635,20233,90700,54349,36731,36117,18710,6894,0,0,16625,1189,0
55792,67,2,2,-1,0,-1,-1,0,0,18953,4400,9623,29153,36670,24394,1505,612,2618,5179,0,4272,0
36432,25,1,1,-1,-1,0,-1,0,-1,30316,34411,9400,20545,17710,4098,7632,18751,0,0,4725,68,0
253329,62,2,1,-1,0,-1,-1,-1,0,189251,58885,25390,109309,112935,91450,57127,14631,10840,28835,21302,33105,0
59054,45,2,2,-1,0,-1,-1,-1,-1,26808,18053,43561,13526,13448,10359,3167,1899,9072,378,1515,1153,0
30556,22,2,2,-1,0,0,0,0,-1,25032,17620,2541,17622,7543,9032,0,4216,103,6961,1266,2126,0
49796,57,2,1,-1,-1,5,2,6,4,21749,18334,4143,36214,15378,27925,10201,3469,707,0,5286,0,0
34225,45,1,1,-1,-1,0,-1,0,0,13291,5831,24044,21666,19843,21611,2315,1064,0,3426,13393,1868,1
27199,62,1,1,0,1,0,0,0,0,7612,10842,19151,16427,24165,20748,1700,2743,1934,3575,2955,0,0
23951,54,3,1,-1,-1,-1,-1,0,-1,10055,9597,19351,20612,7775,9244,4946,5163,8396,5775,3566,941,0
25284,63,3,1,6,6,0,1,3,4,20440,6981,10285,3861,21624,12401,0,905,1989,493,0,5282,1
18033,45,3,2,0,0,6,1,0,-1,8500,1792,8077,9289,8559,10952,1517,463,4723,4066,1062,1094,0
93359,21,3,1,6,-1,-1,2,5,0,26843,31323,46894,5548,48590,33794,6789,3994,28274,1756,15296,4869,1
26565,28,2,2,-1,0,-1,-1,0,-1,9311,6124,15738,4610,8909,19208,1770,0,4678,2140,1524,0,1
16277,45,3,2,0,6,6,0,0,5,5222,4517,7000,15573,6101,4336,0,1729,1064,487,0,0,0
18985,42,2,1,0,-1,0,-1,0,0,706,15275,5041,10343,8645,6843,91,2607,1793,0,630,1459,0
17578,63,2,2,0,0,4,5,4,0,6160,5686,8275,4542,5249,7625,473,1049,3167,435,0,3202,1
78064,43,3,1,6,3,-1,4,3,1,7975,64131,36308,27785,19129,44032,1299,0,6535,3654,6688,0,1
60266,67,2,2,0,-1,-1,0,0,0,40573,17625,20480,31130,17570,5306,14437,0,10142,16477,10516,1897,0
85157,31,2,3,0,0,0,-1,0,-1,58356,46384,11565,25467,34990,26669,6166,14779,3258,2416,15194,7787,0
110716,41,2,2,-1,-1,6,0,0,0,38807,12656,77710,82596,48421,6248,9362,5778,15668,0,0,2287,0
52566,61,1,1,0,4,-1,0,0,-1,1893,28937,0,25339,32506,15340,409,7782,0,4160,18850,1512,0
159180,27,2,1,-1,-1,-1,-1,-1,-1,76841,121272,81414,116591,47845,38506,18859,37947,488,45610,9208,5893,0
20781,38,3,1,-1,5,-1,5,4,2,7142,2302,9795,9436,9757,4281,2944,196,1947,1047,3373,1661,0
20402,61,2,2,2,4,6,-1,0,2,10780,4429,5462,1424,10439,8355,2836,1431,0,397,2669,1326,1
92537,52,1,1,0,0,-1,0,-1,-1,32826,19848,17113,73189,20856,6368,9951,1133,3213,0,3763,666,0
55030,63,2,2,-1,0,2,0,0,1,39255,13976,12018,6292,24382,38524,15768,4306,6568,0,2568,12572,0
54960,48,2,1,0,0,0,-1,0,0,17940,24048,19976,33319,2750,33972,2789,5179,6456,12182,71,3939,0
110443,67,2,1,0,0,-1,0,-1,-1,92461,25972,70202,61138,23496,30389,30557,7373,8937,0,0,6472,0
53368,68,2,1,-1,0,-1,0,-1,5,23192,28354,8121,19998,32651,19774,0,5537,0,8343,2021,142,0
62971,73,2,1,-1,-1,-1,-1,0,-1,13476,32328,37171,34046,16898,36551,7231,10290,13181,8288,5280,11044,0
145463,27,2,2,-1,0,-1,0,0,0,94767,41930,65998,103139,115633,13591,7143,18092,25877,25723,32734,431,0
60678,52,2,1,0,-1,0,-1,-1,-1,35518,6258,33447,17898,11313,16873,7528,1986,4124,9166,1521,2476,0
72795,27,2,1,-1,0,-1,-1,-1,-1,10356,27260,35815,1989,5077,49385,1573,0,17235,276,3025,21174,0
15769,33,2,2,0,0,0,0,-1,0,9252,8430,7352,7364,4111,10116,2514,2049,3947,2726,205,4161,0
960607,37,2,1,0,0,0,-1,2,-1,170830,181406,247537,581498,251848,352680,54104,0,53480,0,35744,58854,0
19221,55,1,2,-1,0,0,0,-1,0,8270,12144,7394,9086,6325,11638,4763,2780,1807,2513,1491,2718,0
31841,44,2,2,6,-1,0,0,-1,-1,20167,3900,15570,22361,23756,15331,6569,0,2844,11626,942,0,1
31080,67,2,2,-1,0,-1,-1,-1,-1,4129,16680,26451,6711,7968,14786,0,1460,11949,331,0,476,1
264715,37,2,1,-1,-1,0,0,-1,0,120600,110629,189833,188223,177218,108808,18973,0,0,57770,0,177,0
21223,54,3,1,5,0,0,5,-1,5,5299,7884,1390,3634,12873,19388,320,108,650,807,100,11352,1
97731,62,1,2,-1,-1,-1,-1,-1,0,19973,51640,44370,42524,37171,69103,9828,15796,9031,15934,14317,12341,0
21875,73,3,2,5,0,-1,0,0,-1,5240,13203,9438,7465,9463,4682,1973,615,6031,1572,1715,1114,1
29863,34,1,1,-1,0,2,5,6,-1,13852,2927,5479,10008,3402,0,1548,560,0,0,541,0,0
77364,60,2,1,0,3,0,-1,-1,-1,3041,51961,19138,15581,24392,16438,965,11866,7462,0,3935,5584,0
19305,25,3,1,0,0,-1,0,0,4,16088,10506,11743,14031,9605,10287,361,3850,0,0,0,0,0
57876,50,2,2,-1,-1,-1,-1,-1,0,25085,24235,30213,26245,20217,8204,12044,6125,11360,14419,3594,1093,0
56651,43,3,1,-1,0,0,3,0,0,5990,44478,35240,17443,38603,10418,1305,0,3012,1863,26754,0,0
225348,72,2,2,0,-1,-1,-1,0,-1,71479,39408,82286,89490,115631,110635,38811,14769,28627,9892,61923,23486,0
25002,62,1,1,-1,0,0,-1,-1,6,15467,15180,15991,19196,10079,3067,8754,9131,3753,1810,863,1039,0
30365,71,4,2,-1,1,2,0,-1,0,9592,6786,2159,19620,19927,16187,0,199,610,5689,2070,10747,0
31387,66,3,1,0,6,0,0,4,0,11917,16498,23423,6097,13691,12523,775,1701,5240,1970,9031,861,1
49057,43,2,1,0,0,-1,0,4,6,22651,11985,19960,36400,8288,24659,0,2435,4649,78,1010,4709,0
535798,60,1,1,-1,0,-1,-1,-1,0,65794,78778,458218,243555,440479,179728,6027,42813,54114,34734,116568,0,0
59742,22,1,1,-1,-1,0,0,0,0,24072,3150,2573,11358,1182,42117,2759,697,301,3856,593,10883,0
10000,51,3,3,-1,0,0,5,4,0,6746,764,1461,2045,7325,5985,1115,264,445,312,2692,2681,0
29277,23,3,2,0,4,-1,-1,0,-1,21702,13761,15354,12143,10482,14464,613,1404,4784,0,1042,1981,0
31214,60,3,1,-1,-1,-1,-1,-1,5,11790,4708,13322,25697,15753,4846,3093,452,5032,7084,4814,2879,0
40423,73,2,3,0,-1,-1,0,0,3,5352,21835,19099,32188,13126,16164,789,7065,199,0,4079,3223,0
38621,57,1,1,-1,2,4,-1,-1,-1,13713,15462,11716,23730,9031,30411,3898,8689,2830,10042,2177,13588,0
17033,66,2,1,-1,-1,4,-1,4,3,5415,507,6261,12013,5834,6957,2130,128,3370,312,2373,445,0
275844,33,2,1,0,-1,-1,-1,0,-1,118152,154539,168213,196111,168135,101039,15281,0,115288,39626,56106,36093,0
88530,74,1,2,0,0,-1,-1,0,1,37545,30230,51095,13408,46539,51369,11948,9428,8483,2505,21103,23789,0
58846,50,1,2,0,0,0,-1,0,0,31771,35104,3727,15417,42390,27813,586,3800,786,4201,22091,7513,0
376462,57,1,1,-1,4,1,2,3,-1,110902,158443,181776,160452,238590,232542,77436,84263,0,39302,100706,11748,0
34253,62,1,2,-1,0,-1,0,-1,0,14001,21281,24851,15977,5202,14022,6464,9404,8427,2643,763,5751,0
79374,55,2,1,-1,-1,0,-1,0,-1,47659,49657,41120,51650,13964,39976,9591,2315,9448,16288,3211,4704,0
18047,38,2,1,-1,0,1,-1,-1,-1,6006,10314,9292,12160,10382,4899,487,5465,1251,831,3760,2977,1
89375,54,2,2,-1,0,-1,0,-1,-1,25977,53383,31407,42555,11065,66631,3747,14861,11287,818,7875,21747,0
19779,56,2,2,0,0,0,0,-1,-1,2442,5132,3582,8551,12908,4437,549,0,0,1298,3084,2067,0
49995,67,3,2,0,-1,3,4,0,6,23016,36521,24573,10017,29345,9909,9151,8407,6804,2025,4161,2944,0
233885,46,2,1,0,0,0,0,-1,-1,110474,71938,132783,41541,102297,79780,26572,16198,53715,17315,7006,42529,0
52826,48,2,1,0,0,0,0,-1,0,6746,40986,24415,19021,43103,11836,2096,2719,8279,6606,0,4140,0
10000,48,2,2,0,-1,0,-1,0,-1,6878,6682,4280,5394,3611,930,5230,975,1943,0,523,0,0
50443,27,2,2,-1,1,2,5,-1,-1,13324,34334,12107,22775,21283,20506,4297,1270,701,0,7866,6891,0
71995,25,2,1,0,-1,0,0,0,-1,39817,39582,34668,45976,59380,21707,11376,6431,1017,23964,30470,8581,1
100789,22,2,1,-1,-1,0,-1,-1,-1,15771,0,23044,32360,39948,71815,3556,0,4568,412,1226,27905,0
159352,56,2,2,-1,-1,-1,0,1,0,51696,47865,43534,75864,69373,62529,0,10003,6927,9012,0,5402,0
165985,43,2,1,1,1,0,0,-1,0,75217,72571,124370,79558,89491,69537,0,31903,30972,11257,53042,5025,1
44145,67,2,2,-1,-1,-1,-1,0,0,5661,18547,11800,16814,13661,9286,659,8159,2989,7968,3417,4538,0
40494,58,1,2,0,-1,1,6,-1,0,9351,8873,4685,30604,6498,25963,2502,3187,780,12140,2113,10364,0
20034,28,2,1,-1,0,-1,0,0,-1,3816,11795,10207,4921,7426,7105,999,480,0,1102,1145,1263,0
31826,26,2,2,0,-1,0,0,-1,0,7069,23291,18583,18048,6603,20022,881,0,5113,10610,1946,7512,0
71770,40,2,2,0,0,-1,-1,0,0,22915,15492,8871,22254,5154,11477,7084,0,995,1274,487,2027,0
16665,70,2,2,0,0,-1,-1,0,-1,10213,4978,12362,13831,15211,1587,3693,364,3793,6944,4575,269,0
32695,23,1,2,-1,0,-1,0,0,-1,7317,10248,8136,14506,9470,30629,2412,0,923,2063,1062,0,0
107614,31,1,2,0,-1,0,0,-1,0,38456,25807,14106,52367,52302,33614,15389,0,1157,20053,13675,0,0
29225,22,2,1,-1,0,0,-1,0,-1,21858,9779,8431,22004,7315,16866,7902,3622,2034,2892,185,2709,0
65906,43,2,1,-1,0,-1,-1,0,0,20939,52744,31135,5601,37131,26956,3763,23885,0,1255,2278,5885,0
35775,74,1,2,-1,0,0,-1,0,-1,21195,5397,13339,11446,26482,14797,7906,1922,3009,1908,10828,2265,0
86397,57,1,1,-1,0,-1,0,0,-1,25400,41190,25543,29629,33566,21599,15333,1206,0,6913,2315,0,0
37011,47,1,2,-1,0,-1,-1,-1,-1,10944,27187,19568,9923,8648,15076,0,5835,4269,3997,1911,3535,0
10704,28,2,1,-1,0,-1,5,-1,0,9235,10704,4165,6246,4837,5903,1897,4482,270,0,1242,3596,0
147449,40,1,1,-1,0,0,-1,-1,0,92326,14487,28157,63685,20959,93369,0,2240,21810,45106,628,9519,0
28093,49,2,1,4,-1,0,0,0,-1,3348,6652,6379,13954,18115,9880,905,1460,437,1387,3993,0,0
40178,35,2,2,0,0,-1,-1,0,3,6429,28845,24490,5190,12119,22551,0,1787,11521,430,1542,2235,0
19740,59,3,2,0,1,6,-1,2,1,76,11076,1124,9794,2497,16120,22,1186,7,6066,876,640,0
75779,73,2,2,-1,0,0,-1,0,0,35699,46941,32053,36246,16959,32617,6425,14707,0,5077,5098,11292,0
89590,32,1,1,0,-1,5,0,-1,-1,51199,38146,34155,30420,43392,25405,11611,4394,873,0,24209,14139,0
75635,34,2,2,0,-1,1,-1,0,0,32152,3822,26491,8351,48055,1801,895,1470,11397,415,8679,1080,0
31582,27,2,2,-1,0,0,0,-1,-1,24974,28572,23599,5329,14994,4644,0,4752,0,0,0,1287,0
65952,60,1,1,-1,0,-1,-1,-1,0,19160,21901,36759,10582,3939,2510,3634,7322,27248,3177,1459,796,0
47903,45,3,2,-1,0,-1,-1,5,0,28141,10833,5207,19051,7169,8961,11217,2151,2855,5339,4507,2805,0
168748,36,2,2,-1,0,0,0,-1,-1,13028,96399,88030,47560,44484,62971,7880,51726,33928,12477,10349,0,0
87701,32,1,1,0,0,-1,-1,-1,-1,56811,24177,18654,21104,4522,6737,26691,5232,9138,7401,657,2375,0
30754,24,1,1,-1,-1,0,-1,-1,0,3108,6440,3725,7063,9821,18413,692,2817,509,2556,914,1569,0
42516,46,3,2,-1,6,1,4,5,2,17714,13518,31682,0,19592,4630,2766,1305,2740,0,0,875,0
30071,57,4,1,0,-1,-1,0,3,-1,13322,2496,12371,15588,14418,2508,742,1389,1009,1939,2267,491,0
10000,33,3,2,0,0,0,2,4,3,1061,10000,0,7164,10000,4759,326,0,0,0,2247,1219,0
15683,21,1,2,6,4,3,0,-1,-1,3551,3598,6338,7616,3964,2951,566,0,374,4135,1027,1656,1
46481,46,2,1,-1,0,0,5,1,0,13145,7418,18044,13465,13448,11770,2492,1157,1756,706,3792,4318,0
69613,57,1,1,0,0,-1,-1,-1,6,59669,48330,28436,22646,12046,28213,14362,4903,0,3764,368,10653,1
38723,39,2,2,4,6,6,-1,-1,0,18566,12486,25636,6934,0,21288,6733,1977,3651,655,0,4977,1
99443,34,2,1,0,-1,0,4,0,0,33312,14771,52593,76912,45590,27639,6076,5808,17105,18087,10920,16257,0
16239,29,3,1,0,2,0,4,3,5,7745,1047,8660,2603,5131,7209,2365,202,5213,0,2118,1086,0
16172,61,2,1,0,-1,-1,0,4,-1,6241,5550,6525,4251,3490,2914,37,1437,0,1003,1978,510,0
25322,67,2,2,-1,0,-1,-1,-1,0,20298,0,10633,2752,5731,7166,5004,0,0,911,2108,2754,0
42135,62,1,1,0,-1,0,-1,0,0,20497,11777,8513,5659,13256,24068,12252,1954,3088,1070,4057,4131,1
46792,48,2,1,3,2,0,0,0,-1,3880,18942,14826,9595,6213,5110,781,0,1005,1032,0,0,0
36255,60,1,2,0,0,0,0,-1,0,1297,5924,15406,12657,22072,12248,388,0,3140,1584,3750,0,0
10000,42,3,1,1,2,0,1,6,0,0,5844,3690,7368,5259,1407,0,1798,441,1053,1931,510,0
10000,22,1,2,-1,0,-1,0,0,0,471,2726,4569,4013,0,0,289,1017,367,1228,0,0,0
54096,40,2,1,-1,0,-1,-1,0,-1,22716,8906,15139,30078,13721,6301,2145,2317,5024,17584,241,0,0
27812,59,1,2,2,-1,-1,-1,-1,0,12755,10996,13497,16566,8907,7329,2027,1492,1937,728,771,2678,1
10000,55,2,1,-1,-1,-1,0,-1,-1,3383,4444,8619,3842,5503,7239,85,151,392,1076,0,1430,0
113144,74,1,1,-1,0,0,-1,4,-1,50696,52244,75700,85444,16979,77709,16315,7575,35052,14203,0,5947,0
168745,74,2,1,0,0,4,0,-1,-1,111018,44287,95825,62578,13934,68001,24969,0,0,13463,2676,11555,0
45452,34,2,2,0,-1,0,-1,0,-1,20476,12365,25418,39924,20247,26427,6329,3485,4079,15698,4159,6819,0
60763,21,2,2,0,0,0,-1,0,0,17152,19716,16277,25039,26403,31515,0,0,3399,2791,0,15992,0
42824,35,3,1,0,4,-1,1,5,2,16273,19854,12758,18789,10814,20265,4371,0,1677,1738,3804,3582,0
10785,68,1,1,0,-1,6,-1,-1,0,0,4788,7204,7710,4977,9039,0,1524,590,3333,1630,66,0
99799,64,2,1,-1,-1,-1,0,4,-1,27281,65145,45430,18859,67362,31738,1776,7869,20869,11217,1285,5644,0
92524,26,3,1,-1,0,1,2,3,3,67782,15683,55369,23598,34490,15896,11591,898,0,3361,4144,1251,1
298316,29,1,1,0,-1,-1,0,-1,-1,95014,114474,132118,26962,100971,146103,0,57851,32882,3463,34497,62948,0
24178,51,3,2,6,2,2,0,0,0,24178,9885,7158,1459,6411,4427,2934,2051,0,1030,1176,232,1
13838,56,3,1,0,-1,-1,0,0,-1,2081,3069,8784,7622,5412,564,721,358,1936,2740,1178,0,0
101739,74,3,2,5,4,-1,3,-1,2,20631,23797,3358,69653,44667,6445,8375,2446,1719,33361,11343,123,1
73066,61,2,1,0,-1,-1,0,-1,-1,40951,21930,42230,29927,27119,23020,0,0,3942,0,2671,6167,0
98689,32,2,2,-1,0,0,0,-1,0,34462,42499,32487,2263,10660,29264,21170,0,4467,694,1296,0,0
29212,23,2,1,4,0,-1,0,-1,0,1975,19565,12883,7735,13632,2250,639,1310,6295,4064,1757,143,1
60915,55,2,1,-1,0,0,-1,0,0,14282,6061,15246,22288,3777,1561,0,3040,0,0,1665,304,0
14773,50,3,2,0,-1,-1,-1,3,0,9015,1945,2770,4725,1937,4337,2870,738,130,1188,647,2836,0
68342,70,1,1,-1,0,0,-1,-1,0,23582,18790,10238,3695,20835,13352,0,0,1584,2450,0,5139,0
37111,52,2,2,-1,0,0,-1,0,0,27689,19313,17511,12890,20945,10412,14251,228,4764,8124,6499,0,0
319605,48,2,2,-1,-1,-1,0,0,-1,87855,135270,115034,139088,199738,117227,39505,0,78143,55933,43769,24126,0
106444,37,1,3,0,-1,0,-1,-1,6,43831,64019,13456,70406,44173,7659,0,17114,8837,16232,10687,4279,0
10000,25,2,2,0,-1,-1,-1,0,0,2288,4637,5311,327,4397,3966,91,544,1412,14,893,45,0
48959,68,2,1,0,-1,-1,0,0,-1,6572,20774,34196,27636,23437,15975,320,954,15576,3944,6962,92,0
65810,65,2,1,0,0,0,-1,1,4,10387,10471,26486,16068,17968,51240,1232,4721,0,1890,0,13739,0
23485,29,3,2,-1,-1,3,-1,0,4,13478,7820,4735,6879,12145,1750,3328,2183,383,3128,2049,0,0
20288,59,2,1,-1,0,-1,0,0,0,6395,13785,5887,10162,9708,13075,0,2273,604,414,5985,6211,0
58205,40,3,2,-1,-1,-1,6,6,0,34321,8126,21794,30604,31789,4778,6906,4366,598,5779,7590,3789,0
22717,44,2,1,-1,-1,0,0,0,0,15975,9391,11800,10483,9913,7047,0,2134,4170,1667,0,2129,0
77680,66,2,2,0,0,-1,-1,0,-1,39348,16826,49390,44865,26604,11479,10639,2789,35803,10322,1186,905,0
29725,66,1,1,0,0,0,0,0,-1,6675,18807,12839,15613,0,22179,3853,3127,2380,3906,0,6092,0
31980,31,2,1,5,-1,-1,-1,-1,-1,7604,8250,9491,12931,21723,18515,2907,2403,2598,8397,7177,0,1
73735,37,3,2,6,4,5,-1,0,0,35635,17873,46400,25450,43428,3608,6588,3515,8172,7660,6188,1836,1
101499,65,1,2,0,0,-1,-1,0,5,84560,72016,58969,28084,47068,35119,0,1563,13967,4421,6314,0,0
50268,70,2,1,-1,-1,-1,-1,-1,-1,26799,31293,16879,11762,19703,26421,9228,9382,3442,4689,3151,4863,0
47861,25,2,1,2,0,-1,-1,0,-1,22119,8462,31849,24447,6532,17000,11210,3203,818,1507,211,3465,1
52703,66,2,2,-1,0,0,0,0,0,18103,42421,18573,20303,23859,951,7422,0,4130,1721,11155,356,0
18216,47,3,1,-1,3,2,2,3,0,5046,16283,11727,8447,10635,7140,275,1420,1556,2147,5408,3582,0
14568,52,2,2,-1,-1,0,0,0,-1,10704,3955,3736,6727,8279,11554,0,627,196,0,3406,3658,0
54104,25,3,2,-1,-1,-1,-1,-1,-1,18423,8066,22783,11922,17126,6602,4422,1873,5287,3580,3310,2669,0
166721,57,2,1,4,1,5,-1,0,-1,76970,136191,40140,122914,83463,17937,0,16792,5876,3402,31200,3186,0
79489,57,2,1,-1,-1,0,2,0,0,38914,62432,44859,12827,37023,41379,0,19897,1721,2265,3291,6542,0
42052,56,3,1,-1,5,5,5,2,-1,5272,14719,22825,14603,37193,18026,845,5078,11532,875,0,5849,1
18642,63,2,1,0,1,0,-1,-1,-1,14152,9455,8677,668,4309,9246,1164,1144,1960,323,1188,1806,0
138442,72,1,2,-1,0,-1,-1,2,3,52495,18483,71691,43607,26684,116020,0,7056,35232,23370,20934,25731,1
72049,66,2,1,-1,-1,-1,-1,0,-1,54521,26388,18984,51921,19961,13248,2886,9115,13152,33396,6320,627,1
90049,61,2,2,0,-1,0,0,-1,-1,38326,33267,55577,38790,53567,39544,8476,1524,23279,13584,4593,2500,0
112096,73,2,2,3,0,-1,0,-1,-1,36790,71136,27431,31267,47642,26769,12034,28612,8236,5990,12584,0,0
174347,57,2,1,3,-1,-1,-1,0,-1,77262,59074,134717,88425,54564,63931,0,4032,50339,28298,15864,17155,1
20094,57,2,2,0,0,-1,-1,0,0,9570,8332,10575,3106,11185,6930,299,790,4252,1221,380,2157,0
12236,50,3,1,0,0,-1,0,-1,4,3343,2176,5239,4253,3129,5639,400,718,237,1453,0,0,0
77264,62,1,1,4,3,5,-1,0,-1,36524,34269,44618,14526,42489,27216,4533,16612,1957,3201,8064,4983,1
23434,24,2,2,5,0,-1,0,0,-1,536,11839,4060,18191,12039,17974,296,8172,0,5352,6135,6327,0
20402,48,2,1,-1,0,0,0,0,-1,2988,14150,12235,2743,11327,7269,2192,10868,888,435,5689,3775,0
182143,43,1,1,0,-1,0,-1,-1,-1,62236,51712,28612,58950,89019,58136,0,9129,0,5647,51710,0,0
21867,70,2,1,-1,0,0,0,0,-1,11890,6941,8282,0,6843,10986,0,1812,970,0,906,3562,0
48588,24,2,1,0,4,0,0,-1,-1,3286,30073,5679,46586,14102,28072,0,0,1774,0,4832,1938,0
13291,55,2,2,0,0,0,-1,-1,-1,6443,5378,3012,6298,8044,3220,749,2784,422,1000,1417,429,0
51556,30,2,3,-1,-1,-1,-1,0,-1,23361,29497,36709,6090,10856,15005,2383,4225,0,256,1752,0,0
176791,68,1,2,-1,-1,4,6,0,0,61006,65589,85996,55440,67620,135334,0,13904,2948,0,19634,59391,0
129375,67,2,3,-1,0,-1,0,0,0,41442,103230,58173,70036,15439,30816,4428,50179,0,0,6299,5541,0
79167,33,3,2,5,4,0,-1,-1,-1,20788,27585,20716,30505,15881,31560,2815,6174,7809,0,8990,12984,1
46041,68,2,1,-1,0,0,0,4,5,15283,37819,38532,15246,28343,26498,743,0,14025,3967,7852,0,0
166987,47,1,2,0,0,0,-1,0,0,19881,76573,49269,30326,88961,3952,2478,54059,3701,2943,6966,811,0
48406,73,3,1,4,0,0,-1,3,6,1969,19759,12544,19076,13376,12730,449,6382,10031,541,4917,4394,0
48306,60,1,1,-1,0,0,6,0,0,7698,2431,24989,38303,16067,30646,2533,832,4027,13114,3733,10028,0
93137,22,1,2,-1,0,0,0,0,0,12507,22622,9652,4755,49694,49140,4514,110,5108,1023,15843,15145,0
99562,31,2,2,-1,-1,0,-1,1,-1,28883,57683,52211,43760,78264,75524,6142,7963,6060,3253,3148,22764,0
16946,42,2,2,-1,0,0,0,-1,0,12604,4901,4890,8872,9660,0,5405,1027,1853,5125,5158,0,0
14691,32,3,1,0,0,-1,-1,0,2,8735,8715,3728,5917,8769,4847,845,2992,112,600,1821,3038,0
61180,28,1,2,1,2,6,3,0,-1,12949,19634,30464,0,32901,13347,0,9196,10678,0,7838,1152,1
18445,73,2,1,2,5,0,0,0,2,3189,2750,9607,8013,13547,3100,269,0,5305,1732,1086,234,0
18236,67,2,1,0,0,0,0,0,3,3133,10226,8344,1367,559,4868,284,0,1088,178,184,1556,0
24510,44,3,2,0,-1,5,-1,6,0,6853,2194,12199,2664,4210,5418,1746,1009,4675,1614,1164,550,0
75880,32,3,1,-1,-1,-1,0,1,6,12727,52483,18557,28498,51892,11714,330,14927,5707,11318,5167,0,0
106779,30,2,2,2,5,-1,0,-1,-1,21762,28691,45754,12996,29655,31458,2894,8024,18360,5404,10621,23689,0
88728,70,1,2,-1,0,0,-1,0,0,40743,60997,15326,44865,50006,42674,0,52718,1955,14399,25473,7171,0
79276,38,1,2,-1,-1,0,-1,-1,-1,57581,30940,18664,11044,21447,23590,0,5669,0,8104,9775,11848,0
182281,21,3,1,0,0,3,-1,4,3,58442,30738,82036,74880,97016,98632,23439,0,59805,1310,50698,0,0
31841,42,2,1,5,6,-1,-1,2,3,6376,12061,8615,7723,13100,14842,705,2780,3306,4097,2074,2207,0
59448,45,2,2,0,4,0,4,-1,0,7454,5524,23503,30061,22404,27129,0,384,2146,11192,0,0,0
21421,54,3,2,0,0,0,0,2,0,12334,10053,5749,15662,5855,8766,2096,2923,2673,786,1232,0,0
12251,39,3,2,-1,0,3,-1,-1,0,3012,8293,0,1726,5239,102,1415,0,0,0,773,40,1
126488,70,2,1,-1,0,-1,-1,-1,0,40828,12855,55789,60274,56834,54565,1223,1936,435,27250,9607,18651,0
26880,55,3,1,-1,3,6,0,5,-1,5535,24743,11910,11352,15237,9644,1576,8528,1627,889,3194,2510,1
119650,74,1,2,0,-1,0,-1,-1,0,70512,95599,55862,25498,58002,35549,6809,9753,22356,8336,411,10218,0
40259,40,2,2,0,-1,0,4,-1,0,8100,18913,12718,20699,25942,16783,3150,6291,7133,240,10542,2922,0
93026,56,3,2,-1,6,0,0,0,0,49595,34164,29055,87438,39826,22214,11687,6351,455,41120,18569,2580,0
30905,40,1,1,0,0,0,-1,-1,0,12875,14116,20447,20998,7349,7856,3343,2025,7365,5632,5658,564,0
174137,58,1,1,0,-1,-1,0,-1,-1,94498,61329,78571,96704,68751,72185,5287,14129,19341,28648,31285,18751,0
100244,61,2,2,0,-1,-1,2,0,-1,9668,42393,24757,10314,34967,35115,4466,0,13545,2829,18782,2151,0
11664,38,2,2,-1,0,0,-1,-1,-1,6132,9049,5878,6033,1341,3805,1448,303,18,0,0,1598,0
45387,71,1,1,0,-1,-1,0,6,4,31188,13937,31428,29276,6006,11397,1555,0,10023,11426,2698,2607,1
155303,67,1,1,0,0,0,0,-1,2,51611,33630,60726,34906,108892,86697,0,11136,25470,6334,37624,19563,0
254316,69,1,2,-1,0,0,-1,0,-1,130295,120523,171851,72693,25735,71828,31216,15053,61463,24218,10851,77,0
121645,32,1,1,-1,1,1,0,0,0,38512,85650,48737,43756,9982,75026,0,15767,34088,0,1921,27762,0
24986,59,3,1,-1,-1,0,4,2,-1,6531,0,4110,13206,6296,11388,0,0,1553,1729,0,930,0
22591,26,2,2,-1,0,0,-1,0,0,13502,13481,13191,3377,2108,3702,6356,1413,2784,0,173,0,0
77135,26,2,1,0,-1,-1,5,0,0,29255,27968,35861,32757,31892,23282,10013,6864,10932,8944,8869,5356,0
48808,73,1,2,6,3,6,-1,-1,0,14488,17361,19281,13584,6056,36405,1145,153,0,2810,109,27820,1
36067,29,2,1,0,0,0,6,-1,-1,19533,5044,19307,21044,47,24120,3839,0,4383,3529,4,0,0
57362,67,1,2,-1,0,-1,-1,-1,0,26766,42377,2988,107,48800,25200,2958,22446,255,72,10661,8288,0
69475,44,3,2,0,-1,-1,0,0,6,18941,16509,17670,16197,14290,29733,1162,1632,2644,7499,3163,2491,0
145580,37,3,2,-1,-1,4,0,0,-1,53227,63617,47754,64748,31238,68954,8626,6131,15379,1278,7609,23629,0
111469,24,2,2,-1,-1,5,1,-1,-1,54361,96271,55014,32665,56243,20722,12993,0,21423,4166,19415,7932,0
34577,57,3,2,0,0,0,0,2,-1,23472,12464,21802,20351,15625,9111,11283,1923,1524,4926,6370,1109,0
33426,59,1,1,5,1,2,0,-1,-1,10113,10452,0,11802,2679,10336,885,6405,0,2344,597,3754,1
117073,46,1,1,0,0,-1,0,0,0,53412,41633,36070,42203,70828,38951,10090,5034,2009,12234,12355,15167,0
185786,64,2,1,-1,-1,0,0,0,-1,108177,63615,6319,47220,84925,60786,6329,4707,1718,0,29586,26898,0
109407,38,2,2,0,-1,0,-1,6,0,7063,13043,65105,79856,46206,30188,1488,2608,11220,37660,3739,6230,0
40518,50,3,1,-1,5,3,0,0,0,15374,13880,16067,2993,19518,19049,608,1673,561,0,0,1657,0
46409,36,1,1,0,0,5,0,0,2,15233,29549,2911,17896,7328,11509,6852,16638,374,11106,2067,0,0
64610,52,2,2,-1,-1,-1,-1,0,-1,30030,27201,24374,20074,21755,26283,13380,4373,5534,0,1484,0,0
172842,28,1,2,-1,-1,0,0,0,-1,91962,74032,86334,15625,58516,57739,39169,0,19710,7999,16929,15564,0
82645,46,1,1,5,0,-1,0,0,1,38014,26574,25000,33279,58538,38229,3483,2850,7640,578,29823,12430,1
45127,50,2,1,-1,0,-1,0,0,0,13641,5011,1861,31251,18420,25684,1894,257,0,16602,6283,2965,0
19801,51,3,2,0,0,-1,-1,-1,-1,7978,5389,9412,3443,2993,12149,2293,2282,2674,638,0,1820,0
389080,45,2,2,-1,0,0,0,-1,0,52980,226286,55183,76697,119889,223632,12369,39431,12909,71457,19992,38574,0
24034,55,2,2,4,-1,1,3,-1,-1,7122,10643,8635,12756,10210,7253,2096,2816,0,1248,2310,3416,1
31250,48,1,1,0,0,-1,-1,-1,-1,26863,14330,6735,4422,4765,12767,13712,5107,2158,1807,2048,1317,0
78256,36,1,2,-1,-1,-1,-1,-1,-1,10286,22943,22572,35595,54395,51823,952,8082,10089,13460,39517,0,0
58391,32,1,1,-1,0,-1,3,5,1,15604,20289,2216,45600,43882,23634,3296,12968,152,22729,16933,9903,0
111150,55,2,1,0,0,-1,0,0,0,70472,32314,36569,62704,92769,77220,41324,7943,1071,10361,49545,36323,0
159877,71,1,1,-1,0,-1,4,4,-1,24935,38360,23068,62766,39421,49873,6866,13476,7465,17930,16489,0,0
25978,61,1,1,-1,-1,-1,0,-1,-1,13945,13999,5286,14557,10244,17845,881,4764,2103,3752,4754,0,0
26783,55,2,2,-1,-1,0,-1,-1,0,7939,3542,3544,6682,12018,11089,705,1390,0,0,0,0,0
24334,70,2,2,-1,0,5,1,1,0,5268,7828,16825,6722,13817,15943,1015,2274,0,949,2904,0,0
91823,69,2,2,-1,-1,-1,0,0,0,47965,26327,35960,32358,38968,36901,23221,3101,8857,0,32268,8069,0
96678,48,1,2,-1,-1,-1,2,3,-1,30415,38349,25142,16822,41849,38565,11659,3899,8215,0,7805,5439,0
36417,26,2,1,-1,-1,0,0,-1,0,12587,6595,24181,8666,15195,18129,1573,1980,1393,1408,0,1221,0
58286,55,2,2,0,1,0,-1,6,0,20361,14579,44963,6998,49024,16811,2759,0,1246,1058,7900,4279,0
27874,54,1,2,-1,0,-1,0,0,-1,11501,20287,12374,12810,11273,9343,795,9325,709,1869,2717,0,0
27063,35,2,2,-1,0,-1,6,-1,-1,11090,8404,20771,20181,11171,10761,0,2065,6063,694,664,2576,0
24256,66,1,1,6,-1,-1,0,0,-1,4395,5650,12255,6895,3684,9912,1895,1505,5997,5296,871,4071,1
38550,67,3,2,0,3,0,0,5,-1,6435,17504,11780,4228,10032,25826,1356,12344,3641,1525,2833,11519,0
38433,38,3,2,-1,-1,-1,0,-1,2,7731,20798,323,9586,16085,14849,1886,8060,133,3187,9598,3034,1
31225,46,1,1,-1,0,0,1,0,2,17953,9223,5673,10371,22422,20125,0,2176,156,2588,8950,4927,0
68663,31,2,2,-1,-1,0,-1,0,-1,13850,42040,8065,11733,35285,29584,504,5054,1411,1093,12279,12509,0
114198,30,2,1,0,0,0,0,4,1,59682,33930,25250,37412,82914,47219,19572,0,4470,8408,16903,6166,0
15047,35,3,1,1,0,-1,0,0,1,226,2198,4863,4347,5685,12052,32,466,1314,2423,2376,4275,1
37757,40,2,2,-1,0,0,4,-1,0,9131,17731,26560,28847,23366,11677,920,11829,7248,3138,11530,3762,0
73931,35,2,2,-1,0,-1,0,-1,-1,27270,49275,31353,44466,13853,41557,0,4694,0,7079,1141,14156,0
68280,29,1,2,0,0,5,0,-1,0,26793,30516,0,31658,27796,21952,19739,0,0,5945,8833,4522,0
22898,45,1,2,0,2,-1,2,0,0,12331,8007,16565,11469,11929,10052,1935,1136,0,3896,4155,0,0
34453,54,2,2,-1,-1,-1,0,0,0,3586,7675,28729,8246,19047,9095,0,3987,9818,1941,8462,2869,0
33550,38,2,1,0,0,0,0,-1,0,18420,10324,19389,22315,7677,22230,2684,4048,5930,2180,0,2715,0
29941,49,3,1,0,0,-1,-1,0,0,12735,537,3891,3076,22273,29941,4156,39,785,2330,3817,11869,0
30978,35,3,2,3,5,4,1,5,4,23696,11813,12431,5987,12210,21232,16660,1027,0,863,0,9827,1
171580,59,2,1,0,1,0,4,1,-1,45509,44767,135618,34250,51142,72480,2185,8891,23867,5258,13879,8909,0
41489,56,2,2,0,-1,0,-1,-1,-1,24798,29406,14400,5853,14580,25146,3185,0,5995,1959,2387,0,0
10000,72,3,2,0,-1,0,0,0,-1,4200,4812,8942,4118,4029,5621,0,2657,813,196,3495,1931,0
52728,23,2,1,0,2,4,0,6,3,18578,17996,14699,1261,18937,22101,8512,9779,5133,306,4897,3660,0
138902,67,3,1,0,0,0,-1,5,-1,64820,45723,35567,66727,78815,21775,37991,5873,0,15297,16059,0,0
30020,39,4,1,0,0,-1,-1,-1,-1,4251,9829,11350,3352,16814,298,746,2747,6327,845,1710,0,0
34528,24,2,2,0,0,-1,0,0,0,10378,30104,1686,15892,16503,9382,1675,0,300,1363,8616,0,0
38403,58,2,2,-1,0,0,-1,4,3,7326,13373,17995,10821,10743,3926,3031,3899,5925,2640,0,1460,0
78222,30,2,2,-1,-1,-1,1,6,0,47861,34574,32936,33368,42085,50058,6225,5917,2968,6395,2106,1023,0
53582,30,1,2,-1,0,0,0,-1,0,2557,40367,25857,36889,42668,24605,540,10798,6285,13216,3400,7941,0
14581,73,2,3,-1,0,0,-1,2,-1,0,5617,1965,4338,5175,5192,0,1987,1442,1196,0,0,0
28640,32,2,1,0,0,-1,-1,-1,0,15122,2332,10044,20619,2206,6983,6220,584,4112,2081,990,1839,0
46548,50,2,1,0,-1,-1,-1,0,-1,11674,35518,12920,24617,32192,12701,3635,18468,2082,8595,13926,6320,0
105342,31,1,1,-1,-1,0,-1,0,-1,47694,40098,14364,6223,24098,13587,22634,4352,2590,1789,6643,231,0
30756,27,2,2,0,-1,0,-1,-1,0,19625,25661,25509,12499,10630,14450,0,17380,2790,0,0,8811,0
38678,21,2,1,4,6,6,1,0,-1,30507,4818,11734,6586,0,11925,8396,624,1409,681,0,3510,1
50814,21,2,1,0,0,-1,0,0,-1,39120,6624,20507,19533,9768,20811,5151,0,7015,502,1189,5094,0
36847,46,1,1,0,3,0,0,-1,0,2678,17112,23375,17234,7504,7808,0,5830,14338,5336,1890,1535,0
45551,44,2,1,-1,-1,-1,0,-1,-1,8094,13481,36284,14065,21228,28429,0,3133,1879,846,4904,5789,0
99731,23,1,2,0,0,-1,0,1,0,14856,54528,56333,35359,26024,41831,9039,15030,15557,0,12203,6899,0
26563,39,1,2,-1,-1,1,-1,0,-1,8798,11178,1,8267,7358,10853,709,1407,0,4265,2324,1800,0
62640,35,2,1,-1,0,0,0,-1,0,17764,12559,56117,8914,39213,35016,1385,1295,0,909,0,16411,0
14343,51,3,2,-1,5,4,-1,-1,0,11306,585,4186,5618,5432,806,0,274,340,1683,362,252,1
20822,74,2,1,-1,0,-1,0,-1,0,2450,10581,8830,10027,13141,14763,901,3669,0,3334,320,2089,0
28847,58,2,1,0,0,0,-1,-1,0,9122,902,6744,4325,5441,18224,164,546,1010,340,222,0,0
102299,70,3,1,0,0,2,-1,0,-1,60213,40642,20597,46358,38440,12757,46054,10170,3607,18372,3448,1443,0
12429,31,2,2,0,0,0,-1,-1,6,1982,8735,4776,0,7576,7448,369,1548,790,0,0,4945,0
23674,32,3,2,-1,0,0,6,-1,-1,7692,16270,16067,9314,11475,588,440,0,8696,5414,6047,278,0
67192,61,1,2,-1,-1,0,0,0,-1,38838,15644,35316,7651,12354,5490,2032,7132,10601,599,4420,2164,0
124709,37,2,2,3,5,-1,0,0,0,82666,16925,86072,71797,21159,15478,47601,794,50241,0,0,4231,1
326056,66,1,1,-1,0,0,-1,0,5,157879,52772,78335,152482,155461,213609,96794,0,41826,25604,10904,14191,0
34974,46,2,2,0,2,2,0,-1,-1,18096,5944,24641,21232,31368,12838,2653,804,12451,10092,0,9603,0
52828,31,3,2,4,3,-1,-1,-1,-1,12286,31032,23390,31698,1451,21191,3293,2032,8558,3207,461,4442,1
45449,66,2,1,-1,-1,-1,0,-1,-1,12532,13309,6076,22629,27972,35134,1324,725,2562,10392,13166,8001,0
45216,50,2,1,0,-1,0,0,-1,-1,15522,29245,11508,15583,23145,29873,1319,2633,65,4272,6944,3511,0
85398,64,1,1,0,-1,0,-1,2,1,48660,47178,46174,17907,12787,77422,10773,15270,24815,5524,1143,40667,0
10000,45,3,1,0,0,3,1,6,-1,10000,2598,7566,2244,749,6426,4280,798,3297,523,319,999,0
47178,27,2,1,0,0,-1,0,6,2,23093,21680,4767,21856,30115,26443,0,12123,573,3595,7162,10061,0
98427,57,1,1,-1,-1,-1,-1,0,0,73752,30956,63499,31815,60119,35667,15314,16097,0,10196,18839,9876,0
17249,27,4,2,4,0,-1,2,-1,-1,1527,9987,6973,2820,2809,4596,306,0,1977,1500,898,2050,1
70680,56,2,2,0,-1,-1,-1,0,-1,9857,38270,14916,6426,26331,6575,1147,24539,3367,260,6742,1749,0
12298,43,2,2,0,-1,6,0,-1,4,6201,4034,4472,1905,7796,8794,1025,383,1409,1009,426,2731,0
73963,63,1,2,0,-1,0,-1,-1,0,20869,2484,14304,30037,32654,18053,2840,187,0,6329,5731,7677,0
200830,67,1,3,0,1,3,-1,0,-1,75706,68720,64126,63059,53668,29403,35407,31380,33967,6747,0,2135,0
41156,42,2,1,-1,0,-1,0,-1,-1,4993,18825,13066,22660,23712,16754,2295,2040,0,3571,8477,4675,0
22414,68,2,2,0,-1,-1,-1,-1,-1,489,4913,6227,8594,8270,0,120,342,937,1621,0,0,0
10973,26,3,2,-1,3,0,0,6,6,1008,6705,7289,1758,5161,4330,823,3692,0,853,711,493,1
93797,26,1,2,0,4,1,0,0,0,55599,34979,22989,42770,37403,15121,8908,20135,10795,4165,17525,6019,1
102992,74,2,2,0,0,3,0,0,0,44299,32080,79277,71301,14425,51924,14774,11363,12070,18003,8157,25847,0
46869,52,2,1,2,3,0,-1,0,-1,24308,14696,23103,17960,15560,3993,14122,2246,624,5246,8909,0,0
33828,45,2,2,0,0,-1,6,1,-1,24175,15755,5348,11324,8473,25689,0,5273,1807,2346,2993,6042,1
10459,29,2,1,-1,0,-1,-1,4,4,2652,3522,7431,8931,7011,1008,0,1026,1290,0,0,316,1
54134,36,2,1,-1,0,0,0,0,-1,12227,8267,4920,25190,24690,15885,1417,3897,715,12437,2825,0,0
28242,58,2,2,0,0,-1,1,0,0,9321,6138,12458,18815,7048,18837,0,3586,4657,2273,1336,0,0
20700,65,3,2,4,6,6,-1,0,0,1854,7252,8618,6304,5354,9847,427,831,154,2332,1739,2835,1
250097,70,1,1,0,-1,-1,-1,-1,0,172212,64536,96797,86181,120479,189453,0,14930,22003,38713,22386,29021,0
11599,43,2,1,0,-1,6,0,0,-1,4357,1182,0,6003,1701,3472,1134,271,0,0,0,0,0
12910,45,2,2,-1,0,-1,-1,0,-1,6319,0,1676,3022,2876,7153,156,0,205,399,405,2025,0
82580,29,1,1,0,-1,-1,-1,0,-1,49599,21077,8776,25864,27097,58134,8472,2230,2306,8674,2505,9290,0
50424,25,1,2,-1,-1,0,0,4,3,25788,22221,20252,12768,24789,17809,0,2292,0,9131,1988,3903,0
22658,44,3,2,0,-1,0,-1,0,6,2610,12030,605,11406,4223,2412,543,560,192,3121,618,0,0
85356,52,1,2,-1,1,0,-1,0,0,42290,50376,34869,47222,12932,55236,6248,9511,749,0,5116,20293,0
84220,26,1,1,1,0,-1,-1,-1,0,47794,41794,37928,42280,35857,61390,0,0,6369,20644,9120,23460,0
22495,43,2,2,0,-1,-1,0,-1,0,4767,6248,10128,17062,5542,13110,2177,321,119,4278,805,7117,0
42749,55,1,2,-1,-1,0,-1,-1,-1,9886,14497,13564,9540,12341,27911,4432,1378,4024,1883,0,942,0
71404,64,1,1,0,-1,-1,-1,0,-1,53031,55678,49162,11741,23926,40683,1720,19919,652,5377,8157,3270,0
78443,71,1,2,-1,-1,0,0,2,-1,13223,25468,14710,55184,23949,10976,1036,10844,3344,0,8429,1545,0
101020,39,1,2,0,0,0,-1,0,6,57074,49315,65995,12653,32397,47242,13088,7411,27024,1434,11124,0,1
30744,42,2,1,4,-1,-1,-1,0,-1,12116,9589,18302,5489,7650,12782,0,1009,0,328,2060,2372,1
45295,68,3,2,6,0,0,-1,0,-1,18765,15424,27390,10513,9217,15541,2164,3445,0,3008,2867,5966,1
146788,58,1,2,-1,-1,-1,-1,-1,-1,116609,92409,85661,37678,54831,80029,16187,0,28365,7304,24375,16852,0
50893,35,2,2,0,0,-1,0,0,5,23634,13720,26545,12760,16872,24168,8245,7088,10439,0,4964,1368,0
45149,57,2,2,0,-1,-1,-1,-1,-1,2075,12564,24548,31052,12095,11933,401,325,0,0,1230,237,0
56842,29,1,1,0,0,0,0,-1,0,16439,36499,6980,26427,9962,6334,4863,10874,5548,7717,2067,1585,0
29914,45,2,2,0,-1,0,-1,0,0,24041,19680,22465,19446,6239,11215,4349,9135,5817,1574,4289,389,0
23146,37,2,2,0,0,0,-1,-1,2,10804,3494,9558,9038,11530,8764,4447,761,0,2190,3332,1191,1
54066,74,1,1,-1,0,-1,-1,-1,0,18297,11538,30209,16067,28737,10152,7001,2294,5874,7347,2439,970,0
70307,22,2,1,0,0,1,-1,-1,0,14190,18693,31400,11659,39883,36065,1671,4123,17172,452,8238,3515,0
33696,67,1,2,0,-1,-1,-1,0,0,21448,13537,14475,12122,19407,7237,4727,5610,4382,3133,6218,2245,0
32305,36,3,2,0,-1,4,6,3,4,16562,20527,21558,14446,15731,6782,5155,6725,8984,6700,5149,0,0
29441,22,3,1,0,-1,1,2,2,6,11146,19183,25387,10990,11872,22694,5084,1177,15683,2477,1420,10907,0
142282,56,3,1,-1,-1,0,0,0,2,25928,41313,123653,85781,64519,7527,0,7189,6046,30551,0,1462,0
122356,57,1,2,-1,0,-1,-1,0,0,11369,51387,47644,76365,53162,60408,6008,18195,7193,0,2724,0,0
86271,28,2,1,-1,0,4,-1,0,-1,44326,61637,44192,12729,46595,27870,23620,13054,3436,1816,0,12673,0
102337,23,2,2,0,0,5,5,6,-1,29436,72744,17738,35387,80804,37677,14266,11260,3101,10542,25009,18947,0
44352,27,1,2,-1,-1,0,0,-1,-1,22599,32684,32634,12430,18460,2753,1091,6184,3314,3706,10401,887,0
103231,43,3,2,0,-1,5,-1,0,-1,82832,75543,26843,7720,37669,48408,0,22378,10518,3394,9888,12170,1
55677,28,2,1,-1,-1,0,0,0,0,7038,22235,14650,39083,15668,30789,2487,0,3219,9093,0,13864,0
66220,58,1,2,0,-1,-1,0,-1,-1,33711,24459,19267,19288,16108,19590,10415,342,10092,5245,0,0,0
12984,25,3,2,-1,-1,0,0,-1,0,5689,11654,6576,6428,8287,8571,0,2554,1001,1037,2492,1997,0
49770,63,1,2,-1,0,-1,-1,-1,-1,22407,19556,30310,24250,16488,41337,5361,13571,2297,1386,2764,28369,0
11935,68,2,1,0,5,4,6,1,-1,1177,5301,6818,5917,11257,4791,464,1781,1342,1969,7494,734,0
56270,59,1,2,0,-1,0,-1,0,-1,38513,9652,26521,35722,16297,16222,6697,5063,12638,11380,0,0,0
43279,71,1,2,5,0,-1,0,0,-1,31781,27438,16022,7429,32717,10438,2420,11222,5141,2275,13869,481,1
24950,71,3,2,0,6,1,0,0,1,2188,18283,7310,1562,11669,8181,374,0,0,307,0,1987,0
16175,23,2,1,1,-1,-1,2,-1,4,403,14686,3976,2769,1836,5310,0,3675,305,336,169,945,0
120493,39,1,2,0,0,3,0,-1,-1,63283,66108,22786,40405,35390,39855,15575,29050,1188,7665,9014,0,0
78749,62,2,1,-1,0,0,-1,-1,-1,24276,46723,27756,40006,57899,16234,0,29294,10880,4598,0,2072,0
132607,39,3,1,-1,-1,-1,-1,0,2,28524,26879,85534,68755,27694,54501,11118,3599,9237,9019,5281,4730,0
129637,60,3,2,6,2,-1,-1,5,1,13830,69271,44743,107737,64512,48181,7082,16298,1882,20348,11137,20039,1
38882,62,3,2,3,0,2,2,2,-1,27603,17805,24243,16409,23277,9705,0,3008,0,0,2495,1305,1
77811,74,3,2,-1,0,-1,0,0,0,36661,8651,61710,50960,21428,56989,15844,0,35570,6943,6832,7130,0
60418,38,2,1,3,0,0,0,-1,0,29846,38816,41501,47033,34641,19594,12936,8152,7920,13588,12198,6707,0
48756,39,1,1,0,0,-1,-1,0,-1,19925,15788,39837,18078,25674,18601,3198,5844,6203,5313,976,0,0
27469,22,3,1,3,0,4,0,-1,2,21868,1793,5094,19300,2163,9436,1849,353,1481,4767,643,6760,1
114417,36,1,1,-1,-1,2,5,-1,-1,10517,90802,66188,27850,35473,64806,3066,24171,10560,12854,19584,23239,0
1000000,36,1,2,0,0,-1,-1,0,0,649010,600904,443412,603707,218588,319138,0,175312,83613,0,179628,152796,0
124679,45,2,1,3,0,0,-1,-1,6,9399,15255,83051,19587,24651,114984,2841,750,8618,0,6980,3652,1
83583,43,1,1,-1,-1,2,4,-1,3,33770,47056,13386,14767,21364,62777,1849,0,6568,4731,3506,10364,0
72188,67,2,2,-1,0,5,0,0,-1,33197,16738,42855,50977,27344,35518,0,1889,6095,0,10444,6007,0
50172,62,3,1,0,-1,2,1,5,2,34234,34326,19958,7365,6921,21079,7216,8848,983,0,2874,15779,0
45604,60,2,1,0,0,0,0,-1,0,24129,36469,31394,12678,14886,33902,10039,11581,18904,3316,9664,15319,0
89785,21,2,2,0,0,5,0,0,0,32983,42919,7835,20274,41833,13855,0,0,2806,4601,11435,0,0
43287,46,2,1,-1,-1,-1,-1,-1,0,2937,4806,19586,10323,9690,27424,396,3069,0,4954,4116,10297,0
21824,60,2,2,-1,-1,2,2,-1,-1,7095,7909,4460,3368,6662,2857,2906,1567,1013,811,2691,739,0
100891,34,1,2,0,0,-1,1,6,0,64916,73977,59889,39074,53164,60702,21949,25508,2311,11707,19853,4747,0
112278,43,1,2,0,0,0,0,0,-1,18126,36287,60896,22523,36070,35724,4065,6981,16561,72,6619,0,0
43623,60,2,1,2,4,0,0,0,6,16920,3565,11811,22856,4629,31681,488,879,823,6540,169,6392,1
62811,63,2,1,0,-1,0,0,-1,0,21932,27460,14509,11963,23676,27795,2376,3374,3774,3332,10628,1804,0
105737,67,2,2,-1,-1,0,-1,2,0,16729,30527,31855,32938,49327,20695,5244,8601,3375,4329,27651,729,1
65842,44,1,1,0,0,0,-1,-1,-1,50748,0,23300,33942,23045,30957,8903,0,9059,17186,16762,8019,0
47995,42,1,1,5,-1,-1,-1,0,0,16467,39261,41185,23045,12898,7101,7052,14160,15259,5333,1589,2380,1
27793,41,2,1,-1,-1,0,-1,-1,-1,22093,4969,11746,7107,7934,16269,8407,2517,4520,0,1317,6373,0
40013,57,2,1,1,-1,-1,0,5,-1,1841,5206,18838,22873,4296,19301,420,169,10621,2145,401,9853,1
167361,43,2,1,-1,-1,-1,-1,0,0,61972,38044,83452,63761,44294,122504,20829,14669,0,32055,24504,15847,0
29279,42,3,3,-1,2,5,4,0,2,17523,19591,4906,20536,7682,19001,5623,0,1791,7120,0,7751,0
65353,30,2,2,0,5,3,5,0,0,8828,36373,34030,54252,57761,20666,1418,11290,7043,1961,4718,5060,0
52938,46,1,2,0,0,0,0,0,0,39105,13444,4709,9395,25087,16262,23712,1138,695,1198,851,0,0
35306,33,2,1,-1,0,-1,0,-1,-1,19619,16729,9993,11707,8863,15245,2840,877,2838,1313,1283,1443,0
33963,49,1,1,-1,0,-1,-1,-1,-1,10169,16380,12956,9593,11437,11003,1117,0,5083,5509,0,240,0
74361,68,1,2,0,0,2,5,-1,-1,20763,28247,30708,32354,9086,36126,15972,5267,16638,3925,0,11813,0
32413,62,2,2,-1,0,-1,0,-1,-1,18731,20363,6299,9139,16523,9293,6350,6591,2026,0,4012,2597,0
190118,46,1,2,0,0,0,-1,0,0,71011,78444,40704,133474,58688,19291,6291,21303,13166,14559,13097,626,0
62973,73,1,1,-1,0,3,-1,-1,0,23763,23155,14033,9360,39970,29915,8142,2403,3675,4423,6604,8582,0
33113,73,3,1,0,0,0,4,0,4,24216,14940,20132,17036,9760,18622,3707,2405,0,5017,3888,6877,1
42440,44,2,2,-1,0,-1,0,-1,-1,20726,3554,18084,6805,25949,21681,3863,963,3885,0,9828,11376,0
46174,62,3,1,3,4,3,3,3,-1,20990,14207,15826,30499,14243,19170,16153,4923,3257,1585,470,458,0
113102,39,3,1,0,0,-1,0,1,6,59870,31755,85768,45463,33787,60752,39370,0,32812,8451,0,4706,0
29871,68,1,1,2,-1,-1,-1,0,0,17486,23783,19928,16664,14803,8119,0,2687,9170,7877,2102,3640,1
61221,41,2,1,-1,0,-1,-1,0,0,28811,30655,15062,16670,20566,31391,0,6013,4054,3582,445,7372,0
13974,34,2,2,-1,0,0,-1,-1,-1,7984,5300,3863,8371,4293,7250,399,387,2257,0,821,1722,0
130426,28,2,2,-1,0,-1,0,0,-1,55896,29063,62827,47001,48387,109053,13658,0,19478,17056,2918,40225,0
62941,66,1,2,0,-1,-1,3,3,-1,12104,5750,38314,23064,27119,29576,0,668,2008,4954,11371,8216,0
20754,37,1,1,-1,0,-1,0,-1,-1,3457,1328,17043,12334,5470,5281,793,128,0,0,1226,346,0
24732,64,1,2,0,0,0,0,0,0,5453,10282,6483,10030,11619,15069,1155,185,1026,2462,7210,6383,0
94005,25,2,2,-1,-1,-1,0,6,4,35238,42683,61440,51407,18987,26820,2403,9893,15222,21136,0,11170,0
18119,48,1,2,3,-1,0,0,0,-1,11756,11294,8073,9111,13910,7108,7137,6166,0,463,0,3387,1
61244,44,2,2,0,0,0,0,0,0,30467,6525,61244,48006,7925,35118,1419,124,32086,40550,2660,6142,0
24354,44,3,2,-1,-1,0,-1,-1,0,16532,11169,3413,379,13672,17248,1746,1943,0,60,980,5198,1
41948,30,2,1,0,1,1,-1,-1,0,9657,26381,20660,3802,17612,29791,2840,0,3334,2345,3933,10649,0
28593,24,2,2,-1,0,2,-1,0,-1,10960,4468,4472,19906,2954,6446,5758,531,876,5586,335,1145,0
32022,39,1,2,0,-1,0,6,-1,-1,21456,21815,22637,7580,23006,4365,4021,5511,6390,1793,77,2976,0
23234,46,3,2,0,-1,0,0,-1,0,10108,14098,13472,13601,9696,4167,0,2096,4821,632,880,2792,0
77464,63,2,2,-1,0,-1,5,-1,-1,51603,50928,70477,24015,47337,39335,12765,8619,15725,0,10029,14302,0
38790,45,2,1,-1,0,-1,-1,0,-1,14608,11539,11613,9216,15607,26845,4087,3017,0,2114,62,10408,0
48065,34,3,2,0,1,1,4,-1,0,9617,37106,28428,31719,4177,9353,3320,7210,6481,4203,0,1838,0
56538,35,1,1,0,0,0,0,-1,-1,45662,18057,33740,18577,15572,25410,13276,2349,1386,3495,2674,8827,0
79937,54,2,2,0,-1,0,0,-1,-1,6540,35477,47481,26167,15883,15584,2655,19461,0,9112,3305,5162,0
95647,44,1,1,-1,0,-1,-1,0,-1,63205,52330,43842,26479,32643,61431,8131,23477,2086,7377,8594,0,0
44528,69,1,1,-1,3,0,-1,-1,-1,9010,33811,35067,7458,33897,28569,2860,12891,13073,587,9178,18133,0
22858,44,2,2,-1,4,0,4,-1,6,16662,798,0,14888,6899,7981,7195,160,0,0,5391,1621,0
105295,51,2,2,-1,3,-1,-1,0,3,16258,19208,37319,22349,30241,41899,208,4814,6913,3820,3412,6964,0
35802,24,1,2,0,-1,5,0,-1,2,21162,10330,7407,10889,29988,18673,4148,371,2968,3523,0,0,0
73176,31,2,1,0,0,5,-1,0,-1,40901,9868,5661,9425,24857,43246,9223,0,926,0,7604,16944,0
50255,66,2,1,-1,0,0,0,0,3,28785,16580,17305,16200,34231,26303,7786,0,2335,0,27661,4923,1
23691,39,3,1,1,0,-1,0,-1,0,13559,5548,7963,6843,4802,6607,5826,1844,785,768,282,100,1
96765,43,1,1,0,6,-1,1,3,-1,8593,15287,32729,20055,51570,16397,1800,5636,10084,4071,0,4212,1
146429,52,2,2,-1,0,0,0,-1,0,47908,35878,125102,42579,31505,61213,7198,0,0,22978,19875,16370,0
113196,24,1,2,0,-1,-1,-1,3,0,64568,15874,64261,47607,75018,77786,31428,0,1355,0,22394,30667,0
54362,48,2,1,0,1,-1,0,0,0,34343,6931,34178,13596,27529,12083,656,2477,11031,8057,0,6114,0
179366,39,2,2,0,-1,0,-1,0,-1,27843,55534,37025,62790,71368,59817,7101,12291,7730,0,0,40020,0
12843,29,2,1,-1,0,0,-1,0,-1,2643,5523,10612,11432,6484,8219,1678,0,2876,0,765,3560,0
28189,43,1,1,0,-1,0,-1,0,-1,11096,6603,8203,5500,8321,10266,2730,2938,537,1703,1563,2145,0
33807,45,2,1,0,0,0,0,-1,-1,5038,13477,2914,16847,17232,2917,776,888,691,987,9034,0,0
213615,31,1,1,0,0,0,-1,0,-1,42517,23120,175474,52598,57254,65548,0,3547,0,14055,27354,5975,0
145909,50,1,2,0,0,-1,-1,-1,0,69253,75667,87458,97191,27300,15948,14221,43225,14500,30357,14249,555,0
12418,61,2,2,0,-1,-1,0,2,0,7603,5137,1298,0,4521,8895,2021,1032,303,0,1393,483,0
48405,35,1,2,-1,0,0,-1,0,-1,17530,18086,15493,8804,11172,14319,10844,8529,4309,0,1402,8427,0
16999,73,2,2,-1,0,0,4,0,-1,3041,0,0,8071,6884,236,0,0,0,4104,2199,19,0
47459,54,2,2,-1,0,-1,0,-1,-1,4006,27395,19954,16132,13807,43,1025,4128,4365,5364,3895,1,0
100857,62,2,2,0,0,0,0,-1,-1,56400,48763,44024,46589,45462,42104,0,0,6713,33275,4324,7203,0
106993,24,2,2,-1,-1,-1,-1,-1,1,49124,41508,55376,42523,27098,40492,20505,11475,0,7723,958,5466,0
60742,62,2,2,0,-1,0,0,-1,0,16719,46552,25306,32340,49371,19730,3426,8643,0,0,12979,5796,1
24423,39,3,2,-1,-1,0,0,6,1,4392,10633,11595,12328,4862,9898,947,2315,2142,0,1518,1030,0
63586,59,1,1,0,-1,0,-1,0,-1,10813,28550,29648,30796,24408,25737,5768,13557,3585,0,0,0,0
84679,64,2,1,0,-1,0,0,0,-1,32430,23251,35394,25989,37606,57780,3732,6645,18382,0,5268,0,0
320565,34,2,2,-1,0,0,-1,-1,-1,73796,155828,195654,78122,105719,121915,28350,31897,41668,15567,30742,12149,0
26592,35,1,2,-1,-1,0,0,6,-1,3082,9261,3880,18035,15648,7934,59,1853,787,2268,11250,3205,0
244642,24,1,2,-1,0,3,0,-1,0,93620,54291,176835,8378,183478,86656,15332,8924,11379,105,64903,0,1
83426,53,1,2,0,-1,0,-1,-1,0,11277,19650,22259,37250,13624,4510,1384,6978,5710,1531,7058,0,0
94485,62,2,2,0,-1,0,0,1,5,66787,49248,30780,8084,24950,28947,35022,2163,11273,6202,11221,1001,0
56847,43,2,2,0,3,6,6,-1,-1,31972,9582,42080,40951,8102,17230,5862,0,7662,9299,2453,12277,0
150746,29,2,2,3,-1,0,-1,5,0,58757,41151,72006,15523,48562,58346,5658,9848,0,737,7085,12695,1
63815,38,2,1,0,0,1,4,4,-1,35642,39831,19553,46541,28932,11704,9963,5029,6628,0,4681,1864,0
29172,42,2,2,3,-1,-1,0,0,-1,17190,26160,19854,8473,10616,25757,1638,6207,3205,2683,1283,5037,1
98377,70,1,1,0,-1,0,1,-1,-1,50972,39099,74397,39329,33306,33855,8889,2231,42277,0,12591,3714,0
120743,27,2,1,0,-1,-1,0,-1,-1,42329,30449,56635,70502,79608,48770,5274,7892,2515,2839,31973,9983,0
49029,39,2,2,-1,0,-1,-1,0,-1,28103,29894,20874,7545,14794,9475,3932,1268,1897,1337,2665,2588,0
13058,55,1,1,-1,0,-1,-1,0,-1,5669,3920,2302,7496,0,6642,2864,614,879,754,0,2202,0
62600,33,1,2,-1,-1,-1,0,-1,-1,20326,27693,39576,13003,9087,40769,3745,2284,10608,3469,1659,0,0
74229,68,1,2,0,-1,0,-1,2,1,19928,42013,25507,21543,45010,37677,1482,9190,363,8833,619,12959,0
33103,70,3,2,2,0,-1,-1,6,-1,26462,14302,22354,2968,25149,19626,9869,0,8263,1034,10120,129,0
46170,41,1,1,0,-1,3,-1,-1,0,31960,15560,33163,13315,17740,4656,8407,6607,0,6479,6664,0,0
197775,61,1,2,5,3,-1,0,-1,4,68891,97783,123093,116943,104202,151102,18596,20644,0,14509,17259,55840,1
10281,61,1,2,-1,1,-1,0,0,0,2970,7990,0,0,4168,1105,194,831,0,0,583,295,0
73987,57,1,2,-1,0,0,-1,-1,0,36213,26431,35655,14063,30567,37878,1823,10038,13411,8467,5310,1060,0
53443,31,2,2,0,-1,-1,-1,-1,-1,32480,17568,10023,6411,38463,8842,0,522,1209,1385,5468,5273,0
261943,23,2,2,-1,0,-1,0,-1,-1,92963,41775,100956,108259,10419,27167,33343,6828,42130,16495,1020,6176,0
48457,39,2,2,-1,0,0,0,-1,-1,16569,18092,28140,32458,37475,29810,4950,0,15823,6152,25285,4512,0
49012,28,3,2,3,-1,1,1,0,-1,24017,8684,24988,10162,24917,20961,615,0,2250,5250,0,8650,1
75847,36,1,2,0,-1,0,0,-1,-1,29864,23533,20864,16776,13313,31378,6569,3230,5376,2813,390,14832,0
52867,55,2,1,0,0,-1,0,0,0,19430,26745,32871,40013,9259,28542,4525,6406,5386,2942,2198,13896,0
200860,52,2,2,-1,0,0,-1,-1,-1,60428,60693,58749,65266,114318,74336,17122,18753,21910,0,9078,17960,0
20144,32,2,1,0,0,0,0,0,-1,6627,8321,8906,0,12051,12268,1207,390,4911,0,1374,1106,0
20121,21,3,1,0,0,0,-1,0,-1,352,17586,3722,12992,15440,3614,139,1621,430,1171,4156,0,0
125468,33,1,1,0,-1,0,0,0,4,30876,42044,44467,10254,102812,112362,10817,1146,3412,2070,3662,32373,0
60202,45,2,1,-1,0,-1,-1,-1,0,18319,48733,19923,25374,15924,46630,0,6075,2725,0,4279,21075,0
39081,63,2,1,0,0,0,6,2,2,8632,26007,11461,34205,15333,26651,878,4102,6376,11047,8489,0,1
64862,40,1,2,0,6,-1,-1,-1,0,23053,35835,0,22081,37513,33502,16041,15736,0,5649,0,3172,0
101838,36,2,2,-1,-1,-1,0,0,0,69642,26833,32104,34704,47374,57224,15568,3353,0,9426,7896,15422,0
101168,50,1,2,0,0,-1,-1,1,0,22177,16467,55904,39584,32401,55447,0,3066,32489,1231,8438,14829,0
38797,24,1,1,0,-1,0,-1,-1,-1,9654,12083,3291,17654,7597,8857,0,2548,380,10825,5530,2982,0
59291,33,2,2,-1,-1,0,0,0,0,15170,24515,32020,25297,46727,15087,5087,15923,15031,6014,3221,3288,0
47106,22,2,1,-1,-1,0,-1,1,-1,19412,16421,22409,10860,18854,21158,0,1092,0,4826,6019,4869,0
49994,49,3,2,-1,1,0,3,4,0,24042,22808,9279,21660,46765,35538,3571,0,0,0,1330,6293,1
26541,44,3,1,0,0,0,0,1,-1,7518,14696,18684,10852,25367,12311,1494,2502,4910,744,9789,4677,0
26103,52,1,2,0,-1,0,0,-1,-1,6448,7060,12263,12668,2626,12794,3993,1544,4470,149,612,509,0
83943,54,2,2,-1,0,0,-1,0,0,50369,7031,18186,61154,41069,56868,18609,1049,3553,30473,3581,10331,0
53221,42,4,1,-1,-1,0,1,1,6,17602,23649,20301,3751,9992,32138,6495,11548,13722,2122,917,9006,0
212928,67,1,1,0,0,-1,-1,0,0,84937,131048,168994,101775,33759,167613,0,0,45804,11556,11499,58306,0
17103,70,2,1,0,-1,-1,-1,0,0,740,7408,9904,13797,11424,8472,0,0,687,4214,884,0,0
32435,26,3,1,4,2,0,6,4,5,17643,10247,10293,16369,13648,21777,3746,3344,6416,5702,10011,5861,1
57076,70,1,2,-1,5,0,0,0,-1,31921,19288,21451,14879,20060,32684,11843,2494,10536,5523,0,0,0
24993,31,3,2,0,-1,-1,4,-1,0,19527,2931,3301,862,13510,13081,1985,214,2225,126,7382,5360,0
14288,34,2,2,-1,-1,0,0,-1,2,5365,5056,752,7457,11642,5347,391,519,44,1574,309,679,0
14622,49,3,3,0,-1,-1,4,-1,2,7559,2824,6571,8901,8212,2868,308,1342,0,2716,4244,0,1
60865,22,2,1,-1,-1,0,-1,0,0,16817,9123,26819,26423,16422,25371,3313,1617,9378,9287,3219,0,0
32866,40,2,2,0,5,-1,-1,-1,0,6585,3433,11778,11192,12922,30072,4960,0,1882,3224,0,4227,0
25307,31,2,2,-1,-1,-1,5,-1,0,14308,14833,6596,6905,13230,4388,2220,3027,1662,0,834,2081,0
215515,47,1,1,0,-1,0,0,-1,0,49787,138271,73630,58010,33378,140271,2365,39338,0,3242,6172,66691,0
327412,64,2,2,4,-1,3,-1,-1,0,139808,184322,206618,116757,55264,60099,63451,0,95985,15678,2015,12367,0
32799,70,3,2,0,2,5,4,6,0,14393,13808,8999,15483,11326,19432,0,4865,0,2873,1232,0,1
10317,32,3,2,3,6,1,2,4,6,5291,5707,7401,346,5182,2350,5,997,0,54,1091,335,0
47119,50,3,2,4,4,1,0,-1,-1,22487,21015,24140,9006,16484,9819,6308,9444,2674,268,6535,1373,0
10000,46,2,2,-1,-1,-1,0,0,0,0,4549,2573,6908,4365,95,0,236,901,0,1237,15,0
16645,43,2,2,2,-1,-1,0,-1,1,7816,8803,12175,10666,0,5574,2690,0,0,2820,0,1630,1
68249,55,2,2,4,-1,0,-1,-1,0,41494,35725,35758,26897,45924,26904,11879,13195,7582,11848,18986,0,1
16203,74,2,1,0,-1,0,0,0,-1,3592,8190,8763,9644,11730,4516,2091,0,1910,0,1220,0,0
38683,42,2,2,0,-1,0,0,0,0,8339,15571,30008,19720,19464,10729,1899,3224,12548,0,890,0,0
20943,24,1,2,0,-1,0,-1,-1,0,0,10150,7779,3317,7573,14379,0,0,221,75,1321,7667,0
71788,70,1,2,-1,-1,-1,-1,-1,-1,9008,41101,53115,39084,13668,39698,3109,0,14633,2753,2258,10673,0
120402,71,2,2,-1,3,0,2,-1,-1,37800,16808,20837,16788,49437,75509,11678,3198,0,0,5337,16735,0
42032,38,1,1,0,-1,-1,-1,0,-1,18466,40046,13991,34114,24202,21092,0,0,2031,15394,314,6678,0
67571,48,1,1,1,0,0,0,0,0,22534,28987,23112,16252,13763,17270,6713,653,1113,4315,1257,0,0
35731,67,1,2,-1,0,0,0,-1,6,5063,10153,16444,2042,18303,22177,2628,1079,7623,548,0,0,0
26993,48,2,2,-1,-1,0,1,-1,0,12981,10667,0,11643,13918,18251,5074,224,0,1503,761,4919,0
17645,46,3,2,-1,0,-1,0,0,0,4647,1468,3411,7671,2789,10980,1834,541,1210,204,2171,0,0
91926,70,2,2,0,0,0,-1,0,3,25906,79500,41989,44547,3080,34948,5833,8774,0,26918,363,11234,0
11075,65,3,1,-1,0,-1,5,1,6,4241,2380,3319,4657,5973,3286,2006,162,961,0,690,427,1
26313,48,3,2,0,0,-1,-1,3,0,6951,11929,10561,14781,1367,13405,0,0,0,3435,263,0,1
95256,29,1,1,0,-1,-1,-1,0,-1,65606,51023,52394,46431,7091,41607,23076,13844,0,30915,3865,2414,0
142103,44,1,2,0,-1,0,2,-1,0,11429,71601,31679,46843,50342,30979,683,22581,15370,22110,28435,11412,0
97631,57,1,2,6,0,-1,0,-1,2,30236,19714,2503,18369,11107,44610,1811,3048,50,1839,4421,21238,0
64754,35,1,1,0,0,-1,4,0,-1,42641,25447,25062,16389,13863,8286,0,2683,1664,6594,6660,0,0
31097,50,2,2,-1,-1,-1,-1,0,-1,7520,18475,17348,7957,5342,11192,184,2652,716,3215,0,660,1
143878,56,1,2,-1,-1,-1,0,-1,0,53011,26666,69280,42409,8895,62782,15796,3609,5517,3118,2147,14673,0
17146,25,3,2,-1,0,-1,0,-1,6,17,3603,7465,14614,11418,3466,2,0,0,4019,2236,424,1
24791,51,2,1,1,6,-1,-1,-1,-1,9269,5850,10847,10037,5227,3606,0,2668,0,2267,2513,626,1
144639,60,2,2,-1,0,0,0,-1,0,23119,20063,39093,109788,114258,28271,3927,1517,16075,24998,12380,20368,0
45776,32,4,2,3,6,-1,-1,0,0,17264,7345,21991,17320,9584,33903,1228,3187,3668,0,652,4579,1
47089,50,3,1,6,-1,2,-1,6,4,42378,14633,9816,30314,17261,23873,9529,460,2652,7077,12093,0,1
79129,59,2,2,-1,0,-1,-1,-1,0,27509,32491,40541,44344,9168,21814,0,21991,8297,15534,1176,3241,0
45438,23,2,1,5,1,1,0,0,0,13184,5582,7348,12330,11993,28254,1238,449,3039,4006,1116,5075,0
10863,55,3,2,1,-1,-1,6,3,-1,1965,7003,7447,576,189,2152,704,3322,1069,196,17,1106,0
59930,35,2,1,0,0,3,0,-1,-1,13039,30499,15896,38426,35470,16415,699,3221,10343,19946,5469,8573,0
33817,42,3,2,5,4,6,4,-1,2,9345,7608,7960,10702,12972,2679,689,1935,2420,0,2549,488,1
34517,55,1,2,-1,0,0,-1,-1,0,10169,14511,6396,6567,2398,16229,0,3963,2543,0,782,3394,0
20511,21,2,2,-1,-1,0,-1,-1,0,2405,3224,6139,1820,6598,4452,451,578,0,8,5082,1057,0
47229,21,2,1,-1,-1,2,0,0,-1,6713,12838,32649,25322,35339,19865,1590,5696,1772,11378,8904,10626,0
23161,45,1,1,-1,-1,0,0,0,-1,9062,12169,13209,12957,11414,13222,4483,966,205,4155,3271,5114,0
61190,72,1,2,-1,1,0,0,0,-1,32705,16558,18887,16569,21343,10825,10349,3049,4001,7902,15179,1402,0
55561,21,1,2,0,-1,0,-1,0,-1,21481,38975,48496,39370,13242,30298,2554,24973,0,5731,4226,2643,0
62389,63,1,1,-1,-1,0,2,1,-1,16172,11110,16097,38150,27491,29160,1040,577,5798,582,0,9246,0
94712,25,1,1,-1,-1,0,-1,0,-1,6120,22659,48624,26372,21514,38627,2122,1483,8318,4910,5552,0,0
80624,47,2,2,-1,0,0,0,-1,0,52754,35854,18914,34724,8639,40535,13681,0,4147,15469,2375,10304,0
27744,44,2,1,-1,0,-1,0,-1,-1,12696,14938,6873,17686,6903,14699,618,874,800,2796,3271,0,0
98305,46,2,2,0,-1,-1,-1,-1,0,23293,64560,50269,41559,45107,17146,1311,6005,1413,8978,0,0,0
41130,25,2,2,0,-1,0,-1,0,0,15639,6866,31363,16245,18889,27263,1084,0,6815,3097,2709,6652,0
279040,61,1,1,0,0,0,-1,0,-1,80745,73653,83911,115663,153643,131009,32274,35894,14964,28204,0,66637,0
21482,35,3,1,-1,0,0,0,-1,1,4174,9988,14510,5187,8577,8522,0,1009,0,932,2107,0,0
18909,62,1,2,5,0,0,6,2,0,11528,9336,9169,7861,10571,2517,3972,2343,0,4900,0,468,1
133704,56,1,1,0,0,-1,0,0,0,78038,62325,42132,81329,59840,34996,4561,11788,12420,37335,14695,10586,0
68905,50,2,2,-1,-1,-1,0,-1,-1,29230,6116,28280,5919,9857,37436,5248,1635,8633,2042,784,0,0
89738,37,3,1,0,0,-1,4,6,4,23134,38049,28703,29244,40339,69232,9004,9134,7640,11642,22681,18457,1
43960,56,4,2,0,0,0,0,0,0,22222,15967,19956,23020,20417,20159,2779,2718,1437,8429,1772,10579,0
318700,74,2,2,-1,-1,0,0,-1,0,92710,106407,104221,145733,162922,48962,0,27079,0,0,74738,13468,0
42145,70,2,2,-1,-1,-1,-1,0,-1,27834,3155,8797,33833,19006,22178,6060,115,0,0,5551,9260,0
113214,70,2,1,-1,-1,0,-1,-1,0,58340,63715,74755,65374,44798,53914,3203,9899,2583,0,0,0,0
32197,32,2,2,-1,-1,0,0,2,3,26500,30430,17237,22956,12543,16534,11710,1861,5282,5874,3587,0,0
101711,52,1,2,-1,-1,0,-1,-1,0,14624,29849,25527,40972,8255,21028,0,0,0,8609,1861,5420,0
118053,42,1,1,-1,0,-1,-1,0,-1,28199,102745,77614,30415,26867,73763,5589,29263,22170,15992,5614,24061,0
66794,73,4,2,0,4,0,-1,0,3,23498,13484,21281,19114,5032,10030,7736,2521,3901,0,441,0,0
63856,72,3,2,-1,-1,0,-1,0,5,26565,27487,13584,18769,10324,23665,3794,3270,5467,2569,3121,3921,0
10000,67,1,1,-1,0,-1,0,-1,-1,44,0,6,853,0,0,8,0,2,142,0,0,0
64960,29,1,2,-1,0,6,0,0,0,5676,26631,21914,40123,31953,18028,2826,7291,7635,943,2545,0,0
43320,38,1,1,-1,-1,-1,-1,-1,-1,32757,21693,23612,23555,24586,20661,21974,0,0,2034,10040,8813,0
36231,59,2,1,-1,0,0,-1,6,0,24000,25549,6669,17149,11730,16343,0,2977,3959,0,6673,9980,1
54706,61,1,1,0,0,-1,5,6,0,14881,21101,42130,43618,10453,33168,1951,1193,21840,11758,6883,6979,0
107149,39,2,1,-1,-1,-1,0,0,-1,8664,45602,38730,69917,12429,21379,0,26825,0,28702,6358,0,0
80703,28,1,1,0,0,0,3,3,4,14858,18321,27889,5374,43675,29140,2806,2808,9068,1970,10099,9559,0
45727,28,1,1,0,0,0,0,0,-1,30374,12343,13285,28625,21138,22801,16354,7628,1060,6790,5421,4628,0
21202,57,1,2,-1,-1,-1,6,2,3,11666,381,0,6091,7381,6326,4243,105,0,54,1757,607,0
167116,45,2,2,-1,3,0,0,-1,-1,35114,99524,36826,60082,43847,58199,8067,10232,169,0,6165,984,0
40889,47,1,1,-1,0,3,-1,0,0,28512,16028,30323,15763,26152,15402,8997,11784,10362,799,8147,6443,0
44153,65,2,2,0,0,-1,-1,-1,1,20625,4673,15325,26609,5312,13391,12995,348,0,9108,2196,3842,0
271331,21,2,2,0,0,0,0,-1,-1,94455,78639,61091,102950,206214,112438,26188,24040,19785,28775,39277,11917,0
29849,61,2,2,0,0,0,0,0,0,11613,14893,16110,11331,1118,2568,4844,4749,2762,5446,503,707,0
55046,35,1,3,0,0,0,1,-1,3,5823,19951,13185,21580,595,11096,2141,4835,6012,1248,346,895,0
59026,71,2,1,0,0,0,-1,-1,0,34580,5947,33227,32250,18975,20122,13717,2411,22706,20649,0,2742,0
18990,72,1,1,2,-1,-1,-1,-1,0,2410,7363,10051,5155,7449,10195,673,353,460,0,1924,2192,0
12364,48,2,1,4,0,0,0,4,5,5872,7217,6721,759,811,4788,1794,3142,957,297,0,2440,1
33346,38,2,1,-1,-1,0,0,-1,-1,12869,15110,0,17104,6741,28083,4072,378,0,4560,3187,0,0
23997,33,3,2,-1,-1,-1,-1,5,3,6189,13480,6017,3125,8684,14512,2078,9555,342,380,263,0,0
38204,30,4,1,0,-1,0,-1,0,5,12057,13396,14821,12073,21485,18412,4991,7453,7932,4184,10936,11893,0
22417,74,2,2,0,0,-1,-1,-1,0,3585,11310,17316,7602,11150,13379,560,3024,5970,4064,0,0,0
48557,31,3,2,-1,-1,0,0,3,0,23052,23599,6495,16340,12713,22793,11664,2008,2337,0,0,4974,0
12223,45,1,2,-1,-1,6,-1,-1,-1,4656,3812,115,10055,5965,7659,2552,593,11,5604,591,3213,0
46340,46,2,2,-1,-1,4,0,-1,1,20766,21015,10613,16110,22205,19146,11572,12304,4349,371,10954,4118,0
91547,57,1,2,-1,0,2,-1,0,0,32945,22765,72662,33762,13930,32374,11097,2713,32117,0,9341,397,0
89252,66,1,2,-1,0,-1,0,-1,0,58872,57633,55499,57835,33311,11145,11636,19143,13877,15644,0,1923,0
43035,51,2,2,-1,-1,0,0,5,-1,12007,26542,23043,16016,20005,5631,3306,5730,1064,4626,3141,1772,0
28903,61,2,1,-1,0,-1,0,-1,-1,12798,6257,14047,15568,22134,10800,2196,1030,8526,7111,8896,6614,0
42045,51,2,1,-1,-1,0,0,-1,-1,20576,19187,17717,18294,5658,7433,5153,7841,3394,0,1525,2236,0
92087,44,3,1,-1,1,0,1,-1,2,71199,20315,20676,68374,40093,2333,23152,6689,9210,2824,5453,1002,1
30346,29,2,2,0,-1,-1,0,0,0,19501,16532,7216,9896,17573,3182,227,5111,4033,149,3007,142,0
75042,32,3,2,0,0,-1,4,4,0,58254,5377,40269,15881,30851,6103,23556,1924,0,5587,5682,2078,0
85231,44,3,1,-1,-1,-1,6,4,3,23395,20153,8744,42820,29994,33566,10465,3777,6580,9299,1181,0,0
10000,23,3,1,0,0,-1,0,-1,0,3935,3244,4359,1286,2563,2565,2403,0,2500,0,318,0,0
61941,38,1,2,-1,0,0,-1,0,0,11077,5313,41470,21440,15607,29977,398,3005,5862,1019,610,5137,0
22422,45,2,1,5,0,-1,-1,0,0,16051,17298,13715,11847,5293,5858,8860,0,0,690,577,589,1
14743,46,2,1,0,-1,2,6,0,0,12188,751,5786,10146,4235,2464,5286,551,2766,6825,1410,229,0
64663,64,3,1,-1,5,4,0,0,-1,33901,37217,37568,29532,27324,21979,2014,14470,19329,0,4645,10206,1
100220,73,1,1,1,5,1,0,0,0,30939,29480,55651,41281,23512,27194,9859,2008,21405,4533,3504,9021,0
84731,60,1,2,0,-1,0,-1,0,-1,31628,48897,22575,35124,23914,37174,10410,7653,12323,16352,10771,15236,0
28798,25,1,1,-1,-1,-1,1,5,4,12236,23077,6363,5107,5926,13701,0,2312,2435,0,660,1759,0
81214,43,1,1,6,1,1,2,0,2,50675,27310,47049,13936,39586,17570,10981,0,6096,7767,11836,7707,1
17182,60,2,3,0,-1,2,0,-1,0,12311,12582,7386,8724,3123,1035,400,5955,2850,804,915,351,1
73004,53,1,2,-1,0,4,0,3,-1,64181,25533,55374,28239,8922,41376,16540,2279,1420,5035,1609,8142,0
28875,45,2,2,0,0,0,-1,3,0,20094,7987,6280,11426,22139,3457,4721,1915,0,2538,6764,520,0
113622,44,2,2,0,-1,0,0,4,-1,46490,25100,26383,86240,22590,25479,0,8047,3163,40203,10664,14249,0
36661,42,2,1,0,0,-1,4,5,3,16653,24670,25393,14822,10753,15240,4389,4510,11902,2357,2214,5735,1
82575,52,1,1,-1,0,-1,-1,-1,0,15706,58072,58191,58703,51225,33173,3964,8072,3492,28316,6359,13418,0
59082,30,2,1,-1,0,-1,-1,0,-1,9831,17493,19509,14146,17517,23505,1322,841,3945,4836,5663,3496,0
46136,48,2,1,-1,5,-1,-1,-1,0,12874,26793,4506,13027,17017,21292,737,4737,2024,2666,0,1463,0
37331,32,4,1,6,2,4,-1,6,1,10050,20093,3909,7136,25716,31570,4381,0,629,1156,7170,4795,1
62506,57,2,2,-1,0,0,0,0,3,5372,42045,18078,37613,18841,28530,1937,16217,8701,7087,5670,3630,0
16750,67,4,1,-1,0,-1,-1,-1,0,0,13465,4612,12612,12058,3767,0,0,1403,1559,3192,1052,0
94733,48,1,1,-1,0,-1,-1,0,2,72807,66243,33466,48239,53358,39504,0,22615,0,0,0,13282,0
97840,41,2,2,-1,-1,-1,0,-1,-1,81292,60821,5579,60094,27615,7776,35007,23396,833,15440,11331,989,0
67364,71,2,1,-1,-1,-1,0,-1,0,24338,23622,27541,14594,19398,15952,8846,1031,0,3520,0,0,0
36925,56,2,2,-1,6,0,5,-1,-1,25342,11914,8829,10231,8616,11085,0,5231,3153,2808,1076,647,1
56360,44,2,1,-1,0,0,-1,0,0,6490,29487,7188,30700,5171,16158,946,0,0,3744,2545,2707,0
51300,22,1,2,0,0,-1,-1,5,-1,33956,16427,20134,12145,9467,10094,8066,6059,2091,7214,0,4817,0
62409,21,1,2,-1,-1,0,-1,-1,-1,15417,29239,26978,9422,12634,10895,4035,8471,8115,3861,1418,8040,0
13268,32,3,2,-1,1,3,0,-1,-1,6907,2111,2196,12829,0,4362,1300,254,332,8267,0,726,1
147864,33,2,2,-1,0,0,-1,0,0,38302,82261,105070,110226,88958,99218,24766,0,61613,26502,0,21755,0
322823,59,1,1,-1,-1,0,-1,0,-1,178948,129094,39455,183504,162102,62060,38232,44794,0,14216,8388,7483,0
27913,48,2,1,-1,1,6,4,3,1,8480,14860,21518,13050,9155,7559,3838,4863,1620,1084,4326,0,0
91944,74,2,1,0,0,0,6,0,4,51034,42143,32577,24648,47486,38108,35333,18848,21634,0,17389,10162,0
157360,50,2,1,0,-1,5,-1,-1,0,119782,68954,84313,45558,23082,127502,9772,0,14500,19735,369,19533,0
31900,69,1,2,-1,0,-1,0,-1,-1,16864,13813,18862,21105,5822,3970,1682,2398,12075,3783,993,843,0
10000,50,3,1,0,5,1,-1,-1,0,3542,3844,650,2136,1888,7553,575,2005,0,682,142,749,1
164956,40,2,1,0,-1,0,3,6,-1,103926,52163,53573,101553,74970,82339,32947,13170,2602,55097,41723,9824,0
48617,59,2,2,4,2,-1,-1,0,0,1293,31537,32310,29979,32039,21682,60,3687,0,14762,6110,7434,1
32351,45,2,1,-1,0,-1,-1,0,2,2735,4064,22313,576,25780,16614,695,0,3091,74,6553,2187,0
50912,35,2,2,0,0,0,-1,0,-1,14511,5825,427,18374,33859,1424,4248,3618,112,7788,0,0,0
51083,46,1,1,0,3,3,4,0,-1,13027,11854,14123,32468,13432,34924,4829,1372,1668,8976,1159,4300,0
366184,56,3,2,0,-1,0,2,2,1,202872,180723,101244,115714,175610,113388,30031,76156,40565,0,78269,41252,0
44887,41,1,1,0,-1,0,3,0,4,35686,22338,15537,9906,23750,25442,7688,12256,5791,3122,2523,10566,0
44586,59,3,2,-1,-1,-1,6,3,-1,33223,31559,8079,1157,19098,28815,0,20097,0,417,0,15441,0
96482,73,3,2,3,0,0,1,2,5,27651,41036,12491,35642,28655,25102,10395,16438,2812,20750,1238,8886,1
137302,43,2,2,0,-1,1,0,0,-1,105987,93975,63341,78059,23999,25708,24214,0,36546,11058,16631,0,0
117805,36,2,3,-1,0,-1,-1,-1,-1,35897,50156,91611,18826,57414,13559,13517,35943,28582,3967,6700,0,0
48821,42,1,2,0,0,-1,0,-1,0,16868,20224,6757,16473,13357,5419,5481,6327,2356,2407,895,4397,0
43404,66,2,1,-1,0,0,0,0,-1,18610,3804,9553,33631,21586,9120,1266,0,2524,6282,9875,4330,0
10000,30,2,2,1,-1,0,-1,-1,0,8892,3748,1649,2565,6260,4466,192,2232,491,287,2120,2299,0
64658,73,1,2,5,6,0,-1,-1,0,21898,6991,50615,24082,24138,44910,17209,0,1682,9348,0,29405,1
70454,43,1,2,0,2,2,-1,-1,-1,17622,22027,14785,22857,58515,22401,13521,4651,8438,2678,16140,14276,0
62112,66,4,2,-1,-1,-1,-1,0,0,20748,16981,486,20329,17554,8521,1822,0,245,10925,2047,4277,0
288618,63,1,2,-1,-1,-1,0,-1,-1,136549,98391,122243,141536,121389,117783,37803,18370,36014,36831,46406,81200,0
121239,63,1,1,-1,-1,-1,0,0,-1,13317,13620,50800,40224,75624,50596,277,7316,9450,4608,30326,14524,0
161617,70,1,1,0,0,-1,5,5,2,58269,84757,109944,73204,44437,79698,4041,20750,46547,0,22586,0,0
48340,30,2,1,-1,0,0,5,-1,0,4983,11246,17197,7553,8468,14763,2941,7093,8219,1410,0,0,0
136959,53,2,2,-1,0,0,-1,-1,-1,75665,20056,70515,86587,55728,31099,14060,9423,0,53574,8842,2880,0
49459,26,2,2,-1,-1,1,0,-1,-1,22155,8019,21541,3609,25113,10068,5389,0,6355,1174,1347,918,0
122086,37,2,1,0,0,-1,0,1,-1,64982,59197,34628,65567,28035,42056,12435,10317,5184,12751,6730,526,0
130623,23,1,2,-1,-1,-1,0,-1,0,48259,40836,47131,22573,58788,20841,6504,14526,5047,5837,5337,768,0
67116,57,2,1,-1,-1,0,0,-1,-1,35978,30091,53094,17903,24612,18289,0,10353,31864,0,7467,11104,0
20008,53,1,1,-1,0,4,0,0,0,6199,10863,9570,11414,5549,10413,1612,3354,1168,223,1871,0,0
82289,60,3,2,-1,-1,3,0,-1,3,44452,5518,14823,25394,33585,18332,5798,2758,0,297,14210,8717,1
92872,30,1,2,-1,0,6,2,-1,0,23124,3792,48043,20390,7967,16994,14355,2336,11566,0,238,1984,0
120394,38,1,1,0,-1,0,0,-1,0,27204,34500,30754,39507,15743,47943,0,2615,11350,9234,3744,17714,0
62996,57,2,2,-1,0,0,0,5,6,21927,21821,23388,14273,3758,18969,10388,0,0,3569,2663,10083,1
101236,65,1,2,0,0,0,2,3,5,12769,17045,18015,43193,63633,23840,8120,4890,14132,21272,0,5812,0
138763,68,2,2,-1,6,3,-1,0,-1,51062,51754,70104,58545,72943,67809,23863,0,33352,23838,9894,13435,0
33552,24,2,2,6,1,6,0,-1,-1,9040,21024,15382,9024,7556,9441,2089,3925,1167,0,745,0,1
49883,42,3,1,4,3,4,0,0,0,34602,11092,27076,28376,13367,15177,0,581,6188,2696,2284,1669,1
36846,21,1,1,0,5,-1,-1,-1,5,23895,22735,14049,19891,10833,16524,16035,17347,3450,7041,6275,4854,0
77757,65,2,1,-1,-1,0,-1,0,-1,13044,25265,24834,27228,61816,12522,814,8060,7755,4746,32038,1692,0
59935,27,2,2,-1,-1,-1,-1,0,0,26792,57462,44614,12855,5008,11041,849,23142,10897,7620,663,2353,0
41427,65,1,1,-1,0,-1,-1,-1,-1,12337,10848,10317,8649,12981,19855,1000,438,5998,1191,8800,3936,0
52835,29,2,2,-1,-1,0,-1,-1,0,9094,27000,22039,7136,13285,22381,0,3869,0,4655,0,0,0
21771,21,3,2,-1,2,-1,1,-1,3,9576,2070,11559,1316,6639,1553,149,366,3881,539,766,820,0
36228,68,2,2,0,0,0,0,0,-1,11458,31736,8748,8071,14760,4495,857,0,1092,2239,0,2083,0
45577,44,3,1,5,6,-1,4,4,2,10077,20373,11004,3692,16770,13464,6130,7904,0,1471,8557,7394,1
60761,43,2,2,0,0,-1,-1,0,-1,22686,21334,43355,21017,29836,23466,14989,1533,0,610,1120,0,0
10547,55,2,1,-1,-1,-1,-1,-1,-1,7905,2099,3881,4162,2583,7749,2803,489,391,1722,1225,0,0
46152,35,3,2,1,4,0,-1,-1,0,8157,17755,23411,10375,17726,14331,0,2592,8555,285,1341,4127,0
53841,58,1,2,0,0,0,-1,-1,0,18666,22303,29461,19450,23672,11024,0,0,6506,1337,408,124,0
35191,44,2,1,-1,0,-1,-1,0,-1,4896,17473,5688,3807,11734,11897,2122,3815,1638,1295,8366,2539,0
19896,35,2,2,-1,0,0,-1,-1,-1,4909,15196,13345,11187,11938,8881,0,4841,5898,1813,1094,1448,0
33090,42,3,2,-1,1,0,-1,0,6,8831,7408,2898,9166,11257,12098,0,3587,871,4060,3765,2112,0
22582,21,3,2,-1,0,-1,2,0,-1,710,7706,3866,6189,4370,5772,237,1796,470,2125,1463,1820,0
190097,37,1,1,0,0,0,3,-1,-1,150132,61456,54793,85798,55272,138231,25574,31899,10854,3326,0,23836,0
12093,52,2,1,-1,0,-1,0,0,-1,0,4007,556,811,5155,298,0,373,248,300,1452,33,0
31740,28,1,1,0,-1,0,6,0,-1,9406,37,8745,15412,22821,10022,2520,0,2366,3472,5306,3902,0
21476,27,2,2,-1,-1,-1,-1,-1,0,1254,8334,5867,3486,3678,7582,641,69,2300,579,100,3924,0
60290,56,2,1,0,-1,-1,-1,0,-1,37496,28503,39626,16220,20723,41861,19192,5390,0,0,5714,0,0
175426,44,1,3,0,0,0,-1,-1,0,48397,9271,18861,75501,11312,15601,16004,3189,1795,38609,0,0,0
51319,28,3,2,-1,-1,4,2,4,-1,10434,45084,22686,2118,13438,23763,2667,19947,9705,0,4395,0,0
20420,61,2,1,6,1,6,0,-1,-1,7777,2059,6652,11068,9561,5654,1008,495,2332,4082,3804,1343,1
34773,62,2,2,1,-1,-1,1,5,-1,13287,11142,23184,4172,1570,13780,5566,4588,6779,718,798,3177,1
17961,22,3,1,-1,6,0,-1,-1,1,2395,7896,11257,14163,5330,10882,1319,673,7479,4207,683,1885,0
73584,31,2,1,0,0,-1,0,-1,0,29404,45211,31280,65518,31355,50292,13898,12891,15865,15085,937,17384,0
34212,40,2,1,-1,-1,-1,-1,0,0,8443,0,1108,17744,28231,3291,564,0,0,1351,4725,1357,0
22164,60,1,2,0,-1,1,0,0,0,6892,9916,5512,17821,2267,3728,2682,3888,0,3492,1134,1008,0
109561,24,1,2,-1,0,-1,0,0,-1,56199,61021,38469,46429,40831,35470,10693,16802,0,26054,25805,6442,0
188542,64,1,1,6,2,0,-1,0,-1,85164,102423,40634,102524,136782,82485,0,27034,0,14870,48776,8447,1
59488,38,1,1,-1,0,0,-1,0,0,25419,49345,45884,26252,24894,31704,6965,8726,0,9027,9667,6005,0
75568,27,1,1,-1,0,-1,-1,0,0,18537,28285,57342,12025,23523,28495,2464,6395,5079,1743,11632,933,0
14690,67,2,2,2,5,0,-1,0,5,2759,14631,7670,5216,8189,8565,764,0,3756,990,1684,2395,1
10000,25,2,1,0,-1,0,-1,-1,5,10000,4442,6293,2891,8223,8697,2287,2133,0,1024,0,4104,0
15634,27,1,2,0,0,5,0,0,-1,7095,10319,3840,3661,9119,3395,1413,0,0,1027,1030,365,0
47297,72,2,2,0,-1,-1,-1,0,0,8274,32076,22859,19934,4517,31474,0,4675,11901,2466,2021,3636,0
26821,49,3,1,2,6,-1,-1,0,0,6218,0,17315,10277,12269,3699,4282,0,6498,5292,5183,0,0
106240,46,1,2,-1,-1,3,2,1,4,62688,41590,59332,58238,21929,40790,15656,0,41266,25459,5492,24390,0
41851,58,2,2,0,-1,-1,0,3,3,7765,10471,32687,7008,17856,11313,1099,4770,3947,5685,9765,2917,0
151248,55,1,2,-1,-1,-1,-1,0,0,74331,23788,124930,28695,9860,62758,0,9751,28791,10252,2212,28245,0
98500,54,2,2,-1,-1,6,0,0,0,26558,78476,45791,36010,27173,29840,7731,7361,8964,10706,10138,12999,0
37874,22,2,2,-1,0,0,0,0,-1,3651,4383,20721,4195,4963,2846,303,295,9334,1108,574,1015,0
30752,50,1,2,0,0,0,-1,-1,-1,10682,7092,20960,27713,16208,4557,2522,2215,8314,3561,0,0,0
14817,36,1,1,-1,0,0,0,-1,-1,5791,0,9166,4876,2095,8259,956,0,0,235,747,4701,0
108031,64,3,2,-1,0,5,3,4,2,54015,55810,13948,14104,55953,43368,2838,4775,5025,3782,13708,6661,0
32288,48,1,1,0,0,0,0,-1,0,3352,6067,10399,3486,9530,27789,1270,2115,1994,237,2224,9312,0
14806,27,2,1,3,2,0,-1,-1,-1,7601,4695,6403,1759,7833,7415,1440,1139,502,436,1546,1361,1
54387,68,2,2,-1,-1,1,-1,0,-1,8340,14502,10696,34506,16173,18107,2789,1978,2595,2233,1662,3345,0
20877,36,1,1,-1,0,0,0,0,0,20458,17474,15798,1374,7101,7764,4416,3097,2628,124,391,1269,1
54343,35,2,1,0,0,-1,-1,0,-1,16332,24756,14143,15667,32055,23962,8069,3970,2488,6715,20754,0,0
37457,71,2,1,0,-1,0,0,-1,5,17735,25213,20532,21015,6075,13252,3376,7525,0,12677,2310,0,0
143690,62,1,2,0,0,-1,0,6,1,17534,82364,21054,30903,60160,31595,4270,9058,864,17120,23700,3713,0
67015,67,3,2,1,4,1,-1,0,-1,26221,33654,31149,21258,35767,50132,9040,2648,10040,0,1817,14377,0
118498,56,2,1,0,-1,0,0,-1,-1,78857,68659,95664,65881,94658,38735,21054,7185,41366,36622,20774,12433,0
57815,70,2,2,0,0,0,-1,0,-1,16126,4227,17390,1025,12474,6303,1971,1503,9308,44,679,3082,0
34537,27,1,2,0,0,-1,-1,-1,-1,10849,8324,7982,8174,25417,27321,971,2426,1915,525,5901,1422,0
29940,53,1,1,-1,-1,0,3,-1,0,1198,1144,18156,6799,17897,4986,669,216,4919,1599,3318,1657,0
32062,36,2,2,-1,-1,0,0,-1,0,10745,12420,7438,5412,20649,17340,4383,667,836,0,9416,611,0
241692,42,2,1,-1,0,0,-1,-1,-1,98606,84923,114260,63996,103192,180510,1671,15525,39898,19792,4068,48244,0
56225,33,1,2,0,-1,-1,0,0,0,34597,11965,33495,32216,50496,36427,0,5277,0,21334,7089,0,0
55760,32,2,2,-1,3,5,0,-1,-1,15607,34823,19978,34741,31704,22143,3701,116,4747,0,0,0,0
165194,44,2,1,-1,0,0,0,-1,0,27001,83647,124123,45435,102900,60134,7947,0,10037,12852,12719,7501,0
84133,70,1,2,0,-1,1,2,0,-1,42384,6894,61144,53378,44760,23798,0,0,7117,0,8054,0,0
26932,55,2,1,-1,0,-1,-1,0,0,5931,4404,3400,7948,6294,7815,1245,309,0,0,872,3738,0
87915,39,2,2,-1,-1,0,0,-1,-1,52424,30115,55788,61618,24646,15766,0,3894,4343,19177,8523,6413,0
34794,44,2,1,-1,-1,-1,-1,-1,-1,7587,19324,0,9554,27216,9009,3593,2230,0,7413,14250,4370,0
61777,49,2,2,0,0,-1,-1,0,3,13158,19155,37560,41964,20860,11561,0,7159,25596,14568,3791,0,0
73845,34,2,2,0,0,0,-1,-1,-1,12644,43703,25235,16191,41670,20325,6221,4791,0,2211,7872,0,0
23106,49,3,1,0,4,5,-1,4,-1,16972,14014,0,9293,16355,5106,4120,579,0,1482,2953,0,1
56902,58,2,2,-1,0,-1,6,0,0,37476,5209,17670,22598,25346,18013,13371,3645,183,4737,13667,1619,0
176316,34,2,1,0,0,0,-1,-1,-1,91809,87048,66204,81773,61009,124054,20643,14770,15468,19532,12492,74415,0
29696,52,2,2,0,-1,-1,0,-1,6,0,2632,3001,22662,2818,19450,0,166,0,0,0,9149,0
98404,59,3,2,0,-1,-1,2,-1,0,38051,40558,35407,15148,14045,56439,10513,3312,7862,476,1097,14849,0
21395,49,3,1,0,0,3,-1,0,-1,1795,9786,9084,18223,7767,11655,0,6565,1186,5463,2541,2882,0
290142,36,1,1,-1,0,0,-1,0,0,227196,44555,128011,55091,91187,198980,20411,4420,44029,2005,45843,13318,0
34616,50,1,1,0,0,-1,0,0,3,9987,10646,7239,12122,5365,13813,2729,3525,1272,4237,1758,379,0
35771,63,2,2,0,-1,-1,0,-1,0,8281,19927,14060,9360,23230,15646,1281,0,682,2525,3397,5498,0
114683,32,3,2,-1,0,-1,0,0,-1,30645,38368,40510,44628,36993,93401,22127,0,16620,5196,4148,0,0
118789,52,3,1,-1,6,3,0,0,0,41967,92742,68899,67361,38801,19812,19207,0,4557,7614,5624,5502,0
94347,57,2,1,-1,-1,0,0,1,-1,24705,20285,5107,3686,32802,20145,10817,2622,1311,0,0,908,0
28882,38,1,2,0,6,1,0,3,5,9958,10081,22175,18134,14592,11322,1770,1065,1809,2428,3457,1200,0
36653,41,3,1,-1,0,-1,-1,-1,0,4117,24992,10393,4798,20020,18995,108,0,3106,717,7119,5093,0
68697,68,1,1,0,0,-1,6,-1,0,13519,43800,28968,40591,40586,35512,2795,17366,0,11927,14505,16541,0
24719,40,2,2,-1,0,3,-1,0,-1,805,15300,4084,18816,3771,4690,173,1869,372,5681,495,1134,0
85602,53,2,1,0,-1,-1,-1,0,-1,44172,33267,74694,33021,9615,25901,8952,11081,32240,0,4021,7573,0
26334,29,2,2,0,-1,0,0,-1,0,8310,4173,9067,14166,18101,6766,2890,0,0,4135,6787,1793,0
17457,71,2,1,-1,-1,-1,-1,0,0,11909,8581,10284,8223,8759,5091,2218,1413,919,2409,1889,668,0
18765,53,1,2,-1,-1,-1,-1,0,-1,10832,211,9569,663,9198,387,6859,31,0,210,791,49,0
270035,62,1,1,0,-1,0,-1,0,-1,97945,214331,191045,182619,93480,99222,23790,130616,29208,77969,19347,54710,0
32585,53,2,1,0,0,-1,0,-1,0,6474,20900,21496,8215,11244,9763,1881,2366,2037,2541,0,3964,0
46391,40,1,1,1,0,0,0,0,-1,35082,17264,17053,33290,7493,7669,9543,5550,7960,10708,878,2636,0
21492,39,2,2,-1,0,-1,0,0,5,9809,9717,8934,13976,12657,8539,3272,4793,2574,0,4998,5117,0
205009,58,1,2,2,-1,-1,0,-1,0,43190,34273,49514,64973,93340,126164,0,0,1417,2644,4900,71558,1
22748,67,1,1,0,-1,-1,-1,0,-1,3260,5211,15397,7622,9064,13666,435,1154,5141,2826,5325,5499,0
26190,27,1,2,-1,0,-1,-1,-1,-1,19306,13146,5836,15650,8749,9787,4271,4177,619,4686,2401,3115,0
37893,66,2,1,-1,0,0,-1,-1,-1,12173,14586,20081,17146,9145,12563,1225,1614,4901,3755,1581,0,0
48182,65,2,1,0,-1,-1,0,-1,2,14760,10789,2057,33224,28011,29248,6468,5169,238,0,5681,15052,0
116236,26,1,1,-1,0,0,-1,0,-1,77708,60941,17165,63060,39352,33781,15089,8318,7255,15479,5632,0,0
19987,26,3,2,-1,6,-1,-1,-1,0,1775,13422,14113,8909,6465,3930,308,0,1126,0,309,99,1
236083,58,1,1,0,-1,0,-1,0,1,25309,123416,108751,50019,114579,150549,13696,0,30727,26806,0,0,0
28709,66,2,1,0,-1,0,-1,0,-1,4143,11502,11339,10026,6304,12947,1057,0,3579,1959,1609,7290,0
30626,42,1,2,0,-1,3,0,0,0,18120,7876,0,9896,10681,13061,6608,0,0,2347,6416,8026,0
14190,55,3,2,0,-1,-1,0,3,-1,3437,5701,11512,1991,5107,8950,324,2447,649,719,706,2438,1
36951,74,1,1,-1,-1,0,0,-1,-1,8810,5344,6461,15345,17351,11336,4441,2695,1114,5099,0,1362,0
19248,38,2,2,0,0,3,-1,-1,-1,9606,8070,1535,1869,10861,7109,2535,1262,170,494,7582,1242,0
89386,33,2,1,-1,0,0,-1,-1,-1,37394,30931,46123,16165,22785,9271,5178,6516,6532,10235,1747,2240,0
22011,74,2,2,0,0,0,-1,-1,-1,2901,19143,7362,7679,6761,9481,240,0,2714,0,0,2850,0
44078,36,2,1,-1,-1,-1,0,-1,-1,6327,24609,16441,16927,9939,23082,721,0,3728,2339,1946,13218,0
30116,46,1,2,-1,0,0,3,-1,0,27342,13283,11535,7440,7218,13514,473,3162,8090,0,1045,1294,0
19157,44,2,2,-1,-1,-1,-1,0,0,4232,365,8310,7420,9236,3564,599,170,1427,4475,3904,0,0
83162,49,3,1,5,0,-1,-1,0,0,15264,56375,15106,21432,65074,62047,5256,22551,1464,1847,33373,9662,0
123691,35,3,1,-1,3,5,2,5,0,99455,103413,54647,45874,4105,29929,39492,49478,5993,6743,2853,9076,1
135293,57,2,1,0,0,-1,0,0,0,17948,59026,33191,16062,96821,10618,4442,34244,9111,0,0,1388,0
15107,58,2,2,0,-1,-1,-1,-1,-1,6696,12583,9632,903,2447,8263,0,3905,3139,98,36,3906,0
16880,31,2,2,-1,0,0,-1,-1,0,5211,1369,7994,6732,4080,7877,1589,516,1101,3520,1230,1521,0
238638,46,2,2,0,0,0,-1,0,0,30196,134635,107664,48859,66352,125508,8705,42007,23509,8903,78,24443,0
27997,24,3,2,5,0,-1,-1,-1,-1,7779,4842,12220,2867,11298,9688,2032,2400,1556,1787,3981,798,1
11424,32,3,2,6,-1,-1,-1,0,0,3050,5881,6624,5378,8468,3303,1125,0,1553,247,0,0,1
116516,74,2,2,-1,-1,0,-1,-1,-1,84296,12445,22117,29824,50551,95119,38473,2750,2490,19456,22079,41430,0
51735,48,2,2,0,-1,0,-1,0,0,16556,23385,12922,23117,34267,23436,844,0,7201,14702,6221,358,0
77311,54,2,1,-1,-1,0,6,-1,5,35829,41074,21635,47491,52361,7465,11146,15265,10928,0,20748,1492,0
11454,68,1,2,-1,-1,0,-1,0,0,7997,8443,8366,8378,5524,11121,2746,3956,2855,2589,2464,0,0
26431,59,3,1,0,0,2,0,-1,1,14443,7833,16417,2730,1502,11418,5226,1881,11097,1243,0,2461,0
104719,63,2,1,0,-1,-1,3,6,0,59914,21937,46636,43499,94425,40920,4474,5616,28053,23196,0,16032,0
41117,59,1,1,0,-1,-1,3,1,-1,23521,24627,13252,27118,10314,35978,1801,8968,8061,0,4548,0,0
131662,47,2,1,0,0,-1,-1,-1,0,71489,30455,19940,53526,51681,27327,22819,9454,7114,6595,5104,2519,0
23934,55,1,2,0,0,-1,0,0,-1,2522,9076,13865,6547,13551,8349,457,4793,1612,1099,1071,2242,0
62718,36,1,1,-1,0,0,-1,0,-1,27650,46392,36997,24333,13338,11722,12777,7240,19565,0,741,6885,0
182761,69,2,1,-1,-1,0,-1,-1,2,150038,51424,95141,134388,59028,99475,33234,1561,76055,0,6929,15768,0
19522,30,2,2,0,0,0,3,0,0,10328,4891,3183,5222,2366,6387,534,3227,0,1298,0,992,1
60911,68,2,2,0,0,0,-1,0,0,37159,11948,37977,7177,19236,39825,1537,2672,5352,246,14782,18596,0
109595,68,1,1,0,-1,0,0,-1,5,51864,48578,39305,75237,29130,57587,8363,0,0,44532,9823,18826,0
52739,28,2,1,0,0,-1,-1,0,0,1840,27648,2339,17136,0,46979,192,4733,418,3548,0,14067,0
56186,59,1,1,0,-1,-1,0,-1,0,27887,5802,23183,11288,12739,23092,4283,0,5823,1687,0,5967,0
17022,74,3,2,0,0,3,5,0,0,1902,8969,4309,4237,465,8023,538,3446,1324,642,63,3455,0
80314,51,1,1,-1,-1,-1,-1,-1,0,27515,12764,53670,9543,20245,32043,5635,2962,9307,0,7806,5880,0
31609,39,3,2,-1,-1,-1,0,0,-1,6726,22113,19018,20548,18242,17841,2072,0,5793,7041,3137,6315,0
21751,68,1,1,0,-1,0,-1,-1,-1,12407,7023,9489,6585,6843,936,2842,0,1603,1327,0,0,0
165437,48,1,2,1,6,0,-1,0,2,65896,40688,5885,27869,64562,87245,5223,16312,1339,5997,20052,0,1
23669,27,2,1,-1,0,0,-1,-1,-1,4219,12159,15485,16295,8073,16379,2505,1956,1862,2960,1364,4383,0
15863,34,2,2,6,0,-1,0,-1,-1,1786,2414,6630,10989,1515,5311,733,443,271,4206,310,1671,1
21306,57,3,1,1,-1,4,0,0,0,13648,6948,9407,10573,9992,1998,5123,2778,2735,8459,2897,0,1
24000,45,2,1,-1,0,0,0,0,0,12411,1061,10549,7231,12681,21704,0,0,2365,0,0,1204,0
39871,32,2,3,-1,0,-1,0,-1,0,14691,29709,21021,24528,23890,34502,4988,7187,2992,12840,11943,21896,0
25400,64,1,2,-1,0,-1,0,-1,0,18865,3242,11278,15567,13176,11207,0,1096,117,3357,2168,2582,0
70149,27,2,1,0,-1,-1,-1,0,-1,20417,10905,39635,22183,42322,15946,8318,1197,15136,0,4754,5920,0
147981,32,2,2,-1,0,0,-1,-1,0,88024,46907,47585,58767,8934,26778,6865,5911,32972,4961,2646,8797,0
37347,46,3,1,3,1,4,1,6,0,15528,11239,2806,23945,3014,14062,6944,1332,0,4256,792,3948,1
15437,23,2,2,4,0,0,0,0,-1,5506,10366,4956,11891,5385,6294,2998,1574,0,1347,1907,1430,1
23609,41,2,1,0,0,0,0,0,-1,5373,5858,17848,14243,6099,4228,895,389,5807,3381,1275,1902,0
40959,70,3,1,0,0,5,2,-1,3,24089,12956,20722,25556,7955,23267,14193,1877,3959,3264,4975,4208,0
14227,71,1,1,1,-1,-1,-1,0,-1,584,7438,8319,2168,9049,2339,93,2500,195,1049,923,1590,0
18283,68,2,1,-1,-1,0,-1,0,-1,3311,8800,5341,3016,13689,1260,1179,1361,382,712,2777,965,0
10000,38,3,2,0,5,-1,0,0,-1,5528,4509,2683,6092,3831,2385,1373,0,997,1883,1875,107,1
53763,24,2,1,0,0,-1,0,0,-1,35376,3125,31615,14188,25259,7941,6209,932,17294,1656,813,1198,0
276438,65,2,1,-1,-1,-1,2,-1,-1,122358,133159,85209,174066,32456,139338,91181,46177,15001,52499,11255,29003,0
12513,41,3,2,0,0,0,-1,-1,-1,6442,12297,2455,11165,2983,3183,0,743,352,4120,0,149,0
131865,61,1,1,-1,-1,0,4,0,-1,31037,78432,56214,72550,72378,25886,699,0,25242,0,25057,12249,0
21855,27,3,1,-1,2,2,3,4,6,10737,8973,4193,7651,7501,9204,3189,1028,1010,1460,0,4280,1
17049,57,2,2,0,-1,0,1,-1,-1,10618,2701,7954,3904,11759,2289,0,308,2130,100,4705,1581,0
171322,52,2,1,0,-1,0,0,0,5,54764,103353,43695,105049,67301,67165,22788,50105,4311,12234,11121,5160,0
386291,70,1,2,0,-1,0,-1,-1,0,140067,13999,180178,214570,177164,32448,25569,2003,24697,0,0,4279,0
68151,26,2,2,-1,0,-1,0,0,0,13591,50499,54518,27605,30641,53053,2473,10317,8446,1421,0,17327,0
91718,43,1,1,0,-1,0,0,0,-1,18653,55161,15098,49798,72603,43092,5752,2380,3590,19729,8889,0,0
72134,74,1,2,0,-1,-1,-1,0,-1,33097,38880,23835,8546,44705,47229,5234,14552,0,3421,12601,22639,0
43538,42,2,1,-1,-1,0,-1,0,4,18970,6353,34007,18247,37064,27511,4300,967,4355,7200,10006,15891,0
90087,56,1,2,0,0,-1,0,5,-1,20084,57164,979,34539,18128,20591,6170,20464,0,7728,520,7953,0
84195,29,2,2,-1,-1,2,1,0,0,11917,19740,45707,35378,41621,51610,7799,8801,14491,7994,7850,8398,0
259664,60,1,2,-1,-1,0,0,-1,0,121650,80195,138758,116029,85845,134439,83456,760,19681,21198,0,2474,0
45174,35,1,2,-1,-1,0,-1,-1,-1,14336,6113,35034,16606,13401,25857,6191,3203,1343,0,0,2577,0
75991,51,1,2,0,-1,0,0,-1,1,21466,18271,9436,42850,18535,21177,3741,3549,2932,19305,112,10002,0
45671,68,2,1,0,0,0,0,0,-1,10557,11633,20058,6038,31963,4342,1573,4684,14163,912,0,2803,0
155705,56,1,2,0,0,-1,-1,0,0,45067,87234,78630,64381,62280,77749,8015,10095,32457,14945,0,38549,0
468146,46,1,1,-1,-1,0,-1,-1,0,334533,147753,187757,235506,115606,14234,1777,15539,17609,0,0,0,0
114330,31,2,2,0,0,0,0,0,0,33121,20739,27548,82478,13715,21460,10594,1338,436,8520,6898,3207,0
92836,39,2,2,0,-1,-1,0,-1,0,8485,3852,47406,11200,6989,19974,1039,212,5223,2375,2088,4792,0
101346,66,2,1,0,-1,-1,5,-1,0,12127,23546,30066,72724,71465,55344,1925,6868,11035,3788,33818,6842,0
189171,32,1,1,0,-1,0,0,0,-1,96103,22954,92930,91806,54705,38201,28258,6146,0,15591,11173,11087,0
236779,56,3,2,-1,0,-1,0,0,-1,117647,114267,100793,42272,91998,158726,0,0,0,9398,2909,79030,0
12729,47,2,2,0,0,0,2,-1,0,0,9364,7560,5650,2951,886,0,2428,2637,510,486,341,0
79195,38,2,2,0,-1,6,-1,0,6,40304,34313,8461,31445,13594,48811,7749,6188,340,0,5954,2205,0
10000,59,1,1,-1,1,-1,-1,1,-1,2114,1625,7682,4674,7585,4978,307,536,1794,850,3818,2500,0
146907,40,1,2,0,-1,0,6,0,6,75563,86746,68359,94218,29683,102670,0,14342,11638,0,0,36313,0
76178,36,2,1,-1,0,3,-1,-1,0,10721,11925,16679,48735,40903,24172,904,5633,3751,18413,3983,3324,1
44311,49,1,2,0,0,-1,0,-1,-1,20420,11526,20233,19762,19701,27539,10625,6521,4473,0,0,18920,0
10000,61,2,1,-1,0,-1,2,6,0,5818,0,6721,1468,4674,185,113,0,0,334,533,62,0
67843,67,1,2,0,0,-1,6,3,0,4299,45376,27149,11887,23060,38933,3045,12020,7224,5232,881,14954,0
82022,55,1,2,-1,-1,-1,0,0,0,39906,31183,8090,20977,39644,50577,20728,0,2431,3113,7940,6897,0
65250,56,1,1,0,-1,0,-1,-1,0,26002,40410,30582,7868,35924,16394,3349,9020,0,1529,5570,2506,0
41744,63,1,2,-1,-1,6,-1,-1,-1,34675,15340,2997,24436,7244,31316,10726,0,1506,12356,3340,12260,0
23922,35,2,1,-1,-1,0,0,0,0,10657,8539,8644,10055,2509,4128,1489,3162,3076,3913,1169,644,0
65844,34,1,1,-1,-1,-1,0,0,-1,41390,16396,46687,29186,12018,35348,12864,6081,0,4943,3839,4172,0
25809,47,2,1,5,0,0,0,1,0,9659,8814,13255,6875,20890,0,2125,1469,0,972,5180,0,1
131125,55,1,1,0,-1,0,-1,0,-1,20344,54648,28505,13824,15993,64689,9389,13774,0,1407,6567,0,0
46029,55,2,1,-1,0,0,-1,-1,-1,11862,36442,27541,19969,16776,9210,2438,2078,5810,0,2177,0,0
10000,29,3,2,-1,0,0,4,0,-1,8294,5035,3758,2849,2982,285,5229,2863,958,321,0,29,0
39524,63,3,2,0,-1,6,5,-1,0,20894,1196,14420,20286,7713,13461,2775,308,7603,2768,1610,1288,0
68278,40,2,2,0,6,0,-1,-1,-1,36823,19039,37300,41262,30725,14099,7026,1103,0,2870,19851,6656,0
178865,68,2,3,6,1,5,-1,0,0,96678,37912,35731,61651,92868,105251,33820,5860,9597,3417,43371,54715,1
103002,60,2,2,-1,2,0,-1,0,-1,34934,19522,32749,13018,40289,30321,4906,1840,4725,2897,31388,10515,1
16720,74,3,1,1,0,-1,5,0,2,13973,10923,7984,2254,13921,12381,1782,576,1606,933,1962,7073,1
153378,55,2,2,-1,0,0,0,0,0,82464,47374,90130,69069,53148,15206,0,20375,38687,10203,13052,7449,0
22643,49,1,2,-1,-1,-1,0,0,0,7920,17508,16182,11414,7058,4001,5294,0,1863,4292,0,611,0
50137,31,2,1,-1,-1,-1,0,0,0,3619,8313,29626,24730,12958,19835,908,732,14889,0,965,1592,0
125458,42,1,1,0,-1,3,0,-1,-1,114201,75692,57581,70474,87141,56723,33577,16717,11738,8971,72757,10767,0
157464,67,2,2,-1,-1,5,5,-1,-1,43187,85065,42608,66332,74111,117298,0,7982,14701,5364,8359,43977,0
311013,41,1,2,0,0,0,0,-1,-1,52525,194500,109333,241604,85038,221002,12188,38866,1838,48267,18002,42410,0
190279,23,1,2,-1,0,-1,-1,0,-1,94189,47881,52930,92800,73993,78211,25631,10811,13577,22731,0,16298,0
43945,34,2,2,0,0,6,1,1,6,10812,5089,25751,29665,40148,3465,5229,1357,691,0,9356,2694,0
77943,53,2,1,-1,-1,0,0,0,0,57033,30005,31447,42893,44387,11940,29762,1903,7184,7548,12334,566,0
58660,54,2,2,0,-1,-1,0,4,6,37468,28764,10547,4901,27800,9923,0,2474,644,1993,15073,2574,1
19453,74,3,2,1,4,3,0,5,2,11647,6585,5033,9908,13160,5867,3396,345,0,1849,0,3177,1
31282,71,3,1,-1,-1,-1,0,0,4,12659,7297,14459,20236,21664,7051,4952,1162,3532,10904,9010,0,0
206541,49,2,1,-1,0,-1,0,0,0,145435,51242,57908,91166,66228,93928,68188,16469,22262,0,0,63206,0
57541,50,4,1,4,6,-1,0,-1,4,23475,29099,20557,14887,27359,14036,2884,13583,0,383,5092,5520,1
254611,64,2,2,-1,0,-1,-1,0,-1,32118,61300,139724,60280,36110,73605,0,0,0,9164,15276,0,0
28867,23,1,2,-1,-1,0,0,0,-1,2902,20180,10588,13653,9338,19138,1166,7458,2667,6734,4311,4252,0
25287,53,3,2,0,-1,0,-1,0,0,9301,13844,9782,2112,6000,7007,2176,3317,4662,0,625,182,1
68337,46,2,1,-1,5,2,0,0,4,31674,19298,31287,24164,48094,42715,0,4938,8475,4329,25547,3145,1
62144,63,3,2,6,-1,-1,3,6,3,11436,33274,38193,9423,8568,15645,269,2835,0,4750,4281,9313,1
62507,64,1,1,-1,-1,0,-1,-1,-1,27087,13634,3228,43381,27336,25858,3866,0,843,18791,0,9542,0
130205,56,1,2,-1,1,-1,0,-1,0,23698,89180,33237,78726,22597,84358,15180,0,0,38849,3297,12400,0
129422,56,1,2,0,0,0,-1,0,6,29177,64427,65154,42113,98530,28003,2844,3623,38388,444,34689,4127,0
16149,58,2,2,-1,0,-1,-1,0,0,7682,3344,3080,2861,0,13939,661,464,0,0,0,1713,0
62697,52,3,1,0,0,0,-1,0,-1,35559,19522,13609,30353,10039,37599,3193,9130,4597,14644,5818,2812,0
115683,33,2,1,-1,0,0,0,0,0,74252,15310,22892,25106,31616,44244,35546,11353,10296,54,0,19619,0
86976,36,1,1,-1,-1,0,0,0,0,57630,45910,18588,9403,27440,49311,28310,2567,1144,373,0,4163,0
11248,61,2,2,0,0,0,0,0,0,6962,5491,4340,0,426,5723,3062,1790,71,0,154,2079,0
54995,54,1,1,0,1,-1,-1,0,-1,25980,36696,22146,20159,15631,20871,0,24085,0,13838,228,6281,0
69588,33,2,2,0,0,0,0,-1,0,6481,24159,34623,60899,16736,55547,1782,8906,14633,17368,0,30467,0
24524,68,2,1,-1,0,1,-1,-1,0,16199,10442,10580,9765,0,19313,6428,0,0,0,0,5438,0
143074,73,1,2,0,0,-1,-1,-1,0,59492,29803,48889,43045,102810,100944,13691,4153,13404,23290,7727,6042,0
87875,54,2,1,0,-1,-1,-1,3,0,32046,42322,45725,33521,24869,14931,15508,3213,2933,4171,2360,1876,0
54589,33,2,1,-1,-1,6,0,0,2,35925,24264,10527,7826,27663,30775,0,3816,2227,3162,11739,0,1
69593,71,1,2,-1,0,0,3,3,-1,20587,37994,37024,9989,26368,9250,0,4148,9208,0,745,757,0
57199,33,2,1,0,0,0,-1,-1,-1,31858,16146,3495,32372,25637,10831,14090,5346,683,7505,9680,3132,0
48861,44,2,1,-1,0,-1,6,-1,0,13542,15924,19629,23201,15374,31582,0,2443,7447,0,4489,3786,0
17528,67,2,2,4,3,0,5,0,-1,1546,7823,7292,4237,4289,3821,243,5768,714,1286,306,83,1
48649,49,1,1,-1,-1,0,6,2,0,11832,37849,33215,3892,17449,9636,732,7910,0,0,0,1710,0
72725,34,1,2,-1,-1,-1,5,0,-1,19651,27026,11779,18395,26295,20090,0,10633,2843,3249,596,5963,0
152494,25,2,2,-1,-1,0,0,-1,5,91225,19084,38481,27240,42914,50526,11737,3673,10593,17724,23359,12927,1
119384,40,1,1,-1,-1,0,0,0,-1,29857,30480,25352,50558,23793,55191,12258,0,2998,23140,2589,2632,0
159190,57,2,1,-1,-1,4,0,0,0,56416,46175,81776,107453,69895,111347,0,7630,10214,0,29457,61402,0
15931,59,2,1,-1,0,0,0,0,-1,4220,7684,7433,9546,12066,9453,0,0,981,493,3010,2297,0
36866,33,2,1,0,-1,-1,-1,0,0,9063,5918,20769,29550,17970,8832,0,81,1206,8977,436,4378,0
257580,29,2,1,6,-1,0,0,-1,0,58316,160855,115620,22826,141500,46879,17511,7995,24392,0,43442,24013,1
27054,58,2,2,0,-1,-1,0,5,4,19270,12853,4568,14688,16671,2090,5675,2326,1863,1508,1646,806,0
37276,29,1,1,-1,0,-1,4,0,4,7618,15707,2627,22685,8318,19723,3205,814,456,0,1579,11195,0
55219,24,1,2,6,-1,0,0,0,0,25199,21384,23882,8980,18536,16889,4851,5271,8428,140,0,832,1
246345,47,2,2,0,0,-1,-1,0,-1,31605,101347,50116,62740,87092,103517,18063,25370,7040,25089,34356,4981,0
28646,51,2,1,0,-1,-1,0,0,0,5517,9583,14119,7325,13179,23078,663,3865,4234,1816,2899,924,0
76572,34,2,2,0,-1,-1,-1,0,-1,27091,19527,36138,65379,41401,25892,4436,5389,15253,24283,13776,2564,0
67079,32,2,1,0,0,0,-1,0,-1,21564,47635,7571,15961,13196,6585,0,9671,2933,0,4818,0,0
10479,33,2,1,-1,-1,6,-1,-1,0,246,0,740,4397,3612,2486,5,0,49,3170,530,0,0
67773,39,1,3,-1,0,0,-1,-1,0,22456,13640,44553,11506,56340,54973,13621,0,18517,2065,4297,42824,0
44096,21,1,2,-1,-1,0,-1,-1,6,14290,30064,22571,31353,11901,13071,7030,418,3274,5131,2389,4227,0
59024,21,3,1,-1,0,-1,0,4,-1,29370,45775,26650,28314,10539,38879,5607,10779,11226,18765,5634,13014,1
275881,41,1,2,0,-1,0,0,-1,0,244532,119572,203496,50653,82603,63079,128277,54846,0,0,16552,20726,0
26047,22,3,2,-1,3,4,5,3,4,7035,9175,9818,4844,11194,7504,927,991,0,35,1262,1955,0
52093,38,1,2,0,0,0,0,0,-1,24978,21479,25981,15463,24997,35381,10124,0,12816,1304,12036,339,0
367420,52,2,2,0,0,0,0,-1,-1,127448,48762,243845,229058,96969,184881,20088,20414,76987,147356,8460,0,0
38841,22,1,2,0,-1,0,-1,0,-1,7286,16274,28351,21941,14620,24745,1164,0,12696,6904,1864,5207,0
16740,54,2,2,0,0,-1,0,0,0,6642,3879,4963,8938,3105,8181,1719,907,1312,1914,1056,915,0
206597,54,1,2,-1,-1,0,0,-1,-1,78681,82161,116964,81005,197423,98294,0,30500,34764,16963,35329,55120,0
47074,51,2,2,-1,0,-1,0,0,-1,24192,18643,15315,16327,23781,26867,2564,0,0,1311,0,14742,0
43044,54,3,2,0,0,2,3,0,-1,13399,22874,14840,17543,22200,14056,8366,14095,5518,0,3519,6144,0
292203,64,2,1,-1,-1,3,-1,-1,0,88067,180513,114356,155002,68677,134172,20418,65608,45601,39318,15696,12737,0
22338,24,1,1,0,0,0,0,0,0,12840,3043,479,7103,5689,8768,7535,0,36,5674,83,2958,0
41924,30,2,1,-1,0,-1,3,-1,0,19544,18017,38629,19893,21569,5484,2576,0,16785,6203,803,194,0
18232,38,2,1,0,4,0,-1,0,0,10981,11843,9876,0,16345,3545,1018,6416,3592,0,0,0,0
89735,58,1,1,-1,-1,0,0,-1,0,28170,36826,20326,34671,48084,30451,6320,9644,2795,1111,8329,13107,0
31495,68,2,2,0,0,-1,0,0,2,12304,2055,9359,21316,13777,9606,0,0,1474,0,4516,0,0
19180,70,2,2,0,-1,0,-1,-1,-1,12497,2406,2315,6270,14374,3072,3987,353,1039,76,3084,842,0
88064,52,2,1,-1,2,-1,0,-1,1,32371,71340,60698,744,17034,22720,5008,24827,11930,295,3547,14812,0
49427,43,2,1,0,-1,-1,-1,-1,0,5481,18332,23645,20765,18892,36375,2568,5347,10288,5576,3874,15653,0
18010,43,2,2,0,-1,0,1,2,-1,6588,9273,5912,11434,6361,6366,1323,2318,1421,450,2644,1716,0
18914,24,2,1,-1,0,-1,0,0,0,2411,6096,14328,4240,6270,7999,107,1781,3375,892,882,2347,0
81041,46,1,2,0,-1,-1,-1,-1,0,33811,19055,19306,52247,14893,51244,7745,4230,0,12217,1754,12433,0
12879,48,2,2,0,-1,-1,0,0,-1,2204,12879,5005,1823,5676,1641,412,2216,0,625,777,74,0
58805,32,2,2,-1,-1,0,-1,-1,0,6745,17543,28631,39712,33478,25957,2846,0,0,16488,3149,919,0
200409,62,1,1,-1,0,-1,0,0,-1,99903,88982,148325,17937,52085,86628,65792,44456,14416,0,0,0,0
117022,64,1,1,0,0,0,0,-1,0,13337,73534,84785,39969,105030,16293,2057,6001,25127,10208,0,4065,0
20840,37,3,2,5,1,5,-1,0,-1,7449,7397,9205,5417,12922,2393,870,0,335,2276,5938,0,1
85472,70,1,1,-1,-1,0,0,-1,0,29389,46290,13322,51314,32738,26087,7385,6847,4861,20616,11875,992,0
25215,26,1,1,-1,-1,0,-1,0,0,7516,5510,1136,13102,10016,13941,4428,2407,363,3956,1134,5057,0
76534,70,1,1,0,-1,0,0,-1,0,29619,11634,17859,67561,43699,34643,5469,1856,4357,24437,13413,9042,0
52838,62,1,2,-1,-1,0,-1,-1,-1,17174,22295,26226,10987,36216,16754,3728,4011,15139,1115,0,4319,0
14940,33,3,2,-1,0,-1,-1,0,0,4042,6913,7301,11256,5717,2897,1857,1270,2266,0,1401,424,0
80738,56,2,2,-1,0,-1,0,0,0,13993,37902,47188,3965,40435,41006,2937,7815,7880,0,15970,0,0
10077,37,2,2,-1,-1,0,0,-1,-1,5307,3189,1552,0,1279,6030,0,778,0,0,325,0,0
18983,64,2,1,0,-1,-1,-1,0,0,0,3231,10028,9539,8507,7330,0,152,1083,0,2946,0,0
20900,29,2,2,0,0,0,0,-1,-1,13614,6405,14262,2168,12360,6795,6928,0,0,372,0,43,0
32733,34,2,2,0,6,-1,-1,-1,0,10006,5496,10145,17411,5988,15531,866,1163,3588,562,3657,546,0
97031,37,3,1,-1,0,0,1,-1,-1,35020,16413,40285,8349,50252,24543,13193,0,9895,1383,0,11333,0
89626,31,2,2,-1,6,-1,0,5,4,69980,24757,36204,38289,20063,57135,54983,4071,10967,0,7261,0,0
53329,38,2,1,0,-1,0,-1,-1,-1,20559,42262,15883,43643,14787,18869,5360,13566,3438,9864,209,0,0
51355,53,2,2,0,-1,-1,-1,0,-1,15189,19251,17917,12134,11047,8405,6206,13401,6664,6880,836,4752,0
33993,55,3,1,-1,-1,0,0,0,0,25142,9122,15727,11055,19539,18043,1541,0,639,3188,7668,1130,0
205650,50,1,1,0,0,0,-1,0,0,139083,92504,83710,132135,38149,7264,4963,0,16278,48376,15688,2136,0
11469,31,2,2,-1,-1,0,0,0,-1,0,1553,5226,1070,3997,468,0,89,755,407,1592,40,0
90875,31,2,2,-1,6,-1,0,0,0,57779,19274,35039,51378,30922,71417,14175,0,13958,12963,0,15938,0
32644,70,2,1,0,-1,2,4,0,-1,15105,11424,14745,15654,28291,19684,0,0,1073,0,4297,3366,0
51313,34,3,2,-1,-1,0,2,0,0,13677,45145,22225,12350,29619,14041,490,0,5555,0,145,5194,0
73586,26,2,2,-1,0,0,0,0,-1,8320,52665,53171,34648,19284,5298,2509,16150,14798,4442,5021,785,0
123385,45,1,1,0,-1,2,0,0,0,33220,30302,56664,49559,15168,104295,10760,0,21916,27706,5892,0,0
174018,21,2,2,-1,-1,-1,0,-1,0,38257,79988,106162,51077,39579,21601,6437,30582,10267,28159,19917,0,0
11458,39,3,2,0,0,0,0,-1,0,9169,5329,6687,2162,9011,7721,1398,2103,604,164,1748,2153,0
109574,67,2,2,-1,-1,0,-1,0,-1,51701,16611,40244,56246,35529,78347,5414,1435,9084,0,0,45222,0
32605,35,3,3,4,5,1,6,2,-1,16557,14401,21584,19605,3778,15043,0,7139,9562,1288,1320,0,1
23733,59,3,2,-1,-1,3,3,0,-1,7914,22392,10444,7610,14968,5792,3431,7653,1162,2414,2666,865,0
174614,47,3,2,0,0,0,5,2,5,4199,79560,114707,133726,40057,55147,2102,0,12952,25218,2073,4029,0
120330,40,1,2,3,0,-1,0,-1,0,66722,7568,59412,49362,83665,58486,27735,0,37412,10778,19899,27862,1
35109,56,2,1,0,0,-1,-1,-1,-1,9351,7458,30914,18029,21471,12632,3021,1813,1988,0,2823,1682,0
73804,53,3,1,1,0,-1,1,0,3,39268,48691,14532,33464,63007,41005,12290,0,4771,6224,9746,18924,1
33073,38,3,2,-1,0,0,-1,0,6,26319,8526,12860,2274,1593,22785,7789,3348,4988,378,0,0,1
48541,33,1,2,0,-1,-1,0,-1,2,32574,26942,13114,18009,16950,35223,17724,1297,3495,5096,4966,7596,0
42260,70,1,1,-1,0,0,0,0,0,7853,13078,6802,16549,17455,20841,2460,1708,577,4635,5008,8362,0
87563,30,1,1,-1,0,-1,-1,0,0,25315,24714,23136,8371,50658,60693,587,106,0,509,7712,5109,0
29998,72,2,1,-1,0,0,0,0,0,13293,14332,12051,8579,4977,25925,4064,3657,1482,456,2796,5171,0
38857,46,3,1,0,0,0,-1,-1,0,3189,2857,0,8219,12937,12967,328,0,0,1067,1421,2247,0
99669,74,2,1,-1,0,5,-1,0,0,10487,34615,60167,15993,48303,54847,2690,12406,14916,1007,14603,2950,0
74972,40,1,2,0,0,-1,0,0,0,35200,25227,24705,25095,16910,51055,12030,7540,2281,3425,2736,19325,0
333591,51,1,1,0,0,-1,6,5,-1,135811,79546,218148,202087,134097,125294,6062,55861,0,55400,66710,50003,0
34679,54,3,2,-1,-1,0,0,6,0,19046,4900,7174,9478,3271,12553,8122,2368,1031,2008,409,3421,0
